gl,account,code,count,source,conflicts
,*6805-1400 - Light Fixtures / Fans (Parts Only),rm,2,"Bryce - (Arlington, TX) - District on Collins",
,*6805-1410 - Cabinet Box Repairs/Repaint,rm,2,"Bryce - (Arlington, TX) - District on Collins",
,*6805-1450 - Cabinet Front Repairs/Repaint,rm,2,"Bryce - (Arlington, TX) - District on Collins",
,*6805-1750 - Minor Tub Repairs,rm,2,"Bryce - (Arlington, TX) - District on Collins",
,A/C Repairs,rm,2,"David - (McAllen, TX) - 3616 Harvey St",
,A4100106  Vacancy Loss,v,2,"Chris - (Alvin, TX) - Oak Park Village",
,AbIntbnance 5 Repairs,rm,2,"Danny - (Dallas, TX) - Magnolia on Gaston",
,AC - Amenity,oi,2,"Guillermo - (Allen, TX) - 301 Greenville",
,Accelerated Rent,oi,2,"Danny - (Manor, TX) - Flats at Shadowglen",
,Access Gate And Entry System Repairs,cs,2,"Dylan - (Fort Worth, TX) - The Stella",
,Access Gate Contract,cs,6,"Yonnic - (San Antonio, TX) - Seraphina Castle Hills",
,Access Gate Expense,rm,4,"Yonnic - (San Antonio, TX) - Seraphina Castle Hills",
,Access Gate Remote Income,oi,2,"Yonnic - (San Antonio, TX) - Seraphina Castle Hills",
,Access Gate Repairs,rm,2,"Bryce - (Springtown, TX) - North Park Townhomes",
,Accounting,ad,17,"Chris - (Dallas, TX) - HYA Live Oak Apartments",
,Accounting-AF Bill Pay,ad,2,"Guillermo - (Lubbock, TX) - Cottage Point",
,Accounting Expense,ad,9,"Yonnic - (Monroe, LA) - Seasons & Woodale",
,Accounting Expenses,ad,9,"David - (Odessa, TX) - East 12th Townhomes",
,Accounting Fees,mf,10,"Guillermo - (Lubbock, TX) - Cottage Point","recoded from 'ad' (standardized to majority ({'ad': 19, 'mf': 20}))"
,Accounting Income,oi,1,"paul - (Dallas, TX) - Estrella at Kiest",
,Accounting-Payroll,pr,2,"Chase - (Corsicana, TX) - Oak Lawn",
,Accounting-Payroll Services,pr,2,"Chase - (Corsicana, TX) - Oak Lawn",
,Accounting/Billing,ad,2,David - (Carrollton) - Marbella Villas at Indian Creek,
,Accounting/Bookkeeping,ad,2,"David - (Kingsville, TX) - SG Apartments",
,Ad Valorem Prop Taxes - Prior Year,tx,4,"Yonnic - (San Antonio, TX) - Seraphina Castle Hills",
,Ad Valorem Property Taxes,tx,18,"Yonnic - (San Antonio, TX) - Seraphina Castle Hills",
,Ad Valorem Tax,tx,2,"Guillermo - (Killeen, TX) - Battalion Heights",
,Add'l Repair,rm,3,"Bryce - (Denton, TX) - The Cluster Apartments",
,Additional Occupant Fee,oi,2,"Bryce - (San Antonio, TX) - Stone Chase",
,Additional Parking Pass,oi,2,"Guillermo - (Allen, TX) - 301 Greenville",
,Adjust Accrual To Cash,oi,2,"Will - (Overland Park, KS) - 87th Street Apartments",
,Adjustment Income,oi,4,"Greg - (Dallas, TX) - The Carolina",
,Admin,oi,2,"Chase - (Corsicana, TX) - Oak Lawn",
,Admin and Office,ad,2,"David - (Universal City, TX) - Falcon Apartments",
,Admin Appreciation Day,ad,2,"Will - (Kansas City, MO) - Province of Briarcliff",
,Admin Exp Reimb,ad,2,"Dylan - (Lubbock, TX) - Crest at Cooper",
,Admin Fee,oi,13,"Chris - (Dallas, TX) - HYA Live Oak Apartments",
,Admin Fee Expense,ad,2,"paul - (Dallas, TX) - Estrella at Kiest",
,Admin Fee Income,oi,2,"Jon - (DeSoto, TX) - Canyon Oaks",
,Admin Fee Non-Refundable,oi,4,"Angel - (Granbury, TX) - The Woods",
,Admin Fees,oi,9,"Yonnic - (Bryan, TX) - Retreat at 2818",
,Admin Fees Collected,oi,2,"David - (Greenville, TX) - Kingridge",
,Admin Other,ad,2,"Jon - (Lewisville, TX) - Vistas on the Park",
,Admin/Clerical Acf Fee,ad,4,"Dylan - (Denton, TX) - 1105 & 1109 Sleepy Hollow",
,Administration,ad,4,"Guillermo - (Garland, TX) - Bay Island",
,Administration Expense,ad,2,"Paul - (Lubbock, TX) - Dimora Village",
,Administration Fee,oi,14,"Will - (Overland Park, KS) - 87th Street Apartments",
,Administration Fee for MI,oi,4,"Emilio - (Dallas, TX) - Bella Vista Pointe",
,Administration Fee Income,oi,2,"Dylan - (Lubbock, TX) - Crest at Cooper",
,Administration Fees,oi,8,"Bryce - (Cleburne, TX) - Colonial",
,Administration Fees (Move In),oi,2,"David - (Kingsville, TX) - SG Apartments",
,Administrative / Accounting Fees,ad,2,"Paul - (Killeen, TX) - Dorel Killeen",
,Administrative Bonus,pr,2,"Will - (Kansas City, MO) - Province of Briarcliff",
,Administrative Charges (Move Out),oi,2,"David - (Kingsville, TX) - SG Apartments",
,ADMINISTRATIVE EXPENSE,ad,2,"David - (Midland, TX) - Ranchland Apartments",
,Administrative Expenses,ad,10,"Jackson - (Dallas, TX) - 4414 Worth St",
,Administrative Fee,oi,10,"Danny - (Manor, TX) - Flats at Shadowglen",1xrw
,Administrative Fee Income,oi,4,"Bryce - (Haltom City, TX) -  Loraine Place",
,Administrative Fee - Utilities,oi,5,"Yonnic - (Monroe, LA) - Seasons & Woodale",1xro
,Administrative Fees,oi,24,"Emilio - (Houston, TX) - Las Palmas",
,Administrative Income,oi,2,"Danny - (Dallas, TX) - The Link",
,Administrative Rent Allowance,nr,2,"Danny - (Manor, TX) - Flats at Shadowglen",
,Administrative/Forms,ad,4,"Greg - (Arlington, TX) - Stadium West",
,Admln and Of f Ice,ad,2,"David - (Universal City, TX) - Falcon Apartments",
,Advertising,m,77,"Trey - (Dallas, TX) - Ascent at Midtown",2xad
,Advertising and Promotion,m,3,"Yonnic - (Hallsville, TX) - Townhomes at Cider Point","recoded from 'ad' (standardized to majority ({'ad': 3, 'm': 4, 'pr': 2}))"
,Advertising and Promotions,m,1,"paul - (Dallas, TX) - Estrella at Kiest",
,Advertising - Electronic,m,4,"Guillermo - (Houston, TX) - Pines at Woodcreek",
,Advertising - Employee Recruiting,m,1,"Chris - (Webster, TX) - The Townhomes on Three",
,Advertising - Flyers/Brochures,m,1,"Chris - (Webster, TX) - The Townhomes on Three",
,Advertising - Internet,m,11,"Will - (Overland Park, KS) - 87th Street Apartments",
,Advertising - Locator Fee,m,1,"Chris - (Webster, TX) - The Townhomes on Three",
,Advertising & Marketing,m,18,"Trey - (Duncanville, TX) - Sunset Villa",
,Advertising-Online,m,4,"Greg - (Dallas, TX) - The Carolina",
,Advertising Other,m,6,"Danny - (Houston, TX) - Ivy at the Galleria",
,Advertising - Print,m,2,"Guillermo - (Dallas, TX) - Pearl at Midtown",
,Advertising & Promotion,m,8,"Jackson - (Pilot Knob, MO) - Countryside Apartments",
,Advertising - Property,m,2,"Guillermo - (Temple, TX) - Greenbrier Park Apartments",
,Advertising - Resident Referral,m,1,"Chris - (Webster, TX) - The Townhomes on Three",
,Advertising Signs/Banners,m,3,"Yonnic - (Monroe, LA) - Seasons & Woodale",
,Advertising/Promotional,m,2,"Jon - (Copperas Cove, TX) - The Bricks",
,After School Program Teacher,pr,4,"Emilio - (Dallas, TX) - Bella Vista Pointe",
,Agent Commissions,ad,2,"Jon - (Dallas, TX) - 615 N Marsalis Ave",
,Air Con/Htg Repairs/Supplies,rm,4,"Will - (Overland Park, KS) - 87th Street Apartments",
,Air Duct Cleaning,rm,2,"Dylan - (Fort Worth, TX) - The Stella",
,Alarm Monitor,cs,4,"Dylan - (Fort Worth, TX) - The Stella",
,Alarm Service,ad,4,"Guillermo - (Houston, TX) - Pines at Woodcreek",
,Alarm Service Fee & Repair,rm,2,"Guillermo - (Yukon, OK) - Yukon Heights",
,Alarm System,cs,6,"Jon - (Lewisville, TX) - Vistas on the Park",
,Alarms,rm,2,"Danny - (Weatherford, TX) - Lone Oak",
,Alarms & Monitoring,cs,2,"Danny - (Manor, TX) - Flats at Shadowglen",
,All Utility Reimbursement,rw,2,"Guillermo - (Lubbock, TX) - Cottage Point",
,ALLOWANCE FOR DOUBTFUL A,nr,2,"Paul - (Garland, TX) - Vista Isle",
,Allowances-Net Write Offs,bd,2,"Chris - (San Antonio, TX) - Sunset Heights",
,Allowances-Vacancies,v,2,"Chris - (San Antonio, TX) - Sunset Heights",
,Amenities Income,oi,2,"Danny - (Manor, TX) - Flats at Shadowglen",
,Amenity Fee,oi,8,"Danny - (Manor, TX) - Flats at Shadowglen",
,Amenity Fees,oi,2,"Bryce - (Cleburne, TX) - Colonial",
,Amenity Upkeep - Pet Park,rm,2,"Danny - (Oklahoma City, OK) - The Brickson",
,Amenity/Facility Fee Income,ro,2,"Dylan - (Lubbock, TX) - Crest at Cooper",
,American Pest Control Services,o,2,"Greg - (Mansfield, TX) - Mansfield Gardens",
,Ancillary Benefit Package,pr,5,"Yonnic - (Monroe, LA) - Seasons & Woodale",
,Ancillary Income,oi,4,"Danny - (Stillwater, OK) - Milestone Stillwater",
,Animal Fee,oi,5,"Yonnic - (Monroe, LA) - Seasons & Woodale",
,Animal Rent,oi,5,"Yonnic - (Monroe, LA) - Seasons & Woodale",
,Animal/Pest Control Supplies,rm,4,"Yonnic - (San Antonio, TX) - Seraphina Castle Hills",
,Annual fire and security inspection test,ad,2,"Greg - (Mansfield, TX) - Mansfield Gardens",
,Annual Inspection - Fire,i,2,"Yonnic - (Shreveport, LA) - Castlewood",
,Answering / On-Hold Service,ad,4,"Yonnic - (San Antonio, TX) - Seraphina Castle Hills",
,Answering Service,ad,42,"Danny - (Manor, TX) - Flats at Shadowglen",2xcs; 1xrm
,Answering Service/Call Center,ad,4,"Guillermo - (Houston, TX) - Pines at Woodcreek",
,Answering Service/Pager,ad,2,"Dylan - (Lubbock, TX) - Crest at Cooper",
,Answering Services,ad,2,"Danny - (Oklahoma City, OK) - The Brickson",
,Answering/Voicemail Service,ad,2,"Yonnic - (Dallas, TX) - Legacy Lofts",
,Apartment Association Dues,ad,2,"Bryce - (Cleburne, TX) - Colonial",
,Apartment Cleaning,rm,10,"Jon - (Tulsa, OK) - Boulder Ridge",
,Apartment Guides / Magazines,m,2,"Dylan - (Houston, TX) - Park at Vittoria",
,Apartment List,m,2,"Will - (Kansas City, MO) - Province of Briarcliff",
,Apartment List - Pay Per Lease,m,2,"Danny - (Oklahoma City, OK) - The Brickson",
,Apartment Preparation,rm,2,"Chris - (San Antonio, TX) - Sunset Heights",
,Apartment Rent,r,2,"Dylan - (Fort Worth, TX) - Bonnie Royal",
,Apartment Turnover,ad,2,"Guillermo - (Garland, TX) - Bay Island",
,Apartments.Com,m,6,"Bryce - (Cleburne, TX) - Colonial",
,App/Admin Fees Concession,nr,2,"Bryce - (Haltom City, TX) -  Loraine Place",recoded from 'oi' (concession-named -> nr)
,Apparel/Uniforms,ad,2,"Guillermo - (Yukon, OK) - Yukon Heights",
,Appfolio Charges,ad,2,"Emilio - (San Antonio, TX) - Contessa Townhomes",
,Appfolio Deposits,r,4,"Danny - (Killeen, TX) - 605 N Gray",
,Appfolio Fee,ad,2,"Chris - (Dallas, TX) - HYA Live Oak Apartments",
,Appfolio Fees,ad,2,"Paul - (Lubbock, TX) - Dimora Village",
,Appfolio Insurance Services,oi,2,"David - (Temple, TX) - Asbury Park",
,Appfolio License,ad,4,"Chase - (Corsicana, TX) - Oak Lawn",
,AppFolio Premium Leads Usage,m,2,"Guillermo - (Lubbock, TX) - Cottage Point",
,Appfolio Renter Ins Income,oi,2,"Paul - (Lubbock, TX) - Dimora Village",
,Appfolio Software Fee (Per Unit Fee),ad,4,"Guillermo - (Lubbock, TX) - Cottage Point",
,Appfolio Utility Management Fees,mf,4,"Guillermo - (Lubbock, TX) - Cottage Point",recoded from 'ad' (house rule: management fees always mf)
,Appliance,rm,11,"- (Abilene, TX) - The Quarters",
,Appliance Fee,oi,2,"Greg - (Fort Worth, TX) - 1605 5th Ave",
,Appliance  Maintenance,rm,10,"Bryce - (Haltom City, TX) -  Loraine Place",
,Appliance Parts,rm,9,"Will - (Kansas City, MO) - Province of Briarcliff",1xad
,Appliance Parts / Repair,rm,2,"Danny - (Dallas, TX) - The Link",
,Appliance Parts And Service,rm,4,"Dylan - (Fort Worth, TX) - The Stella",
,Appliance Parts & Repairs,rm,4,"Guillermo - (Houston, TX) - Pines at Woodcreek",
,Appliance Parts & Supplies,rm,4,"Jon - (Richardson, TX) - Winding Way",
,Appliance Parts (Vacant),rm,2,"Bryce - (Haltom City, TX) -  Loraine Place",
,Appliance Parts/Repair,rm,2,"Jackson - (Pilot Knob, MO) - Countryside Apartments",
,Appliance R&M,rm,4,"David - (Odessa, TX) - East 12th Townhomes",
,Appliance Repair,rm,16,"David - (Temple, TX) - Asbury Park",
,Appliance Repair & Maint.,rm,2,"Guillermo - (Temple, TX) - Greenbrier Park Apartments",
,Appliance Repair Service,rm,2,"Yonnic - (Fort Worth, TX) - Polo Club",
,Appliance Repairs,rm,29,"Yonnic - (San Antonio, TX) - Seraphina Castle Hills",
,Appliance Repairs And Supplies,rm,2,"Guillermo - (Baton Rouge, LA) - Terraces at Perkins Rowe",
,Appliance Repairs & Maintenance,rm,2,"Guillermo - (Yukon, OK) - Yukon Heights",
,Appliance Repairs & Parts,rm,2,"Danny - (Oklahoma City, OK) - The Brickson",
,"Appliance Repairs, Parts and Supplies",rm,2,"Will - (Copperas Cove, TX) - Las Cortes",
,Appliance Repairs/Supplies,rm,8,"Will - (Overland Park, KS) - 87th Street Apartments",
,Appliance Replace,rm,2,"Yonnic - (Fort Worth, TX) - Polo Club",
,Appliance Replacement,rm,3,"David - (Commerce, TX) - Mayo Townhomes",
,Appliance Supplies,rm,10,"Danny - (Manor, TX) - Flats at Shadowglen",
,Appliance Supplies & Repairs,rm,6,"Greg - (Arlington, TX) - Stadium West",
,Appliance Supply,rm,2,"Yonnic - (Fort Worth, TX) - Polo Club",
,Appliances,rm,24,"Chris - (Dallas, TX) - HYA Live Oak Apartments",
,Appliances (Fridge),rm,6,"(Weslaco, TX) - 2604 S Bridge Ave",
,APPLIANCES R/M,rm,2,"Paul - (Garland, TX) - Vista Isle",
,Appliances Rent,rm,2,"David - (McAllen, TX) - 3616 Harvey St",
,Appliances - Repairs,rm,5,"Yonnic - (Monroe, LA) - Seasons & Woodale",1xad
,Appliances (Stove),rm,6,"(Weslaco, TX) - 2604 S Bridge Ave",
,Appliances Turnover,rm,2,"Chris - (Dallas, TX) - HYA Live Oak Apartments",
,Appliances/Equipment,rm,2,"Danny - (Manor, TX) - Flats at Shadowglen",
,Applicant Screening,ad,8,"Guillermo - (Houston, TX) - Pines at Woodcreek",1xm
,Applicant Screening Charges,ad,2,"Guillermo - (Garland, TX) - Meadow Creek",
,Application Fee,oi,37,"Trey - (Duncanville, TX) - Sunset Villa",
,Application Fee Collected,oi,2,"David - (Corsicana, TX) - Skylane Ave SFR",
,Application Fee Expense,ad,2,"Will - (Copperas Cove, TX) - Las Cortes",
,Application Fee for MI,oi,4,"Emilio - (Dallas, TX) - Bella Vista Pointe",
,Application Fee Income,oi,63,"Chris - (Dallas, TX) - HYA Live Oak Apartments",
,Application Fee Revenue,oi,2,"Will - (Copperas Cove, TX) - Las Cortes",
,Application Fees,oi,79,"Emilio - (Houston, TX) - Las Palmas",1xro
,Application Fees Collected,oi,2,"David - (Greenville, TX) - Kingridge",
,Application Process,oi,5,"Yonnic - (Monroe, LA) - Seasons & Woodale",
,Application Processing Exp,m,2,"Dylan - (Houston, TX) - Park at Vittoria",
,Appraisal and Inspection Fees,ad,2,"Yonnic - (Dallas, TX) - Legacy Lofts",
,Apt Allowance-Manager,nr,2,"Guillermo - (Yukon, OK) - Yukon Heights",
,Apt. Assoc. Dues Fees,mf,2,"Will - (Kansas City, MO) - Province of Briarcliff",
,Asphalt / Parking Repairs,rm,2,"Danny - (Dallas, TX) - The Link",
,Assistant Maintenance,pr,7,"Dylan - (Houston, TX) - Park at Vittoria",
,Assistant Maintenance - Salaries,pr,6,"Yonnic - (San Antonio, TX) - Seraphina Castle Hills",
,Assistant Management - Salaries,pr,4,"Yonnic - (San Antonio, TX) - Seraphina Castle Hills",
,Assistant Manager,pr,16,"Danny - (Manor, TX) - Flats at Shadowglen",
,Assistant Manager Ot,pr,2,"Guillermo - (Yukon, OK) - Yukon Heights",
,Assistant Manager Payroll,pr,8,"Jon - (Lewisville, TX) - Vistas on the Park",
,Assistant Manager Salaries,pr,4,"David - (Waco, TX) - Cove on 21st",
,Assistant Manger Bonus,pr,2,"Guillermo - (Yukon, OK) - Yukon Heights",
,Assistant Property Manager,pr,4,"Dylan - (Fort Worth, TX) - The Stella",
,"Assoc., Edu, PE",ad,2,"David - (Kingsville, TX) - SG Apartments",
,Assoc. Fees / Membership Dues,ad,6,"Yonnic - (San Antonio, TX) - Seraphina Castle Hills",
,Association Dues,ad,5,"Yonnic - (Monroe, LA) - Seasons & Woodale",1xoi
,Association Fee Income,oi,1,"Chris - (Webster, TX) - The Townhomes on Three",
,Association Fee/Administration Fee,ad,2,"Guillermo - (Hurst, TX) - Point on Calloway",
,Association Fees,ad,5,"Yonnic - (Bryan, TX) - Retreat at 2818",
,Association/Membership Dues,ad,3,"Yonnic - (Monroe, LA) - Seasons & Woodale",
,At&T Wifi Income,ro,2,"Paul - (Dallas, TX) - Hampton Road Duplexes",
,Atc - Equipment Rental/Lease Expense,rm,4,"Greg - (Dallas, TX) - The Carolina",
,Atc - Flooring,rm,4,"Greg - (Dallas, TX) - The Carolina",
,Atc - Leasing Fees Expense,ad,4,"Greg - (Dallas, TX) - The Carolina",
,Atc - Leasing Fees - Renewal Expense,ad,4,"Greg - (Dallas, TX) - The Carolina",
,Atc Make Ready,rm,4,"Greg - (Dallas, TX) - The Carolina",
,Atc Make Ready Cleaning,rm,4,"Greg - (Dallas, TX) - The Carolina",
,Atc Make Ready Labor,rm,4,"Greg - (Dallas, TX) - The Carolina",
,Atc Make Ready Turn-Key,rm,4,"Greg - (Dallas, TX) - The Carolina",
,Attorney Fees,oi,2,"Will - (Kansas City, MO) - Province of Briarcliff",
,Attorney/ Court Fees,oi,2,"Guillermo - (Allen, TX) - 301 Greenville",
,Attorney/Court Fees,oi,2,"David - (Kingsville, TX) - SG Apartments",
,Auto,ad,2,"Guillermo - (Houston, TX) - La Terraza Apartments",
,Auto / Travel,ad,5,"Dylan - (Charles, LA) - The Oaks Apartments",
,Auto and Travel,ad,4,"Emilio - (Van Alstyne, TX) - 441 & 451 W Van Alystne",
,Auto And Travel Expense,ad,2,"Will - (Overland Park, KS) - 87th Street Apartments",
,Auto Expense,ad,2,"Guillermo - (Temple, TX) - Greenbrier Park Apartments",
,Automobile Expense,ad,2,"Guillermo - (Temple, TX) - Greenbrier Park Apartments",
,Automobile/Mileage Reimbursement,ad,8,"Jon - (Oklahoma City, OK) - Lakewood Estates",
,Avenue G Estates,i,2,"Angel - (Garland, TX) - Avenue G Estates",
,Back Ground Checks,ad,2,"Emilio - (Wylie, TX) - Village East",
,Back Rent Collected,oi,2,"David - (Greenville, TX) - Kingridge",
,Backflow Inspections,rm,2,"Paul - (Killeen, TX) - Dorel Killeen",
,Bad Debt / Write-Off Uncollectable Rent,bd,6,"Bryce - (Haltom City, TX) -  Loraine Place",
,Bad Debt - Allowance,bd,2,"Bryce - (San Antonio, TX) - Stone Chase",
,Bad Debt Collected,bd,6,"Danny - (Manor, TX) - Flats at Shadowglen",
,Bad Debt Collections,bd,4,"Trey - (Garland, TX) - Hills of Palos Verde",
,Bad Debt Expense,bd,6,"Guillermo - (Yukon, OK) - Yukon Heights",1xad
,Bad Debt Income,oi,6,- Orleans,
,Bad Debt Loss,bd,4,"Greg - (Arlington, TX) - Stadium West",
,Bad Debt Offset,bd,2,"Yonnic - (Shreveport, LA) - Castlewood",
,Bad Debt - Other Income,bd,4,"Paul - (Killeen, TX) - Dorel Killeen",1xoi
,Bad Debt Recovery,bd,33,"Yonnic - (Bryan, TX) - Retreat at 2818",2xoi
,Bad Debt Recovery Fee,bd,2,"David - (Kingsville, TX) - SG Apartments",
,Bad Debt Recovery - Rent,bd,6,"Yonnic - (San Antonio, TX) - Seraphina Castle Hills",
,Bad Debt Recovery/ Collection,bd,2,"Paul - (Haltom City, TX) - Woods of Haltom City",
,Bad Debt - Rent,bd,6,"Yonnic - (San Antonio, TX) - Seraphina Castle Hills",
,Bad Debt Write-Off,bd,12,"Danny - (Manor, TX) - Flats at Shadowglen",
,Bad Debt Write-Off - Other,bd,2,"Bryce - (Arlington, TX) - Timberlake Villas",
,Bad Debt Write-Off - Rent,bd,2,"Will - (Kansas City, MO) - Province of Briarcliff",
,Bad Debt Writeoffs,bd,2,"Will - (Overland Park, KS) - 87th Street Apartments",
,Bad Debt/Write Off,bd,2,"Jon - (Lewisville, TX) - Vistas on the Park",
,Bad Debt/Write-Off Uncollectable,bd,4,"Emilio - (Dallas, TX) - Bella Vista Pointe",
,Bank Charge / Fees,ad,10,"Emilio - (Houston, TX) - Las Palmas",
,Bank Charge/Fees ACH Express,ad,2,"Guillermo - (Allen, TX) - 301 Greenville",
,Bank Charges,ad,49,"Yonnic - (San Antonio, TX) - Seraphina Castle Hills",
,Bank Charges Expense,ad,4,"Emilio - (Dallas, TX) - Bella Vista Pointe",
,Bank Charges & Fees,ad,2,"David - (Kingsville, TX) - SG Apartments",
,Bank Charges - Nsf Fees,ad,4,"Will - (Overland Park, KS) - 87th Street Apartments",
,Bank Fee,ad,2,"Guillermo - (Houston, TX) - La Terraza Apartments",
,Bank Fees,ad,62,"Yonnic - (Monroe, LA) - Seasons & Woodale",
,Bank Fees - NSF & Other,ad,2,"Emilio - (Sherman, TX) - Concord Village",
,Bank Fees/ Service Charges,ad,2,"Danny - (Manor, TX) - Flats at Shadowglen",
,Bank Service Charges,ad,8,"Trey - (Cedar Hills, TX) - 312 Hickerson St",
,Bank/NSF Fees,ad,2,"Guillermo - (Lubbock, TX) - Cottage Point",
,Banking Fees,ad,4,"Greg - (Dallas, TX) - The Carolina",
,Banking Fees/Charges,ad,2,"Danny - (Manor, TX) - Flats at Shadowglen",
,Banners,m,6,"Emilio - (Houston, TX) - Las Palmas",
,"Banners, Balloons & Flags",m,2,"Danny - (Oklahoma City, OK) - The Brickson",
,Bath Tub / Shower Surround,rm,2,"Guillermo - (Lubbock, TX) - Cottage Point",
,Bath/Kitchen Fixtures,rm,2,"Trey - (Garland, TX) - Hills of Palos Verde",
,Bathroom & Misc. Supplies,rm,4,"Guillermo - (Houston, TX) - Pines at Woodcreek",
,Batteries,rm,2,"Bryce - (Arlington, TX) - Timberlake Villas",
,Beginning Balance,oi,2,"Emilio - (Houston, TX) - Las Palmas",
,Benefits,pr,2,"Paul - (Lubbock, TX) - Dimora Village",
,Bill Pay Fee,ad,2,"Jon - (Lewisville, TX) - Vistas on the Park",
,Billback-Utilities Flat,ro,4,"Bryce - (Cleburne, TX) - Colonial",
,Billed Property Maintenance Labor,rm,2,"3- (Houston, TX) - 2801 Carrolton Apartments",
,Billing Fees & Tax Credit Expenses,o,2,"Greg - (Arlington, TX) - Stadium West",
,Bldg Carpentry,rm,1,"Danny - (Temple, TX) - The District at 21 Fourteen",
,Bldg Hardware,rm,1,"Danny - (Temple, TX) - The District at 21 Fourteen",
,Bldg Maint and Repair,rm,3,"Dylan - (Charles, LA) - The Oaks Apartments",
,Bldg Repairs & Supplies,rm,2,"Danny - (Dallas, TX) - The Link",
,5111Blinds,rm,13,"Yonnic - (San Antonio, TX) - The Kelly Apartments",
,Blinds / Drapes Repair,rm,2,"Bryce - (San Antonio, TX) - Stone Chase",
,Blinds & Other Window Coverings,rm,2,"Danny - (Oklahoma City, OK) - The Brickson",
,Blinds Turnover,rm,2,"Dylan - (Fort Worth, TX) - The Stella",
,6654-0000Blinds/Drapes,rm,2,"Paul - (Killeen, TX) - The Forum",
,Blinds/Repairs,rm,2,"Trey - (Garland, TX) - Hills of Palos Verde",
,Blue Moon Forms (TAA),ad,2,"David - (Kingsville, TX) - SG Apartments",
,Blue Moon Software,ad,2,"Danny - (Oklahoma City, OK) - The Brickson",
,Bluemoon,ad,2,"Guillermo - (Lubbock, TX) - Cottage Point",
,Boiler / Hot Water Repairs,rm,4,"Greg - (Dallas, TX) - The Carolina",
,Boiler Repair,rm,4,"Danny - (Dallas, TX) - The Link",
,Boiler Room Gas Fee,ro,2,"Guillermo - (Temple, TX) - Greenbrier Park Apartments",
,Boiler & Water Heater Repairs,rm,2,"Guillermo - (Temple, TX) - Greenbrier Park Apartments",
,Boilers & Water Heaters,rm,2,"Guillermo - (Temple, TX) - Greenbrier Park Apartments",
,Bonus,pr,6,"Chris - (Dallas, TX) - HYA Live Oak Apartments",
,Bonus - Maintenance,pr,2,"Yonnic - (Dallas, TX) - Legacy Lofts",
,Bonus & Vacations Expense,pr,2,"Dylan - (Houston, TX) - Residences at Med",
,Bonuses,pr,38,"Emilio - (Houston, TX) - Las Palmas",
,Bonuses (MI),pr,2,"Yonnic - (Fort Worth, TX) - Polo Club",
,Bonuses - Office Staff,pr,2,"Dylan - (Houston, TX) - Park at Vittoria",
,Bonuses & Wages,pr,2,"Guillermo - (Allen, TX) - 301 Greenville",
,Bookkeeping/Tax prep,ad,2,"Danny - (Amarillo, TX) - Westhaven Duplexes",
,Break Lease Fee,oi,4,"Will - (Overland Park, KS) - 87th Street Apartments",
,Breeze Software,ad,2,"Guillermo - (Temple, TX) - Greenbrier Park Apartments",
,Brochures,m,14,"Emilio - (Houston, TX) - Las Palmas",
,Brochures & Related Materials,m,2,"Greg - (Amarillo, TX) - Cross Timbers at Grand Street",
,Brochures/ Media/ Digital Design,m,2,"Trey - (Garland, TX) - Hills of Palos Verde",
,Brochures/Banners/Bandits/Flyers/Flags,m,2,"Guillermo - (Houston, TX) - Pines at Woodcreek",
,Broken Lease/Violation,oi,6,- Orleans,
,Budgeted Fees & Additional Income,oi,2,"Danny - (Oklahoma City, OK) - The Brickson",
,Building,rm,7,"- (Abilene, TX) - Brookhollow Garden",
,Building And Facilities,cs,4,"Guillermo - (Houston, TX) - Pines at Woodcreek",
,Building And Facilities Fee,oi,4,"Guillermo - (Houston, TX) - Pines at Woodcreek",
,Building Cleaning - Outside,rm,2,"Emilio - (San Antonio, TX) - Contessa Townhomes",
,Building - Exterior,rm,10,"Yonnic - (San Antonio, TX) - Seraphina Castle Hills",
,Building & Facilities Fee,oi,2,"Paul - (Haltom City, TX) - Woods of Haltom City",
,Building fee,ro,2,"Dylan - (Houston, TX) - Residences at Med",
,Building Insurance,i,10,"Jon - (Tulsa, OK) - Boulder Ridge",
,Building - Interior,rm,2,"Paul - (Killeen, TX) - Dorel Killeen",
,Building Maintenance,rm,4,"Bryce - (Haltom City, TX) -  Loraine Place",
,Building Materials,rm,2,"David - (San Antonio, TX) - Robins Nest",
,Building Protection Fee,oi,2,"David - (Kingsville, TX) - SG Apartments",
,Building Repair,rm,8,"- (Abilene, TX) - The Quarters",
,Building Repairs,rm,2,"David - (San Antonio, TX) - Robins Nest",
,Building Supplies,rm,2,"Jackson - (Pilot Knob, MO) - Countryside Apartments",
,Buildium,ad,2,"Guillermo - (Houston, TX) - La Terraza Apartments",
,Bulk Fees,oi,2,"Emilio - (Houston, TX) - Walnut Creek",
,Bulk Trash,tr,2,"Chris - (Dallas, TX) - HYA Live Oak Apartments",
,Bulk Trash Out,rm,6,"Emilio - (Dallas, TX) - Tribeca & 2106 Bennett",1xtr
,Business And Leasing Automation,ad,6,"Yonnic - (San Antonio, TX) - Seraphina Castle Hills",
,Business Cards,rm,5,"Jon - (Lewisville, TX) - Vistas on the Park",2xm
,Business Expenses,ad,2,"Guillermo - (Temple, TX) - Greenbrier Park Apartments",
,Business License & Permits,ad,2,"Trey - (McKinney, TX) - 301 E Lamar St",
,Business Licenses & Permits,ad,4,"Bryce - (Cleburne, TX) - Colonial",
,Business Meals - L&C,ad,2,"Yonnic - (Shreveport, LA) - Castlewood",
,Business Phones / Internet,ad,2,"Paul - (Denton, TX) - Maple Tree Townhomes",
,Business Promotion,ad,2,"David - (Temple, TX) - Asbury Park",
,Buy Out Fee/ Reletting,oi,2,"Jon - (Waco, TX) - Creole Apartments",
,Buyout Fee,oi,5,"Yonnic - (Monroe, LA) - Seasons & Woodale",1xbd
,CA State Tax,tx,2,"Jackson - (Dallas, TX) - 4414 Worth St",
,Cabinet & Closet Repairs,rm,2,"Danny - (Manor, TX) - Flats at Shadowglen",
,Cabinet Repair / Supplies,rm,2,"Dylan - (Fort Worth, TX) - Bonnie Royal",
,Cabinet Repair/Replacement,rm,2,"Guillermo - (Yukon, OK) - Yukon Heights",
,Cabinet Repairs,rm,2,"Guillermo - (Temple, TX) - Greenbrier Park Apartments",
,Cabinets,rm,2,"Paul - (Katy, TX) - Everson",
,Cabinets And Counters,rm,2,"Danny - (Oklahoma City, OK) - The Brickson",
,Cabinets & Countertops,rm,2,"Guillermo - (Lubbock, TX) - Cottage Point",
,Cable:,o,8,"Danny - (OKC, OK) - The Hudson",2xro
,Cable / Internet/ Telephone,ad,6,- Orleans,recoded from 'o' (house rule: telephone/answering -> ad)
,Cable and Internet Bulk,o,2,"Emilio - (Wylie, TX) - Village East",
,Cable Commission,oi,4,"Guillermo - (Baton Rouge, LA) - Terraces at Perkins Rowe",
,Cable Expense,o,4,"Guillermo - (Houston, TX) - Pines at Woodcreek",
,Cable Income,ro,4,"Guillermo - (Houston, TX) - Pines at Woodcreek",
,Cable-Internet Income,oi,3,"Yonnic - (Bryan, TX) - Retreat at 2818",
,Cable Internet Revenue Share Income,ro,2,"Trey - (Dallas, TX) - Ascent at Midtown",
,Cable Rebill,ro,6,"Yonnic - (San Antonio, TX) - Seraphina Castle Hills",1xoi
,Cable Services,ro,2,"Jackson - (Dallas, TX) - 4414 Worth St",
,Cable TV,o,6,"David - (Waco, TX) - Cove on 21st",
,Cable Tv Contract,o,4,"Paul - (Killeen, TX) - Dorel Killeen",1xcs
,Cable Tv & Internet Amenity Fee,ro,2,"Guillermo - (Garland, TX) - Meadow Creek",
,Cable Tv & Internet Services,o,2,"Guillermo - (Garland, TX) - Meadow Creek",
,Cable/ Internet,o,2,"Jon - (Richardson, TX) - Winding Way",
,Cable/ Internet Income,ro,2,"Jon - (Richardson, TX) - Winding Way",
,Cable/Internet,o,9,"Guillermo - (Lubbock, TX) - Lubbock Square Apartments",
,Cable/Internet Fee,oi,4,"Danny - (Weatherford, TX) - Lone Oak",1xro
,Cable/Internet Income,ro,6,"Bryce - (Haltom City, TX) -  Loraine Place",1xoi
,Cable/Internet Revenue,oi,2,"Emilio - (Wylie, TX) - Village East",
,Cable/Internet/Phone,ad,2,David - (Carrollton) - Marbella Villas at Indian Creek,recoded from 'o' (house rule: telephone/answering -> ad)
,Cable/Satellite Fee,oi,6,- Orleans,
,Cam Fee,ro,4,"Emilio - (Dallas, TX) - Tribeca & 2106 Bennett",1xoi
,CAM - Gas - Public Service Meter,o,2,"Yonnic - (Dallas, TX) - Legacy Lofts",
,CAM Recovery,oi,2,"David - (Waco, TX) - Cove on 21st",
,Cam/ Insurance,i,2,"Angel - (Granbury, TX) - The Woods",recoded from 'rm' (property insurance -> i)
,Cam/ Lighting,rm,2,"David - (Odessa, TX) - East 12th Townhomes",
,Cam/ Maintenance,rm,2,"David - (Odessa, TX) - East 12th Townhomes",
,CAM/ Parking Lot Maintenance,rm,4,"David - (Odessa, TX) - East 12th Townhomes",
,Cam/ Security,rm,2,"David - (Odessa, TX) - East 12th Townhomes",
,Cam/ Signage,rm,2,"David - (Odessa, TX) - East 12th Townhomes",
,Cam/ Trash Removal,tr,2,"Angel - (Granbury, TX) - The Woods",
,Cancellation Fees,oi,2,"David - (Waco, TX) - Cove on 21st",
,Capex Blinds,rm,2,"Jon - (Lewisville, TX) - Vistas on the Park",
,Capex Laundry Room,rm,2,"Jon - (Lewisville, TX) - Vistas on the Park",
,Capex Office/Clubroom,rm,2,"Jon - (Lewisville, TX) - Vistas on the Park",
,Capex Vinyl/Tile,rm,2,"Jon - (Lewisville, TX) - Vistas on the Park",
,Capital Hvac,rm,2,"Jon - (Lewisville, TX) - Vistas on the Park",
,Capital Pool,rm,2,"Jon - (Lewisville, TX) - Vistas on the Park",
,Career Apparel,pr,4,"Guillermo - (Houston, TX) - Pines at Woodcreek",
,Carpentry Supplies,rm,4,"Greg - (Arlington, TX) - Stadium West",
,Carpet,rm,10,"- (Abilene, TX) - The Quarters",
,Carpet / Vinyl,rm,2,"Guillermo - (Temple, TX) - Greenbrier Park Apartments",
,Carpet Cleaners - Occupied,rm,2,"Dylan - (Fort Worth, TX) - Mesa Vista",
,Carpet Cleaners - Vacant,rm,2,"Dylan - (Fort Worth, TX) - Mesa Vista",
,Carpet Cleaning,rm,59,"Danny - (Manor, TX) - Flats at Shadowglen",
,Carpet Cleaning-Occupied,rm,2,"Paul - (Haltom City, TX) - Woods of Haltom City",
,Carpet Cleaning Occupied Apartments,rm,2,"Danny - (Houston, TX) - Ivy at the Galleria",
,Carpet Cleaning & Repair,rm,12,"Emilio - (Houston, TX) - Las Palmas",1xcs
,Carpet Cleaning & Repairs,rm,2,"Guillermo - (Allen, TX) - 301 Greenville",
,Carpet Cleaning Repairs - Occupied,rm,2,"Paul - (Killeen, TX) - Dorel Killeen",
,Carpet Cleaning Service,rm,2,"Yonnic - (Fort Worth, TX) - Polo Club",
,Carpet Cleaning Supplies,rm,2,"Danny - (Dallas, TX) - The Link",
,Carpet Cleaning - Turn Costs,rm,9,"Guillermo - (Lubbock, TX) - Lubbock Square Apartments",1xcs
,Carpet Cleaning - Turnover,cs,2,"Dylan - (Lubbock, TX) - Crest at Cooper",
,Carpet Cleaning Vacant,rm,4,"Dylan - (Fort Worth, TX) - The Stella",
,Carpet Cleaning/Installation/Re,rm,2,"Jon - (Waco, TX) - Creole Apartments",
,Carpet Damages,oi,2,"Dylan - (Lubbock, TX) - Crest at Cooper",
,Carpet Dying & Repairs,rm,4,"Greg - (Arlington, TX) - Stadium West",
,"Carpet, Floor Cleaning & Rep.",rm,6,"Bryce - (Denton, TX) - The Cluster Apartments",
,Carpet & Floor Cleaning & Repair,rm,3,"Bryce - (Denton, TX) - The Cluster Apartments",
,Carpet & Flooring,rm,2,David - (Carrollton) - Marbella Villas at Indian Creek,
,Carpet Material-Clean & Repair,rm,2,"Guillermo - (Yukon, OK) - Yukon Heights",
,Carpet Repair,rm,4,"Danny - (Manor, TX) - Flats at Shadowglen",
,Carpet Repair - Turn Costs,rm,2,"Guillermo - (Baton Rouge, LA) - Terraces at Perkins Rowe",
,Carpet Repairs/Dyeing,rm,2,"Yonnic - (Dallas, TX) - Legacy Lofts",
,Carpet Replace,rm,2,"Yonnic - (Fort Worth, TX) - Polo Club",
,Carpet - Water Extraction,rm,4,"Will - (Overland Park, KS) - 87th Street Apartments",
,Carpet/ Floor R&M,rm,4,"David - (Odessa, TX) - East 12th Townhomes",
,Carpet/Vinyl Repair,rm,4,"Guillermo - (Baton Rouge, LA) - Terraces at Perkins Rowe",
,Carpet/Vinyl Repairs M& Maint,rm,2,"Guillermo - (Temple, TX) - Greenbrier Park Apartments",
,Carpets:,rm,2,"Danny - (OKC, OK) - The Hudson",
,Carport,oi,10,"Danny - (Manor, TX) - Flats at Shadowglen",
,Carport / Reserved Parking Income,oi,2,"Jon - (Richardson, TX) - Winding Way",
,Carport Income,oi,8,"Will - (Kansas City, MO) - Province of Briarcliff",
,Carport Rent,oi,5,"Guillermo - (Lubbock, TX) - Lubbock Square Apartments",
,Carport/Garage Supplies & Repairs,rm,4,"Guillermo - (Houston, TX) - Pines at Woodcreek",
,Carport/Garages/Parking Income,oi,14,"Emilio - (Houston, TX) - Las Palmas",
,Carport/Reserved Parking Income,oi,2,"David - (Kingsville, TX) - SG Apartments",
,Cash Over/Short,ad,1,"Chris - (Webster, TX) - The Townhomes on Three",
,Ceiling Fans,rm,4,"Jon - (Lewisville, TX) - Vistas on the Park",
,Cell Phone,ad,4,"Danny - (Manor, TX) - Flats at Shadowglen",
,Cell Phone Maintenance,ad,2,"Dylan - (Houston, TX) - Park at Vittoria",recoded from 'rm' (house rule: telephone/answering -> ad)
,Cell Phones And Pagers,ad,4,"Dylan - (Fort Worth, TX) - The Stella",
,Cellular Phones / Pagers / Radios,ad,6,"Yonnic - (San Antonio, TX) - Seraphina Castle Hills",
,Centerpoint,o,2,"Guillermo - (Houston, TX) - Houston Westlake Village",
,Central Services Labor,ad,2,"Guillermo - (Garland, TX) - Meadow Creek",
,Centralization,ad,4,"Yonnic - (Fort Worth, TX) - Tides on Westcreek",
,Change In Dq,bd,2,"Guillermo - (Tulsa, OK ) - Waterside Apartments",
,Charge Back To Tenant - Rent Reporting,oi,4,"Greg - (Dallas, TX) - The Carolina",
,Children's Center expenses,ad,4,"Emilio - (Dallas, TX) - Bella Vista Pointe",
,Chiller Contract - A/C,rm,4,"Will - (Overland Park, KS) - 87th Street Apartments",
,City Admin Fee,oi,2,"Chris - (Dallas, TX) - HYA Live Oak Apartments",
,City Fees:City Registration Fee,ad,2,"Greg - (Fort Worth, TX) - 1605 5th Ave",
,City Ordinance Fees,ad,2,"Guillermo - (Houston, TX) - The Sophia",
,City Permits,ad,2,"3- (Houston, TX) - 2801 Carrolton Apartments",
,City Taxes,tx,2,"Guillermo - (Garland, TX) - Meadow Creek",
,Classic Unit Turnover,rm,2,"Chris - (Dallas, TX) - HYA Live Oak Apartments",
,Cleaning,rm,57,"Emilio - (Houston, TX) - Las Palmas",2xcs; 1xoi
,Cleaning / Janitorial,rm,2,"Jon - (Richardson, TX) - Winding Way",
,Cleaning and Janitorial,rm,2,"Will - (Copperas Cove, TX) - Las Cortes",
,Cleaning and Maint,rm,2,"David - (McAllen, TX) - 3616 Harvey St",
,Cleaning and Maint Income,oi,1,"paul - (Dallas, TX) - Estrella at Kiest",
,Cleaning And Maintenance,rm,11,"Trey - (Dallas, TX) - Ascent at Midtown",
,Cleaning And Maintenance -Other,rm,22,"Chase - (Shawnee, OK) - Villa Chateau",
,Cleaning And Trash Removal,rt,8,"Trey - (Duncanville, TX) - Sunset Villa",1xoi
,Cleaning apartment,rm,2,"Guillermo - (Allen, TX) - 301 Greenville",
,Cleaning - Apartments,rm,2,"Guillermo - (Temple, TX) - Greenbrier Park Apartments",
,Cleaning - Carpet Cleaning,rm,2,"Danny - (Oklahoma City, OK) - The Brickson",
,Cleaning Charges,oi,11,"Dylan - (Fort Worth, TX) - Mesa Vista",
,Cleaning Charges/Fees,oi,2,"David - (Kingsville, TX) - SG Apartments",
,Cleaning:Cleaning Services,ad,2,"Greg - (Fort Worth, TX) - 1605 5th Ave",
,Cleaning Contract,rm,8,"Trey - (Garland, TX) - Hills of Palos Verde",
,Cleaning Contractors,rm,2,"Dylan - (Fort Worth, TX) - Mesa Vista",
,Cleaning Fee Income,oi,2,"Chris - (Dallas, TX) - HYA Live Oak Apartments",
,Cleaning Fees,oi,14,"Bryce - (Haltom City, TX) -  Loraine Place",
,Cleaning - Income,oi,13,"David - (Temple, TX) - Asbury Park",
,Cleaning & Maintenance,rm,2,"Jon - (Fairfield, TX) - East Meadows Apartments",
,Cleaning Service,oi,2,"Dylan - (Lubbock, TX) - Crest at Cooper",
,Cleaning Services,rm,4,"Bryce - (Cleburne, TX) - Colonial",
,Cleaning Subcontractors,rm,5,"Yonnic - (Monroe, LA) - Seasons & Woodale",1xad
,Cleaning Supplies,rm,59,"Yonnic - (Monroe, LA) - Seasons & Woodale",2xad; 1xcs
,Cleaning (Vacant),rm,2,"Bryce - (Haltom City, TX) -  Loraine Place",
,Cleaning - Water Extraction,rm,2,"Danny - (Oklahoma City, OK) - The Brickson",
,Cleaning/Hskp-Supp-Turnkey,rm,2,"Dylan - (Houston, TX) - Park at Vittoria",
,Cleaning/Hskp-Supplies,rm,2,"Dylan - (Houston, TX) - Park at Vittoria",
,Cleaning/Janitorial R&M,rm,4,"David - (Odessa, TX) - East 12th Townhomes",
,CLEANING/JANITORIAL R/M,rm,2,"Paul - (Garland, TX) - Vista Isle",
,5121Cleaning/Makeready,rm,3,"Yonnic - (San Antonio, TX) - The Kelly Apartments",
,Cleanup,oi,4,"Will - (Copperas Cove, TX) - Las Cortes",
,Clerical,ad,2,"Jackson - (Pilot Knob, MO) - Countryside Apartments",
,Club Room,rm,2,"Paul - (Killeen, TX) - Dorel Killeen",
,Club Room Rental Fees,oi,2,"Yonnic - (San Antonio, TX) - Seraphina Castle Hills",
,Clubhouse & Amenities,rm,2,"Bryce - (Arlington, TX) - Timberlake Villas",
,Clubhouse & Amenity Repairs,rm,2,"Greg - (Amarillo, TX) - Cross Timbers at Grand Street",
,Clubhouse Fee,oi,2,"Bryce - (Arlington, TX) - Timberlake Villas",
,Clubhouse Maintenance,rm,2,"Yonnic - (Dallas, TX) - Legacy Lofts",
,Code Compliance Fees,ad,2,"Angel - (Garland, TX) - Avenue G Estates",
,COGS - Air Filters,ad,1,"paul - (Dallas, TX) - Estrella at Kiest",
,Collateral Supplies / Marketing,m,2,"Bryce - (Arlington, TX) - Timberlake Villas",
,Collaterals,m,2,"Will - (Kansas City, MO) - Province of Briarcliff",
,Collected Utilities (Rates Vary By Unit And Lease),rw,2,"Greg - (Lubbock, TX) - Westlake Apartments",
,Collection Cost,ad,2,"Guillermo - (Garland, TX) - Meadow Creek",
,Collection & Eviction Processing,ad,22,"Emilio - (Houston, TX) - Las Palmas",
,Collection Fees,oi,2,"Danny - (Manor, TX) - Flats at Shadowglen",
,Collection Income,oi,2,"Will - (Kansas City, MO) - Province of Briarcliff",
,Collection Loss/Gain,ll,3,"David - (Commerce, TX) - Mayo Townhomes",
,Collections Fee,ad,2,"Dylan - (Lubbock, TX) - Crest at Cooper",
,Collections From Prev Resident,oi,2,"Dylan - (Houston, TX) - Park at Vittoria",
,Collections Income,oi,1,"paul - (Dallas, TX) - Estrella at Kiest",
,Comissions,mf,2,"Emilio - (Van Alstyne, TX) - 441 & 451 W Van Alystne",
,Commercial Maintenance,rm,2,"Emilio - (Plano, TX) - Texas Star Townhomes",
,Commission,mf,4,"Trey - (Cedar Hills, TX) - 312 Hickerson St",
,Commission apts,m,2,"Trey - (Dallas, TX) - 5647 Live Oak",
,Commission New Expense,ad,2,"Emilio - (Plano, TX) - Texas Star Townhomes",
,Commissions,pr,21,"Trey - (Duncanville, TX) - Sunset Villa","recoded from 'm' (standardized to majority ({'m': 23, 'pr': 27}))"
,Commissions And Bonuses,pr,4,"Jon - (Oklahoma City, OK) - Parkview Flats",
,Commissions and Fees Exp,ad,2,"Dylan - (Houston, TX) - Residences at Med",
,Commissions (R),pr,2,"Yonnic - (Fort Worth, TX) - Polo Club",
,Commissions/ Placement Fee's,mf,8,"David - (Corsicana, TX) - Skylane Ave SFR",
,Commissions/ Placement Fees,ad,2,"Jackson - (Dallas, TX) - 4414 Worth St",
,Commissions/Placement Fee'S,mf,2,"Guillermo - (Hurst, TX) - Point on Calloway",
,Commissions/Placement Fees,mf,2,"Chase - (Shawnee, OK) - Villa Chateau",
,Common Area Amenities R&M,rm,2,"Danny - (Manor, TX) - Flats at Shadowglen",
,Common Area Assessment,ro,4,"Bryce - (Cleburne, TX) - Colonial",
,Common Area Cleaning,rm,6,"Bryce - (Springtown, TX) - North Park Townhomes",
,Common Area Cleaning Contract,rm,4,"Dylan - (Fort Worth, TX) - The Stella",
,Common Area Cleaning Services,cs,8,"Jon - (Tulsa, OK) - Boulder Ridge",
,Common Area Housekeeping,rm,2,"Danny - (Oklahoma City, OK) - The Brickson",
,Common Area Income,oi,2,"Will - (Kansas City, MO) - Province of Briarcliff",
,Common Area Maintenance,oi,2,"Jackson - (Dallas, TX) - 4414 Worth St",
,Common Area Painting - Materials,rm,2,"Danny - (Manor, TX) - Flats at Shadowglen",
,Common Electric Expense,e,4,"Emilio - (Dallas, TX) - Bella Vista Pointe",
,Communications,ad,2,"Jackson - (Pilot Knob, MO) - Countryside Apartments",
,Community Amenity Fee,oi,2,"Dylan - (Fort Worth, TX) - The Stella",
,Community Amentity Fee,oi,4,"Guillermo - (Baton Rouge, LA) - Terraces at Perkins Rowe",
,Community Director,pr,2,"Dylan - (Houston, TX) - Park at Vittoria",
,Community Events,m,4,"Dylan - (Fort Worth, TX) - The Stella",
,Community Fee,oi,2,"Guillermo - (Houston, TX) - Pines at Woodcreek",
,Community Manager,pr,4,"Will - (Kansas City, MO) - Province of Briarcliff",
,Community Manager Salaries,pr,2,"Danny - (Manor, TX) - Flats at Shadowglen",
,Comp & Liability Insurance,pr,8,"Danny - (Weatherford, TX) - Lone Oak",
,Company Bonus / Gifts,pr,2,"Guillermo - (Lubbock, TX) - Cottage Point",
,Company Paid Ins/Emp Benefits,pr,4,"Guillermo - (Houston, TX) - Pines at Woodcreek",
,Compliance & Safety Signage,rm,2,"Danny - (Oklahoma City, OK) - The Brickson",
,Computer / Software Expense,ad,2,"Danny - (Dallas, TX) - The Link",
,Computer And Internet,ad,2,"Jon - (Oklahoma City, OK) - Lakewood Estates",
,Computer and Internet Expense,ad,4,"Jackson - (Dallas, TX) - 4414 Worth St",
,Computer And Internet Expenses,ad,2,"Guillermo - (Temple, TX) - Greenbrier Park Apartments",
,Computer Expense,ad,10,"Dylan - (Fort Worth, TX) - Mesa Vista",
,Computer Hardware And Repair,ad,4,"Dylan - (Fort Worth, TX) - The Stella",
,"Computer, Internet, Web",ad,2,"David - (Odessa, TX) - East 12th Townhomes",
,Computer - It Services,ad,4,"Bryce - (Cleburne, TX) - Colonial",
,Computer Services & Fees,ad,6,"Danny - (Manor, TX) - Flats at Shadowglen",
,Computer Software,ad,7,"Guillermo - (Houston, TX) - Pines at Woodcreek",
,Computer Software - Core Suite,ad,2,"Guillermo - (Dallas, TX) - Pearl at Midtown",
,Computer & Software Expense,ad,2,"Trey - (Garland, TX) - Hills of Palos Verde",
,Computer Software - Property Management,ad,4,"Bryce - (Cleburne, TX) - Colonial",
,Computer Software/Hardware,ad,2,"Dylan - (Lubbock, TX) - Crest at Cooper",
,Computer Software/Licenses,ad,4,"Emilio - (Dallas, TX) - Bella Vista Pointe",
,Computer Supplies,ad,6,"Greg - (Arlington, TX) - Stadium West",
,"Computer Supplies, Services, & Repairs",ad,2,"Guillermo - (Temple, TX) - Greenbrier Park Apartments",
,Computer Support / Mis,ad,8,"Danny - (Weatherford, TX) - Lone Oak",
,Computer Support & Services-Contractor,ad,4,"Emilio - (Dallas, TX) - Bella Vista Pointe",
,Computer Svc. / Supplies,ad,9,"Guillermo - (Lubbock, TX) - Lubbock Square Apartments",
,Computer/ Software,ad,2,"Emilio - (Plano, TX) - Texas Star Townhomes",
,Computer/Internet Expense,ad,2,"Paul - (Haltom City, TX) - Woods of Haltom City",
,Computers And Office Tech,ad,3,"Yonnic - (Monroe, LA) - Seasons & Woodale",
,Conc - Miscellaneous,nr,14,"Emilio - (Houston, TX) - Las Palmas",
,Conc - Move-In Special,nr,14,"Emilio - (Houston, TX) - Las Palmas",
,Conc - Recurring,nr,8,"Emilio - (Houston, TX) - Las Palmas",
,Conc - Renewals,nr,12,"Emilio - (Houston, TX) - Las Palmas",
,Conc - Rent Conc Reversal,nr,2,"Paul - (Lacy Lakeview, TX) - The Zoe",
,Concession,nr,4,"Bryce - (Haltom City, TX) -  Loraine Place",
,Concession Charge Back,nr,2,"Will - (Kansas City, MO) - Province of Briarcliff",
,Concession Repayment,nr,2,"David - (Kingsville, TX) - SG Apartments",recoded from 'oi' (concession-named -> nr)
,Concession: Resident Referral Credit,nr,2,"Emilio - (Dallas, TX) - 4625 Virginia Ave",recoded from 'oi' (concession-named -> nr)
,Concessions,nr,67,"Danny - (Manor, TX) - Flats at Shadowglen",
,Concessions For Promotions,nr,2,"Dylan - (Fort Worth, TX) - Mesa Vista",
,Concessions One Time,nr,2,"Dylan - (Lubbock, TX) - Crest at Cooper",
,Concessions: Resident Rent Credit,nr,2,"Emilio - (Dallas, TX) - 4625 Virginia Ave",recoded from 'oi' (concession-named -> nr)
,Concierge Service Charges,oi,4,"Guillermo - (Houston, TX) - Pines at Woodcreek",
,Conditional Approval Fee,oi,4,"Emilio - (Dallas, TX) - Tribeca & 2106 Bennett",
,Consultation Fee,ad,2,"Guillermo - (Hurst, TX) - Point on Calloway",
,Consulting / Professional Fees,ad,2,"Paul - (Killeen, TX) - Dorel Killeen",
,Consulting Fees,ad,2,"Guillermo - (Garland, TX) - Meadow Creek",
,Cont Carpet Clean - Turnkey,rm,2,"Dylan - (Houston, TX) - Park at Vittoria",
,Cont Carpet Repairs / Dying,rm,2,"Dylan - (Houston, TX) - Park at Vittoria",
,Cont Clean/Hskp-Off/Modl/Hl,rm,2,"Dylan - (Houston, TX) - Park at Vittoria",
,Cont Clean/Hskp - Turnkey,rm,2,"Dylan - (Houston, TX) - Park at Vittoria",
,Cont Paint/Dec Int-Turnky,rm,2,"Dylan - (Houston, TX) - Park at Vittoria",
,Cont Pnt Matrls-Off/Modl/Hl,rm,2,"Dylan - (Houston, TX) - Park at Vittoria",
,Continuing Education,ad,6,"Jon - (Tulsa, OK) - Boulder Ridge",
,Continuing Education/Certifications,ad,2,"Guillermo - (Lubbock, TX) - Cottage Point",
,Contract - Access Doors & Gates,cs,2,"Bryce - (Springtown, TX) - North Park Townhomes",
,Contract - Administrative,pr,2,"Guillermo - (Baton Rouge, LA) - Terraces at Perkins Rowe",
,Contract - Alarm / Monitoring - Intrusio,cs,2,"Guillermo - (Allen, TX) - 301 Greenville",
,Contract - Alarm/Monitoring - Intrusion,cs,2,"David - (Waco, TX) - Cove on 21st",
,Contract - Alarm/Monitoring - Intrusion/Fire,cs,6,"Emilio - (Houston, TX) - Las Palmas",
,Contract - Cable / Internet - Bulk,o,4,"Bryce - (Haltom City, TX) -  Loraine Place",
,Contract - Cable Tv,o,4,"Bryce - (Cleburne, TX) - Colonial",
,Contract Carpet Cleaning,rm,4,"Guillermo - (Houston, TX) - Pines at Woodcreek","recoded from 'cs' (standardized to majority ({'cs': 4, 'rm': 13}))"
,Contract - Cleaning,rm,19,"Emilio - (Houston, TX) - Las Palmas","recoded from 'cs' (standardized to majority ({'cs': 19, 'rm': 50}))"
,Contract Cleaning - Apartments,rm,2,"Guillermo - (Temple, TX) - Greenbrier Park Apartments",
,Contract Cleaning & Supply,rm,4,"Greg - (Arlington, TX) - Stadium West",
,Contract Cleaning - Turn Cost,rm,9,"Guillermo - (Lubbock, TX) - Lubbock Square Apartments",1xcs
,Contract - Computer Service,cs,2,"Paul - (Dallas, TX) - Pecan Tree",
,Contract - Copier Maintenance,cs,2,"David - (Waco, TX) - Cove on 21st",
,Contract - Fire/Safety,cs,2,"David - (Waco, TX) - Cove on 21st",
,Contract Flooring Repairs,cs,4,"Guillermo - (Houston, TX) - Pines at Woodcreek",
,Contract Gain(Loss) to Lease,ll,16,"Emilio - (Houston, TX) - Las Palmas",
,Contract - Gate/Door Access Systems,cs,6,"Emilio - (Houston, TX) - Las Palmas",
,Contract Gate/Fence/Carport Repairs,cs,2,"Guillermo - (Houston, TX) - Pines at Woodcreek",
,Contract Grounds Pick-up,cs,2,"David - (Kingsville, TX) - SG Apartments",
,Contract Gutter Cleaning,cs,2,"David - (Kingsville, TX) - SG Apartments",
,Contract Housekeeping / Cleaning,cs,2,"David - (Kingsville, TX) - SG Apartments",
,Contract - Hvac Repair,cs,2,"Bryce - (Springtown, TX) - North Park Townhomes",
,Contract HVAC Services,cs,2,"David - (Kingsville, TX) - SG Apartments",
,Contract - Interior Repairs,rm,2,"Dylan - (Houston, TX) - Park at Vittoria",
,Contract - Key Tracking System,cs,2,"David - (Waco, TX) - Cove on 21st",
,Contract Labor,cs,22,"Dylan - (Fort Worth, TX) - Mesa Vista",4xpr; 3xrm
,Contract Labor - Maintenance,pr,14,"Emilio - (Houston, TX) - Las Palmas",1xcs
,6250-0100Contract Labor - Mgmt/Office,pr,2,"Paul - (Killeen, TX) - The Forum",
,Contract Labor-Office,pr,6,"Dylan - (Fort Worth, TX) - Mesa Vista",1xcs
,Contract Labor- Turn Cost,rm,2,"Dylan - (Fort Worth, TX) - The Stella",
,Contract Labor/Supplies,rm,3,"Yonnic - (Bryan, TX) - Retreat at 2818",
,Contract - Landscape,cs,4,"Bryce - (Haltom City, TX) -  Loraine Place",
,Contract - Landscape Maintenance,cs,16,"Emilio - (Houston, TX) - Las Palmas",
,Contract-Landscape/Yard Car,cs,6,"Bryce - (Denton, TX) - The Cluster Apartments",
,Contract-Landscape/Yard Care,cs,6,"Bryce - (Denton, TX) - The Cluster Apartments",
,Contract - Landscaping,cs,6,"Bryce - (Cleburne, TX) - Colonial",
,Contract Lawn Maintenance,cs,2,"David - (Kingsville, TX) - SG Apartments",
,Contract - Liability Waiver,cs,4,"Bryce - (Haltom City, TX) -  Loraine Place",
,Contract Maint,rm,3,"David - (Commerce, TX) - Mayo Townhomes",
,Contract Maintenance,cs,2,"Jon - (Richardson, TX) - Winding Way",
,Contract Maintenance Personnel,pr,2,"Guillermo - (Dallas, TX) - Pearl at Midtown",
,Contract Make-Ready,cs,2,"Guillermo - (Dallas, TX) - Pearl at Midtown",
,Contract Management Personnel,pr,4,"Guillermo - (Houston, TX) - Pines at Woodcreek",
,Contract Manager,pr,2,"Jon - (Richardson, TX) - Winding Way","recoded from 'cs' (standardized to majority ({'cs': 2, 'pr': 3}))"
,Contract Minor Roof Repairs,cs,2,"Guillermo - (Houston, TX) - Pines at Woodcreek",
,Contract - Other Contract Services,cs,2,"Guillermo - (Allen, TX) - 301 Greenville",
,Contract Painting,rm,2,"Guillermo - (Temple, TX) - Greenbrier Park Apartments",
,Contract Painting & Sheetrock Repairs,cs,4,"Guillermo - (Houston, TX) - Pines at Woodcreek",
,Contract Patrol/Shuttle Service,cs,4,"Guillermo - (Houston, TX) - Pines at Woodcreek",
,Contract - Pest Control,cs,40,"Emilio - (Houston, TX) - Las Palmas",
,Contract Plumbing,cs,2,"Jon - (Richardson, TX) - Winding Way",
,Contract - Plumbing Services,cs,4,"Bryce - (Cleburne, TX) - Colonial",
,Contract - Pool,cs,4,"Paul - (Lacy Lakeview, TX) - The Zoe",
,Contract Pool Care,cs,2,"David - (Kingsville, TX) - SG Apartments",
,Contract Pool Services,cs,2,"Guillermo - (Dallas, TX) - Pearl at Midtown",
,Contract Rent,r,8,4. 5027 Live Oak St,
,Contract Resurfacing,cs,4,"Guillermo - (Houston, TX) - Pines at Woodcreek",
,Contract - Security/Patrol/Courtesy Of,cs,2,"David - (Waco, TX) - Cove on 21st",
,Contract - Security/Patrol/Courtesy Officer,cs,4,"Emilio - (Houston, TX) - Las Palmas",
,Contract - Septic Tank Service,cs,4,"Bryce - (Cleburne, TX) - Colonial",
,Contract Service - Cable / Internet,o,2,"Danny - (Oklahoma City, OK) - The Brickson",
,Contract Service - Electrical Repairs,cs,2,"Danny - (Oklahoma City, OK) - The Brickson",
,Contract Service - Flooring Repairs & Parts (Contractor Repair),cs,2,"Danny - (Oklahoma City, OK) - The Brickson",
,Contract Service - Hvac Repairs,cs,2,"Danny - (Oklahoma City, OK) - The Brickson",
,Contract Service - Landscaping (Monthly Services),cs,2,"Danny - (Oklahoma City, OK) - The Brickson",
,Contract Service - Landscaping (Projects Only),cs,2,"Danny - (Oklahoma City, OK) - The Brickson",
,Contract Service - Pest Control (Clean Out Treatments),cs,2,"Danny - (Oklahoma City, OK) - The Brickson",
,Contract Service - Pest Control (Exterior Treatments),cs,2,"Danny - (Oklahoma City, OK) - The Brickson",
,Contract Service - Pest Control (Monthly Service),cs,2,"Danny - (Oklahoma City, OK) - The Brickson",
,Contract Service - Pest Control (Termite & Bond Treatment),cs,2,"Danny - (Oklahoma City, OK) - The Brickson",
,Contract Service - Trash (Monthly Services),tr,2,"Danny - (Oklahoma City, OK) - The Brickson",
,Contract Services (Maintenance),cs,2,"Jon - (Richardson, TX) - Winding Way",
,Contract Services - Plumbing Repairs,cs,2,"Danny - (Oklahoma City, OK) - The Brickson",
,Contract Services - Security And Courtesy Patrol (In Person),cs,2,"Danny - (Oklahoma City, OK) - The Brickson",
,Contract Staffing - Admin,pr,2,"Yonnic - (San Antonio, TX) - Seraphina Castle Hills",
,Contract Staffing - Maintenance,pr,4,"Yonnic - (San Antonio, TX) - Seraphina Castle Hills",
,Contract - Trash Removal,tr,18,"Emilio - (Houston, TX) - Las Palmas",
,Contract - Valet Trash,tr,6,"Paul - (Lacy Lakeview, TX) - The Zoe",1xcs
,Contract - Water Conditioning/Chill Water,cs,2,"Emilio - (Garland, TX) - Orchard Hills",
,Contract/Temp Help,rm,2,"Chase - (Corsicana, TX) - Oak Lawn",
,Contract/Temp Help Maintenance,rm,2,"Chase - (Corsicana, TX) - Oak Lawn",
,Contractor Labor,pr,2,"Guillermo - (Garland, TX) - Meadow Creek",
,Contractor Service,cs,2,"Guillermo - (Hurst, TX) - Point on Calloway",
,Contractors:,pr,2,"Danny - (OKC, OK) - The Hudson","recoded from 'rm' (standardized to majority ({'rm': 2, 'pr': 4, 'ad': 2}))"
,Contracts,cs,2,"Guillermo - (Baton Rouge, LA) - Terraces at Perkins Rowe",
,Contractual Services - Electronic Monitoring,cs,6,"Yonnic - (Fort Worth, TX) - Tides on Westcreek",
,Contractual Services - Fire Alarm Monitoring,cs,2,"Danny - (OKC, OK) - The Teagen",
,Contractual Services - Grounds Contract,cs,6,"Yonnic - (Fort Worth, TX) - Tides on Westcreek",
,Contractual Services - Key Trak System,cs,4,"Danny - (OKC, OK) - The Teagen",
,Contractual Services - Patrol Service,cs,4,"Danny - (OKC, OK) - The Teagen",
,Convenience Fee,oi,7,"Greg - (Fort Worth, TX) - 1605 5th Ave",
,Convenience Fee Income,oi,2,"Guillermo - (Baton Rouge, LA) - Terraces at Perkins Rowe",
,Convenience Package,oi,2,"Bryce - (Arlington, TX) - Timberlake Villas",
,Copier,ad,2,David - (Carrollton) - Marbella Villas at Indian Creek,
,"Copier, Forms & Printing",ad,2,"Greg - (Amarillo, TX) - Cross Timbers at Grand Street",
,Copier Lease,ad,2,"Bryce - (Springtown, TX) - North Park Townhomes",
,Copier Maintenance,ad,2,"Dylan - (Houston, TX) - Park at Vittoria",
,Copier Rental,ad,6,"Jon - (Lewisville, TX) - Vistas on the Park",
,Copies,ad,2,"Guillermo - (Baton Rouge, LA) - Terraces at Perkins Rowe",
,Copies and Office Supplies,ad,4,"Chase - (Corsicana, TX) - Oak Lawn",
,Copies/Printing,ad,4,"Danny - (Weatherford, TX) - Lone Oak",
,Copy Machine Contract,ad,4,"Yonnic - (San Antonio, TX) - Seraphina Castle Hills",
,Corporate Apt Expense - Cable Tv/Internet,o,2,"Paul - (Killeen, TX) - Dorel Killeen",
,Corporate Apt Expense - Electricity,o,2,"Paul - (Killeen, TX) - Dorel Killeen",
,Corporate Apt Expense Water Sewer,o,2,"Paul - (Killeen, TX) - Dorel Killeen",
,Corporate Unit Furnishings,nr,2,"Bryce - (San Antonio, TX) - Stone Chase",
,Cost Recovery,oi,2,"Chase - (Corsicana, TX) - Oak Lawn",
,Costar,m,2,"Will - (Kansas City, MO) - Province of Briarcliff",
,Countertop Resurface,rm,2,"Jon - (Lewisville, TX) - Vistas on the Park",
,Countertop & Tub Resurfacing,rm,2,"Danny - (Oklahoma City, OK) - The Brickson",
,County Housing,ro,2,"Jon - (Richardson, TX) - Winding Way",
,County Taxes,tx,10,"Jon - (Tulsa, OK) - Boulder Ridge",
,Court Appearance Fee,ad,2,"Chris - (Dallas, TX) - HYA Live Oak Apartments",
,Court Fees Collected,oi,2,"David - (Greenville, TX) - Kingridge",
,Court Filing Fees,ad,10,"Trey - (Duncanville, TX) - Sunset Villa",
,Courtesy Officer Discounts,nr,4,"Paul - (Lacy Lakeview, TX) - The Zoe",
,Courtesy Officer Units,nr,4,"Yonnic - (San Antonio, TX) - Seraphina Castle Hills",
,Courtesy Patrol Rent Allowance,nr,2,"Danny - (Manor, TX) - Flats at Shadowglen",
,Courtesy Patrol/Alarms,cs,2,"Trey - (Garland, TX) - Hills of Palos Verde",
,Courtesy/Patrol Service,cs,2,"Danny - (Houston, TX) - Ivy at the Galleria",
,Cpa,ad,2,"Guillermo - (Temple, TX) - Greenbrier Park Apartments",
,Cpa Tax Filing Fees,ad,2,"Emilio - (Dallas, TX) - Tribeca & 2106 Bennett",
,Credit And Criminal Reports,ad,4,"Dylan - (Fort Worth, TX) - The Stella",
,Credit Builder,oi,14,"Chris - (Dallas, TX) - HYA Live Oak Apartments",
,Credit Builder - Admin,ad,4,"Bryce - (Haltom City, TX) -  Loraine Place",
,Credit Builder Expense,ad,8,- Orleans,
,Credit Builder Fee,oi,6,- Orleans,
,Credit Builder Income,oi,14,"Paul - (Lacy Lakeview, TX) - The Zoe",
,Credit Bureau Expense,ad,2,"Dylan - (Denton, TX) - Quincy Court",
,Credit Card Expense,ad,8,- Orleans,
,Credit Card Fee,oi,2,"Paul - (Dallas, TX) - Pecan Tree",
,Credit card fees:,ad,4,"Danny - (OKC, OK) - The Hudson",
,Credit Card Processing Fees,ad,1,"Chris - (Webster, TX) - The Townhomes on Three",
,Credit Check,ad,4,"Emilio - (San Antonio, TX) - Contessa Townhomes",
,Credit Check Fees,ad,11,"David - (San Antonio, TX) - Robins Nest",
,CREDIT CHECKS,ad,2,"Paul - (Garland, TX) - Vista Isle","recoded from 'm' (standardized to majority ({'m': 2, 'ad': 7}))"
,Credit & Collections,ad,4,"Greg - (Arlington, TX) - Stadium West",
,Credit - Criminal Check,ad,5,"Yonnic - (Monroe, LA) - Seasons & Woodale",
,Credit Reports,ad,11,"Jackson - (Pilot Knob, MO) - Countryside Apartments",
,Credit Screening,ad,2,"Will - (Copperas Cove, TX) - Las Cortes",
,Credit Verification,ad,2,"Danny - (Dallas, TX) - The Link",
,Credit Verification Fees,ad,2,"Danny - (Manor, TX) - Flats at Shadowglen",
,Credit/Background Checks,ad,2,"Guillermo - (Lubbock, TX) - Cottage Point",
,Crisis Mgmt,ad,8,"Paul - (Lacy Lakeview, TX) - The Zoe",
,Cromwell Building & Supplies,rm,2,"Jon - (Waco, TX) - Creole Apartments",
,Cromwell Hvac,rm,2,"Jon - (Waco, TX) - Creole Apartments",
,Cromwell Maintenance & Repair,rm,2,"Jon - (Waco, TX) - Creole Apartments",
,Cromwell Make Ready,rm,2,"Jon - (Waco, TX) - Creole Apartments",
,Cromwell Porter Service,rm,2,"Jon - (Waco, TX) - Creole Apartments",
,CSC Laundry Room Deposit,oi,2,"Dylan - (Greenville, TX) - Parkview Apartments",
,Current Expense,ad,4,"- (Abilene, TX) - Brookhollow Garden",
,Current Tenant Credits,nr,2,"Yonnic - (Dallas, TX) - Legacy Lofts",
,Damage Charges,oi,5,"Emilio - (Dallas, TX) - Bella Vista Pointe",
,Damage & Cleaning Fee,oi,2,"Paul - (Lubbock, TX) - Dimora Village",
,Damage & Cleaning Fees,oi,2,"Guillermo - (Yukon, OK) - Yukon Heights",
,Damage Fee,oi,2,"Dylan - (Houston, TX) - Residences at Med",
,Damage Fees,oi,4,"Bryce - (Haltom City, TX) -  Loraine Place",
,Damage Income,oi,8,- Orleans,
,Damage Liability Waiver,oi,2,"Bryce - (Haltom City, TX) -  Loraine Place",
,Damage Reimbursements,oi,3,"Yonnic - (Bryan, TX) - Retreat at 2818",
,Damage Waiver,ad,4,"Dylan - (Fort Worth, TX) - The Stella",
,Damages,oi,22,"Danny - (Manor, TX) - Flats at Shadowglen",
,Damages Charged to Residents,oi,2,"Bryce - (Arlington, TX) - Timberlake Villas",
,Damages & Cleaning Fees,oi,4,"Greg - (Dallas, TX) - The Carolina",
,Damages Collected,oi,2,"David - (Greenville, TX) - Kingridge",
,Damages Income,oi,17,"Emilio - (Houston, TX) - Las Palmas",
,Damages Reimbursement Fee,oi,2,"Guillermo - (Garland, TX) - Meadow Creek",
,Damages To Unit,oi,4,"Guillermo - (Houston, TX) - Pines at Woodcreek",
,Damages/Cleaning,oi,2,"Danny - (Manor, TX) - Flats at Shadowglen",
,Damages/Cleaning Fees,oi,2,"Will - (Kansas City, MO) - Province of Briarcliff",
,Damages/Replacement Fees,oi,4,"Bryce - (Cleburne, TX) - Colonial",
,Data Processing,ad,2,"Danny - (Manor, TX) - Flats at Shadowglen",
,Data Processing / Software Expense,ad,12,"Emilio - (Houston, TX) - Las Palmas",
,DATA PROCESSING IT SUPPORT,ad,2,"Paul - (Garland, TX) - Vista Isle",
,30-Day Notice Fee,oi,4,"Chris - (Baytown, TX) - Ranch at Rolling Brook",
,Delinquency,bd,13,"David - (Greenville, TX) - Kingridge",
,Delinquent Rent/Bad Debt,bd,6,"Yonnic - (Fort Worth, TX) - Tides on Westcreek",
,Delivery Exp,rm,2,"Chris - (Dallas, TX) - HYA Live Oak Apartments",
,Delivery/Postage,ad,2,"Trey - (Garland, TX) - Hills of Palos Verde",
,Dental Insurance,pr,4,"Guillermo - (Yukon, OK) - Yukon Heights",
,Deposit Alternative Income,oi,2,"Danny - (Weatherford, TX) - Lone Oak",
,Deposit Disposition,oi,2,"Jon - (Waco, TX) - Creole Apartments",
,Deposit Forfeit,oi,29,"Yonnic - (Monroe, LA) - Seasons & Woodale",1xro
,Deposit Forfeit & Tenant Damages,oi,2,"Danny - (Oklahoma City, OK) - The Brickson",
,Deposit Forfeits,oi,1,"Danny - (Temple, TX) - The District at 21 Fourteen",
,Deposit Forfeiture,oi,2,"Emilio - (Irving, TX) - Villa Valencia",
,Deposit Forfeitures,oi,8,"Paul - (Killeen, TX) - Dorel Killeen",
,Deposit Income,oi,2,"Angel - (Garland, TX) - Avenue G Estates",
,Deposit Insure,ad,2,"Dylan - (Lubbock, TX) - Crest at Cooper",
,Deposit Refund,ad,2,"Guillermo - (Houston, TX) - La Terraza Apartments",
,Deposit Waiver,oi,4,"Dylan - (Fort Worth, TX) - The Stella",
,Deposit Waiver Fee,oi,6,"Greg - (Arlington, TX) - Stadium West",
,Deposit Waiver Income,oi,4,"Guillermo - (Houston, TX) - Pines at Woodcreek",
,DepositInsure,oi,2,"Guillermo - (Allen, TX) - 301 Greenville",
,Detached Garage Revenue,oi,2,"Yonnic - (Dallas, TX) - Legacy Lofts",
,Digital Advertising,m,2,"Danny - (Manor, TX) - Flats at Shadowglen",
,Discount - Employee,nr,2,"Danny - (Manor, TX) - Flats at Shadowglen",
,Discount Street To Actual,ll,4,"Will - (Overland Park, KS) - 87th Street Apartments",
,Discount/Promotion,nr,4,"Dylan - (Denton, TX) - 1105 & 1109 Sleepy Hollow",
,Discounts & Concessions,nr,4,"Greg - (Arlington, TX) - Stadium West",
,Dishwashers,rm,2,"Guillermo - (Temple, TX) - Greenbrier Park Apartments",
,Divisional Maint Mgr,pr,2,"Danny - (Manor, TX) - Flats at Shadowglen",
,Domain/ Website,m,2,"Jon - (Richardson, TX) - Winding Way",
,Domain/Website Expenses,m,2,"David - (Kingsville, TX) - SG Apartments",
,Door And Window Costs,rm,7,"Guillermo - (Lubbock, TX) - Lubbock Square Apartments",
,Door Repair / Replacement,rm,6,"Yonnic - (San Antonio, TX) - Seraphina Castle Hills",
,Door Repairs,rm,5,"Guillermo - (Yukon, OK) - Yukon Heights",
,Door/ Glass Expense,rm,2,"Paul - (Haltom City, TX) - Woods of Haltom City",
,Door/Mail Key Replacement Turnover,rm,2,"Chris - (Dallas, TX) - HYA Live Oak Apartments",
,Doors,rm,3,"Will - (Kansas City, MO) - Province of Briarcliff",
,Doors / Door Repairs,rm,4,"Guillermo - (Lubbock, TX) - Cottage Point",
,Doors And Hardware,rm,4,"Dylan - (Fort Worth, TX) - The Stella",
,"Doors, Keys And Locks",rm,2,"Dylan - (Fort Worth, TX) - Mesa Vista",
,"Doors, Locks & Keys",rm,2,"Danny - (Manor, TX) - Flats at Shadowglen",
,Doors Repair/Replacement Exp,rm,4,"Will - (Overland Park, KS) - 87th Street Apartments",
,Doors/Door Screens,rm,2,"Dylan - (Fort Worth, TX) - Bonnie Royal",
,Doors/Trim Repair (Vacant),rm,2,"Bryce - (Haltom City, TX) -  Loraine Place",
,Doors/Trim/Interior Wood,rm,4,"Guillermo - (Houston, TX) - Pines at Woodcreek",
,Doors/Window & Door Screens,rm,2,"Trey - (Garland, TX) - Hills of Palos Verde",
,Down Units,nr,8,"Emilio - (Houston, TX) - Las Palmas",
,Drain Cleaning,rm,1,"paul - (Dallas, TX) - Estrella at Kiest",
,Drainage,w,3,"Guillermo - (Lubbock, TX) - Lubbock Square Apartments",
,Drainage Admin Fee,oi,2,"Guillermo - (Hurst, TX) - Point on Calloway",
,Drainage - Exterior,rm,2,"Will - (Overland Park, KS) - 87th Street Apartments",
,Drainage Fee,o,4,"Dylan - (Fort Worth, TX) - The Stella",
,Drainage Income,ro,5,"Guillermo - (Lubbock, TX) - Lubbock Square Apartments",
,Drapes And Blinds,rm,4,"Will - (Overland Park, KS) - 87th Street Apartments",
,Drapes/Blinds,rm,2,"Guillermo - (Houston, TX) - Pines at Woodcreek",
,Drug Screening,pr,2,"Dylan - (Fort Worth, TX) - The Stella",
,Drywall / Building Material,rm,5,"Yonnic - (Monroe, LA) - Seasons & Woodale",1xad
,Drywall Repairs,cs,2,"Paul - (Haltom City, TX) - Woods of Haltom City","recoded from 'rm' (standardized to majority ({'rm': 4, 'cs': 5}))"
,Drywall Repairs/Supplies,rm,2,"Trey - (Garland, TX) - Hills of Palos Verde",
,Dues / Subscriptions,ad,2,"Dylan - (Houston, TX) - Park at Vittoria",
,Dues And Subscriptions,ad,22,"Danny - (Manor, TX) - Flats at Shadowglen",
,Dues and Subscriptions Exp,ad,2,"Dylan - (Houston, TX) - Residences at Med",
,Dues Memberships Subscriptions,ad,2,"Will - (Overland Park, KS) - 87th Street Apartments",
,DUES & SUBSCRIPTION,ad,2,"Dylan - (College Station, TX) - Park Place",
,Dues & Subscriptions,ad,55,"Emilio - (Houston, TX) - Las Palmas",
,Dues - Subscriptions - Licenses - Permits,ad,2,"Chris - (Dallas, TX) - HYA Live Oak Apartments",
,Dues & Subscrpt,ad,1,"Danny - (Temple, TX) - The District at 21 Fourteen",
,Dues/Licenses/Fees,ad,2,"Dylan - (Fort Worth, TX) - Mesa Vista",
,Dues/Licensing,ad,3,"David - (Commerce, TX) - Mayo Townhomes",
,Dues/Membership/License/Permit,ad,2,"Jon - (DeSoto, TX) - Canyon Oaks",
,Dues/Memberships/Subs,ad,8,"Danny - (Weatherford, TX) - Lone Oak",
,Early Payment Discount,nr,4,"Chase - (Corsicana, TX) - Oak Lawn",
,Early Term Fee,oi,2,"Danny - (Manor, TX) - Flats at Shadowglen",
,EARLY TERMINATION,oi,2,"Paul - (Garland, TX) - Vista Isle",
,Early Termination Fee,oi,15,"Jackson - (Pilot Knob, MO) - Countryside Apartments",1xro
,Early Termination Fee Income,oi,4,"Greg - (Dallas, TX) - The Carolina",
,Early Termination Fees,oi,2,"Chase - (Corsicana, TX) - Oak Lawn",
,Education Conference (NAA/TAA/OTHER),ad,2,"Guillermo - (Lubbock, TX) - Cottage Point",
,Education Expense,ad,2,"Will - (Overland Park, KS) - 87th Street Apartments",
,Eelectric,e,2,"Guillermo - (Houston, TX) - La Terraza Apartments",
,Elec - Common Area,e,16,"Emilio - (Houston, TX) - Las Palmas",
,Elec - Models,e,2,"Paul - (Lacy Lakeview, TX) - The Zoe",
,Elec - Vacant Units,e,10,"Emilio - (Houston, TX) - Las Palmas",
,Elect-Vacant Units,e,9,"Guillermo - (Lubbock, TX) - Lubbock Square Apartments",
,Electric-All Bills Paid,e,4,"Guillermo - (Lubbock, TX) - Cottage Point",
,Electric Bill Service,e,2,"Chris - (Dallas, TX) - HYA Live Oak Apartments",
,Electric Billable,e,2,"Will - (Copperas Cove, TX) - Las Cortes","recoded from 'rm' (standardized to majority ({'rm': 2, 'e': 20}))"
,Electric Commission,oi,2,"Danny - (Houston, TX) - Ivy at the Galleria",
,Electric Commissions,oi,2,"Emilio - (Houston, TX) - Walnut Creek",
,Electric- Common,e,2,"Jon - (Richardson, TX) - Winding Way",
,Electric - Common Area,e,12,"Will - (Kansas City, MO) - Province of Briarcliff",1xrm
,Electric - Common Areas,e,12,"Yonnic - (San Antonio, TX) - Seraphina Castle Hills",
,Electric-Common Use,e,2,"Guillermo - (Lubbock, TX) - Cottage Point",
,Electric Fee,ro,1,"paul - (Dallas, TX) - Estrella at Kiest",
,"Electric Fixtures (Fans,Etc)",rm,2,"Dylan - (Houston, TX) - Park at Vittoria",
,Electric - From Units,e,2,"Jon - (Fairfield, TX) - East Meadows Apartments",
,Electric - House Meters,e,2,"Trey - (Garland, TX) - Hills of Palos Verde",
,Electric Income,ro,25,"Guillermo - (Houston, TX) - Pines at Woodcreek",1xoi
,Electric Master/House Meter,e,4,"Dylan - (Fort Worth, TX) - The Stella",
,Electric - Models,e,6,"Yonnic - (San Antonio, TX) - Seraphina Castle Hills",
,Electric Occupied - Income,ro,2,"Danny - (Dallas, TX) - The Link",
,Electric - Property,e,2,"Jon - (Fairfield, TX) - East Meadows Apartments",
,Electric Rebill,ro,8,"Yonnic - (San Antonio, TX) - Seraphina Castle Hills",1xe; 1xoi
,Electric Reimb,ro,1,"Danny - (Temple, TX) - The District at 21 Fourteen",
,Electric Reimbursable,ro,2,"Jon - (Lewisville, TX) - Vistas on the Park",
,Electric Reimbursement,ro,10,"Greg - (Arlington, TX) - Stadium West",2xoi
,Electric Reimbursements,ro,8,"Danny - (Weatherford, TX) - Lone Oak",1xoi
,Electric Repair,rm,2,"Jon - (Fairfield, TX) - East Meadows Apartments",
,Electric Repairs,rm,6,"David - (McAllen, TX) - 3616 Harvey St",
,Electric Rimbursement,ro,2,"Jon - (Richardson, TX) - Winding Way",
,Electric - Rubs,ro,2,"Trey - (Garland, TX) - Hills of Palos Verde",
,Electric Submeter,ro,2,"Jon - (Richardson, TX) - Winding Way",
,Electric Utility,e,12,"Trey - (Duncanville, TX) - Sunset Villa",2xro
,Electric Utility Reimbursement,oi,2,"Guillermo - (Lubbock, TX) - Cottage Point",
,Electric - Vacant,e,14,"Will - (Kansas City, MO) - Province of Briarcliff",
,Electric - Vacant Recovery,ro,2,"Guillermo - (Baton Rouge, LA) - Terraces at Perkins Rowe",
,Electric - Vacant Units,e,12,"Yonnic - (San Antonio, TX) - Seraphina Castle Hills",
,"Electric, Water/Sewer, Gas Fee",ro,1,"paul - (Dallas, TX) - Estrella at Kiest",
,"Electric, Water/Sewer, Gas, Trash Fee",ro,1,"paul - (Dallas, TX) - Estrella at Kiest",
,Electric/ Water,e,2,"Dylan - (Denton, TX) - Springhill Apartments",
,Electric/Lighting Improvements,rm,2,"Jackson - (Pilot Knob, MO) - Countryside Apartments",
,Electrical,rm,20,"Jackson - (Dallas, TX) - 4414 Worth St",
,Electrical And Lighting,rm,2,"Jon - (Lewisville, TX) - Vistas on the Park",
,Electrical (Breaker Box),rm,4,"(Weslaco, TX) - 2604 S Bridge Ave",
,Electrical Contractors,rm,2,"Dylan - (Fort Worth, TX) - Mesa Vista",
,Electrical Expense,rm,6,"David - (Temple, TX) - Asbury Park",
,Electrical & Lighting,rm,2,"Bryce - (Arlington, TX) - Timberlake Villas",
,ELECTRICAL-LIGHTS-CEILING FANS,rm,2,"Paul - (Garland, TX) - Vista Isle",
,Electrical (Meters),rm,2,"(Harlingen, TX) - Harlingen Estates",
,Electrical - Parts / Supplies,rm,2,"Dylan - (Houston, TX) - Park at Vittoria",
,Electrical Parts- Including Light Fixtures,rm,2,"Will - (Kansas City, MO) - Province of Briarcliff",
,Electrical Parts & Supplies,rm,2,"Jon - (Richardson, TX) - Winding Way",
,Electrical R&M,rm,4,"David - (Odessa, TX) - East 12th Townhomes",
,Electrical Repair,rm,10,"Jon - (Tulsa, OK) - Boulder Ridge",
,Electrical Repair-Contracted,rm,4,"Will - (Overland Park, KS) - 87th Street Apartments",
,Electrical Repair-In House,rm,2,"Yonnic - (Dallas, TX) - Legacy Lofts",
,Electrical Repair & Maintenance,rm,8,"Trey - (Duncanville, TX) - Sunset Villa",
,Electrical Repair & Supplies,rm,2,"Guillermo - (Yukon, OK) - Yukon Heights",
,Electrical Repairs,rm,20,"Yonnic - (Monroe, LA) - Seasons & Woodale",1xad
,Electrical Repairs Contract,rm,2,"Dylan - (Fort Worth, TX) - The Stella",
,Electrical Repairs & Parts,rm,2,"Danny - (Oklahoma City, OK) - The Brickson",
,"Electrical Repairs, Parts & Supplies",rm,2,"Will - (Copperas Cove, TX) - Las Cortes",
,Electrical Repairs/Supplies,rm,2,"Trey - (Garland, TX) - Hills of Palos Verde",
,Electrical Supplies,rm,22,"Danny - (Manor, TX) - Flats at Shadowglen",
,Electrical Supplies / Repairs,rm,6,"Yonnic - (San Antonio, TX) - Seraphina Castle Hills",
,Electrical Supplies and Serv.,rm,6,"Bryce - (Denton, TX) - The Cluster Apartments",
,Electrical Supplies & Repairs,rm,10,"Guillermo - (Houston, TX) - Pines at Woodcreek",
,Electrical (Wiring),rm,6,"(Weslaco, TX) - 2604 S Bridge Ave",
,Electrical Work,rm,2,"Chris - (Dallas, TX) - HYA Live Oak Apartments",
,Electricity,e,91,"Yonnic - (Monroe, LA) - Seasons & Woodale",
,Electricity - Common,e,12,"Bryce - (Haltom City, TX) -  Loraine Place",
,Electricity - Common Area,e,24,"Danny - (Manor, TX) - Flats at Shadowglen",
,Electricity Exp - Apartment,e,2,"Danny - (Dallas, TX) - The Link",
,Electricity Exp - Common Area,e,2,"Danny - (Dallas, TX) - The Link",
,Electricity - House Lights,e,2,"Guillermo - (Temple, TX) - Greenbrier Park Apartments",
,Electricity - House Meters,e,2,"Dylan - (Fort Worth, TX) - Bonnie Royal",
,Electricity Income,ro,2,"David - (Odessa, TX) - East 12th Townhomes",
,Electricity - Occupied Units,e,8,"Jon - (Tulsa, OK) - Boulder Ridge",
,Electricity-Office,e,2,"Dylan - (Fort Worth, TX) - Mesa Vista",
,Electricity - Office / Mdls,e,2,"Dylan - (Houston, TX) - Park at Vittoria",
,Electricity- Office/Model,e,2,"Yonnic - (Dallas, TX) - Legacy Lofts",
,Electricity-Property,e,4,"Greg - (Arlington, TX) - Stadium West",
,Electricity - Public Service Meter,e,4,"Will - (Overland Park, KS) - 87th Street Apartments",
,Electricity Repair,rm,2,"Guillermo - (Hurst, TX) - Point on Calloway",
,Electricity - Resident Billed,e,4,"Will - (Overland Park, KS) - 87th Street Apartments",
,Electricity - Tenant,e,2,"Guillermo - (Yukon, OK) - Yukon Heights",
,Electricity Unit,e,2,"Dylan - (Denton, TX) - Quincy Court",
,Electricity-Utility,e,2,"David - (Temple, TX) - Asbury Park",
,Electricity-Vacant,e,8,"Danny - (Manor, TX) - Flats at Shadowglen",
,Electricity-Vacant & Model,e,4,"Greg - (Arlington, TX) - Stadium West",
,Electricity - Vacant Turns,e,10,"Jon - (Tulsa, OK) - Boulder Ridge",
,Electricity-Vacant Unit,e,10,"Dylan - (Fort Worth, TX) - Mesa Vista",
,Electricity - Vacant Units,e,14,"Will - (Overland Park, KS) - 87th Street Apartments",
,Electricity - Vacants,e,2,"Guillermo - (Temple, TX) - Greenbrier Park Apartments",
,Electricty,e,2,- Corner Place,
,Elevator Contract,cs,2,"Danny - (Manor, TX) - Flats at Shadowglen",
,Elevator Repair,rm,2,"Guillermo - (Dallas, TX) - Pearl at Midtown",
,Email,ad,2,"Jon - (Lewisville, TX) - Vistas on the Park",
,Emergency,ad,2,"Jon - (Richardson, TX) - Winding Way",
,Emergency Phones,ad,6,"Jon - (Lewisville, TX) - Vistas on the Park",recoded from 'cs' (house rule: telephone/answering -> ad)
,Emergency Pool Phone,ad,4,"David - (Kingsville, TX) - SG Apartments",
,Emp. Health/Dental/Vision,pr,4,"Chase - (Corsicana, TX) - Oak Lawn",
,Emp Leasing/Renewal Bonuses,pr,9,"Guillermo - (Lubbock, TX) - Lubbock Square Apartments",
,"Empl Misc (Assoc Mtg,Etc)",ad,2,"Dylan - (Houston, TX) - Park at Vittoria",
,Employee Activities,ad,3,"Guillermo - (Lubbock, TX) - Lubbock Square Apartments",
,Employee Apartments,pr,4,"Greg - (Arlington, TX) - Stadium West",1xnr
,Employee Appreciation,pr,2,"Danny - (Oklahoma City, OK) - The Brickson",
,Employee Benefit Cost,pr,2,"Danny - (Dallas, TX) - The Link",
,Employee Benefits,pr,10,"Danny - (Manor, TX) - Flats at Shadowglen",
,Employee Benefits/Health Insurance,pr,2,"Will - (Overland Park, KS) - 87th Street Apartments",
,Employee Benifits,pr,2,"Jon - (Lewisville, TX) - Vistas on the Park",
,Employee Bonus,pr,6,"Danny - (Dallas, TX) - The Link",
,Employee Bonuses,pr,5,"Yonnic - (Bryan, TX) - Retreat at 2818",
,Employee Burden,pr,4,"Yonnic - (San Antonio, TX) - Seraphina Castle Hills",
,Employee Discount,nr,8,"David - (Odessa, TX) - East 12th Townhomes",
,Employee Discount Rent-St,nr,2,"Paul - (Lubbock, TX) - Dimora Village",
,Employee Discounts,pr,2,"Jon - (Lewisville, TX) - Vistas on the Park",
,Employee Events,ad,2,"Trey - (Garland, TX) - Hills of Palos Verde",
,Employee Expenses,ad,4,"Jon - (Oklahoma City, OK) - Lakewood Estates",
,Employee Expenses And Recruitment,ad,2,"Guillermo - (Garland, TX) - Meadow Creek",
,Employee Goodwill,ad,2,"David - (Kingsville, TX) - SG Apartments",
,Employee Group Insurance,pr,2,"Guillermo - (Yukon, OK) - Yukon Heights",
,Employee Health Insurance,pr,2,"Paul - (Haltom City, TX) - Woods of Haltom City",
,Employee Health Insurance (PM),pr,2,"Jon - (Richardson, TX) - Winding Way",
,Employee Insurance,pr,4,"Greg - (Arlington, TX) - Stadium West",
,Employee Meetings,ad,6,"Yonnic - (San Antonio, TX) - Seraphina Castle Hills",
,EMPLOYEE MILEAGE REIMB RM,ad,2,"Paul - (Garland, TX) - Vista Isle",
,Employee Payroll,pr,2,"Angel - (Granbury, TX) - The Woods",
,Employee Recognition,ad,18,"Danny - (Manor, TX) - Flats at Shadowglen",2xpr
,Employee Recruiting,pr,22,"Emilio - (Houston, TX) - Las Palmas",3xad
,Employee Recruitment,pr,20,"Yonnic - (San Antonio, TX) - Seraphina Castle Hills",4xad
,Employee Reimbursement,ad,2,"Yonnic - (Fort Worth, TX) - Polo Club",
,Employee Relations,ad,23,"Emilio - (Houston, TX) - Las Palmas","recoded from 'pr' (standardized to majority ({'pr': 25, 'ad': 48}))"
,Employee Rent Credit,nr,2,"Dylan - (Lubbock, TX) - Crest at Cooper",
,Employee Rent Discount,nr,8,"Yonnic - (Fort Worth, TX) - Tides on Westcreek",
,Employee Screening,pr,8,"Will - (Kansas City, MO) - Province of Briarcliff",1xad
,Employee Training,ad,7,"Dylan - (Houston, TX) - Park at Vittoria",
,Employee Training/Benefits,ad,2,"Dylan - (Fort Worth, TX) - Mesa Vista",
,Employee Travel/Mileage,ad,2,"Danny - (Manor, TX) - Flats at Shadowglen",
,Employee Unit,nr,2,"Guillermo - (Allen, TX) - 301 Greenville",
,Employee Unit Discount,nr,2,"Guillermo - (Garland, TX) - Meadow Creek",
,Employee Units,nr,22,"Emilio - (Houston, TX) - Las Palmas",
,Employees Rent Credit,nr,2,"Emilio - (Dallas, TX) - Bella Vista Sol",
,Employer Payroll Taxes,pr,4,"Paul - (Lubbock, TX) - Dimora Village",
,Employment Expenses,ad,2,"Paul - (Lubbock, TX) - Dimora Village",
,Entertainment and Meals,mf,2,"Trey - (Cedar Hills, TX) - 312 Hickerson St",
,Entertainment Expense,ad,2,"Guillermo - (Houston, TX) - Pines at Woodcreek",
,Entity Tax Preparation Services,ad,2,"David - (Kingsville, TX) - SG Apartments",
,Equip Rental,rm,2,"Guillermo - (Temple, TX) - Greenbrier Park Apartments",
,Equipment Contract,cs,2,"Paul - (Killeen, TX) - Dorel Killeen",
,Equipment - Lease / Rental,ad,2,"Bryce - (Arlington, TX) - Timberlake Villas",
,Equipment rental,rm,16,"Emilio - (San Antonio, TX) - The 209",3xad
,Equipment Rental Fees,rm,4,"Emilio - (Dallas, TX) - Tribeca & 2106 Bennett",
,Equipment Rep & Maint.,ad,2,"Yonnic - (Shreveport, LA) - Castlewood",
,Equipment Repair - Labor,rm,1,"paul - (Dallas, TX) - Estrella at Kiest",
,Equipment Repair/Rental,rm,2,"Danny - (Manor, TX) - Flats at Shadowglen",
,Equipment & Supplies,ad,2,"Paul - (Dallas, TX) - Pecan Tree",
,Equipment/ Tools,rm,2,"Jackson - (Dallas, TX) - 4414 Worth St",
,Equipment/Tools,rm,4,"David - (Temple, TX) - Asbury Park",
,Escrow Interest Income,oi,4,"Chase - (Corsicana, TX) - Oak Lawn",
,eSouth gate,ad,2,"Yonnic - (Hallsville, TX) - Townhomes at Cider Point",
,Evict/Legal Reimbursement,oi,4,"Dylan - (Fort Worth, TX) - The Stella",
,Eviction,ad,8,"- (Abilene, TX) - The Quarters",
,Eviction / Legal Fees,ad,2,"Danny - (Manor, TX) - Flats at Shadowglen",
,Eviction and  Legal fees,oi,4,"Will - (Copperas Cove, TX) - Las Cortes",1xad
,Eviction Charge / Legal Fees,oi,2,"Bryce - (Arlington, TX) - Timberlake Villas",
,Eviction Charges,oi,5,"Yonnic - (Monroe, LA) - Seasons & Woodale",
,Eviction Costs,ad,3,"Dylan - (Charles, LA) - The Oaks Apartments",
,Eviction Court Charge,oi,2,"Jon - (DeSoto, TX) - Canyon Oaks",
,Eviction Court Cost,ad,10,"Jon - (Tulsa, OK) - Boulder Ridge",
,Eviction Expense,ad,2,"Dylan - (Houston, TX) - Park at Vittoria",
,Eviction Fee,ad,3,"Paul - (Lubbock, TX) - Dimora Village",
,Eviction Fees,ad,38,"Yonnic - (Monroe, LA) - Seasons & Woodale",5xoi; 1xw
,Eviction Fees Income,oi,2,"Jon - (Waco, TX) - Creole Apartments",
,Eviction Fees-Unit,ad,2,"David - (Temple, TX) - Asbury Park",
,Eviction Filing Fee,ad,6,"Jon - (Lewisville, TX) - Vistas on the Park",1xoi
,Eviction Filing Fees,ad,5,"Trey - (Garland, TX) - Hills of Palos Verde",
,Eviction Legal Fees,ad,6,"Danny - (Manor, TX) - Flats at Shadowglen",
,Eviction Reimbursement Fee,oi,2,"Guillermo - (Garland, TX) - Meadow Creek",
,Eviction Related Expenses,ad,4,"Dylan - (Fort Worth, TX) - The Stella",
,Eviction Service Fee,ad,2,"Guillermo - (Hurst, TX) - Point on Calloway",
,Eviction Services,ad,2,"Guillermo - (Temple, TX) - Greenbrier Park Apartments",
,Eviction/Collection Fees,ad,4,"Will - (Overland Park, KS) - 87th Street Apartments",
,Eviction/Legal Fee collected from residen,oi,4,"Emilio - (Dallas, TX) - Bella Vista Pointe",
,Eviction/Legal Fees,oi,12,"Will - (Kansas City, MO) - Province of Briarcliff",2xad
,Eviction/Writ Expense,ad,4,"Guillermo - (Lubbock, TX) - Cottage Point",
,Evictions,ad,8,- Orleans,
,Evictions & Court Fee,ad,2,"David - (Kingsville, TX) - SG Apartments",
,Evictions & Legal Fees,ad,2,"Danny - (Oklahoma City, OK) - The Brickson",
,Exercise / Weight Room,rm,2,"Paul - (Killeen, TX) - Dorel Killeen",
,Exp Reim - After Hours Answering Serv,ad,5,"Yonnic - (Monroe, LA) - Seasons & Woodale",
,Exp Reim - Cellphone,o,5,"Yonnic - (Monroe, LA) - Seasons & Woodale",
,Exp Reim - Crd Crim Tenant Screening,ad,5,"Yonnic - (Monroe, LA) - Seasons & Woodale",
,Exp Reim - E Check Processing,ad,5,"Yonnic - (Monroe, LA) - Seasons & Woodale",
,Exp Reim - Lisa,ad,5,"Yonnic - (Monroe, LA) - Seasons & Woodale",
,Exp Reim - Mgmt Software,ad,5,"Yonnic - (Monroe, LA) - Seasons & Woodale",
,Exp Reim - Online Advertising,m,5,"Yonnic - (Monroe, LA) - Seasons & Woodale",
,Exp Reim - Postage & Shipping,ad,5,"Yonnic - (Monroe, LA) - Seasons & Woodale",
,Exp Reim - Premium Leads,ad,5,"Yonnic - (Monroe, LA) - Seasons & Woodale",
,Exp Reimb - Technology,ad,2,"Yonnic - (Shreveport, LA) - Castlewood",
,EXPENSE - Appliance Repair- Material,rm,4,"Emilio - (Dallas, TX) - Bella Vista Pointe",
,EXPENSE - Carpet Cleaning- Labor,rm,4,"Emilio - (Dallas, TX) - Bella Vista Pointe",
,EXPENSE - Carpet Cleaning- Material,rm,4,"Emilio - (Dallas, TX) - Bella Vista Pointe",
,EXPENSE - Cleaning- Labor,rm,4,"Emilio - (Dallas, TX) - Bella Vista Pointe",
,EXPENSE - Cleaning- Material,rm,4,"Emilio - (Dallas, TX) - Bella Vista Pointe",
,EXPENSE - Courtesy Patrol Officer,cs,2,"Emilio - (Dallas, TX) - Bella Vista Pointe",
,EXPENSE - Electrical Repairs- Labor,rm,2,"Emilio - (Dallas, TX) - Bella Vista Sol",
,EXPENSE - Electrical Repairs - Material,rm,4,"Emilio - (Dallas, TX) - Bella Vista Pointe",
,EXPENSE- Exterior Paint Materials,rm,2,"Emilio - (Dallas, TX) - Bella Vista Pointe",
,EXPENSE - Flowers / Plants,rm,4,"Emilio - (Dallas, TX) - Bella Vista Pointe",1xcs
,EXPENSE - Gate Repairs - Labor - Minor,rm,2,"Emilio - (Dallas, TX) - Bella Vista Sol",
,EXPENSE - Grounds Mowing Service Contractor Labor,rm,4,"Emilio - (Dallas, TX) - Bella Vista Pointe",1xcs
,EXPENSE - HVAC Repairs Labor,rm,2,"Emilio - (Dallas, TX) - Bella Vista Sol",
,EXPENSE - HVAC Repairs - Supplies,rm,4,"Emilio - (Dallas, TX) - Bella Vista Pointe",
,EXPENSE - Landscaping Services-Material,cs,2,"Emilio - (Dallas, TX) - Bella Vista Sol",
,EXPENSE - Locks and Keys Doorknobs/passage knobs,rm,2,"Emilio - (Dallas, TX) - Bella Vista Pointe",
,EXPENSE - Maintenance Supplies-Material/Hardware,rm,4,"Emilio - (Dallas, TX) - Bella Vista Pointe",
,EXPENSE - Make Ready Labor/Payroll,rm,4,"Emilio - (Dallas, TX) - Bella Vista Pointe",
,EXPENSE - Make Ready Supplies,rm,4,"Emilio - (Dallas, TX) - Bella Vista Pointe",
,EXPENSE - Other Landscaping-Non-Routine Labor,rm,4,"Emilio - (Dallas, TX) - Bella Vista Pointe",1xcs
,EXPENSE - Paint Supplies,rm,4,"Emilio - (Dallas, TX) - Bella Vista Pointe",
,EXPENSE - Painting Labor Interior,rm,4,"Emilio - (Dallas, TX) - Bella Vista Pointe",
,EXPENSE - Pest Control Service-Labor,rm,4,"Emilio - (Dallas, TX) - Bella Vista Pointe",
,EXPENSE - Pest Control Service-Material,rm,4,"Emilio - (Dallas, TX) - Bella Vista Pointe",
,EXPENSE - Pine Needles/Mulch,rm,4,"Emilio - (Dallas, TX) - Bella Vista Pointe",1xcs
,EXPENSE - Plumbing Repairs- Labor,rm,2,"Emilio - (Dallas, TX) - Bella Vista Sol",
,EXPENSE - Plumbing Repairs - Material,rm,4,"Emilio - (Dallas, TX) - Bella Vista Pointe",
,EXPENSE - Pool- Labor,rm,2,"Emilio - (Dallas, TX) - Bella Vista Pointe",
,EXPENSE - Pool- Supplies,rm,2,"Emilio - (Dallas, TX) - Bella Vista Pointe",
,EXPENSE - Property Liability Insurance,i,4,"Emilio - (Dallas, TX) - Bella Vista Pointe",
,EXPENSE - Property Placed Renters Insurance,i,4,"Emilio - (Dallas, TX) - Bella Vista Pointe",1xad
,EXPENSE - Real Estate Property Tax,tx,4,"Emilio - (Dallas, TX) - Bella Vista Pointe",
,Expense Reimbursement,oi,4,"Jackson - (Pilot Knob, MO) - Countryside Apartments",1xad
,EXPENSE - Roof/Wood Repairs,rm,4,"Emilio - (Dallas, TX) - Bella Vista Pointe",
,EXPENSE - Security Service Officer Expense,cs,2,"Emilio - (Dallas, TX) - Bella Vista Sol",
,"EXPENSE - Sheetrock repairs, Wallpaper, Texturing",rm,4,"Emilio - (Dallas, TX) - Bella Vista Pointe",
,EXPENSE - Sidewalk Asphalt Repairs,rm,2,"Emilio - (Dallas, TX) - Bella Vista Sol",
,"EXPENSE - Stair Repairs, pickets, rails, treads",rm,2,"Emilio - (Dallas, TX) - Bella Vista Sol",
,EXPENSE - Windows Screens Doors Blinds,rm,4,"Emilio - (Dallas, TX) - Bella Vista Pointe",
,Expired Lease Premium,oi,5,"Yonnic - (Monroe, LA) - Seasons & Woodale",
,Exterior,rm,2,"Guillermo - (Houston, TX) - Pines at Woodcreek",
,EXTERIOR BLDG-RandM-COMM,rm,2,"Paul - (Garland, TX) - Vista Isle",
,"Exterior Brick, Concrete, Mortar Repairs",rm,2,"Guillermo - (Lubbock, TX) - Cottage Point",
,Exterior Carpentry Supplies,rm,2,"Guillermo - (Houston, TX) - Pines at Woodcreek",
,Exterior Cleaning,rm,2,"Chris - (Dallas, TX) - HYA Live Oak Apartments",
,Exterior Doors,rm,2,"Guillermo - (Temple, TX) - Greenbrier Park Apartments",
,Exterior Doors Repair,rm,2,"Bryce - (Haltom City, TX) -  Loraine Place",
,Exterior & Grounds,rm,2,"Dylan - (Fort Worth, TX) - Bonnie Royal",
,Exterior Lighting,rm,2,"Danny - (Oklahoma City, OK) - The Brickson",
,EXTERIOR PAINTING-COMM ONLY,rm,2,"Paul - (Garland, TX) - Vista Isle",
,Exterior Repairs,rm,5,"Dylan - (Fort Worth, TX) - Mesa Vista",
,Exterior Repairs & Maintenace,rm,2,"Paul - (Lubbock, TX) - Dimora Village",
,Exterior Repairs Maintenance,rm,4,"Chris - (Dallas, TX) - HYA Live Oak Apartments",
,Exterior Repairs/Supplies,rm,2,"Trey - (Garland, TX) - Hills of Palos Verde",
,Exterior Rprs,rm,1,"Danny - (Temple, TX) - The District at 21 Fourteen",
,Exterminating,cs,11,"Yonnic - (Harlingen, TX) - Timbers",
,Exterminating Contract,cs,2,"Dylan - (Lubbock, TX) - Crest at Cooper",
,Exterminating Service & Supplies,cs,4,"Greg - (Arlington, TX) - Stadium West",
,Exterminating Supplies,rm,4,"Trey - (Garland, TX) - Hills of Palos Verde",
,Extermination,cs,8,"Guillermo - (Houston, TX) - Pines at Woodcreek",
,Exterminator,cs,8,"- (Abilene, TX) - The Quarters",1xrm
,Extra Keys or Lock,oi,4,"Emilio - (Dallas, TX) - Bella Vista Pointe",
,Facebook Advertising,m,2,"David - (Kingsville, TX) - SG Apartments",
,Facebook Sponsored,m,2,"Guillermo - (Lubbock, TX) - Cottage Point",
,Federal Unemployment Tax Expense,pr,1,"paul - (Dallas, TX) - Estrella at Kiest",
,Fee Income,oi,8,"Trey - (Cedar Hills, TX) - 312 Hickerson St",
,Fees,oi,8,"Trey - (Dallas, TX) - Ascent at Midtown",1xad
,Fees and Permits,ad,6,- Orleans,
,Fees & Permits,ad,11,"Bryce - (Haltom City, TX) -  Loraine Place",
,FEES/LICENSES/PERMITS,ad,2,"Paul - (Garland, TX) - Vista Isle",
,Fence Repair,rm,2,"Paul - (Denton, TX) - Maple Tree Townhomes",
,Fence Repairs And Maintenance,rm,4,"Will - (Overland Park, KS) - 87th Street Apartments",
,Fence Repairs & Maintenance,rm,2,"Guillermo - (Yukon, OK) - Yukon Heights",
,Fence Repairs/Supplies,rm,2,"Guillermo - (Lubbock, TX) - Cottage Point",
,Fence & Wall Repairs,rm,2,"Danny - (Oklahoma City, OK) - The Brickson",
,Fence/ Gate Supplies,rm,2,"Jon - (Richardson, TX) - Winding Way",
,Fencing,rm,1,"Chris - (Webster, TX) - The Townhomes on Three",
,Fencing Gates,rm,2,"Guillermo - (Houston, TX) - Pines at Woodcreek",
,Fencing/Gates,rm,6,"Dylan - (Fort Worth, TX) - The Stella",
,FF&E Rent,ad,2,"Yonnic - (Fort Worth, TX) - Polo Club",
,Fica - Fed Social Security Tax,pr,2,"Dylan - (Houston, TX) - Park at Vittoria",
,Fica Tax,pr,4,"Guillermo - (Houston, TX) - Pines at Woodcreek",
,Fica Tax Expense,pr,2,"Guillermo - (Yukon, OK) - Yukon Heights",
,Filing Fees,ad,11,"Guillermo - (Lubbock, TX) - Lubbock Square Apartments",
,Filters - HVAC,rm,2,"Yonnic - (Dallas, TX) - Legacy Lofts",
,Fire / Alarm System - Supplies,rm,2,"Bryce - (Arlington, TX) - Timberlake Villas",
,Fire Alarm,rm,4,"Will - (Kansas City, MO) - Province of Briarcliff",
,Fire Alarm Contract,cs,2,"Paul - (Killeen, TX) - Dorel Killeen",
,Fire Alarm Monitoring,cs,6,"Danny - (Weatherford, TX) - Lone Oak",
,Fire and Security,cs,2,"Greg - (Mansfield, TX) - Mansfield Gardens",
,Fire Equipment,cs,4,"Will - (Overland Park, KS) - 87th Street Apartments",
,FIRE EQUIPMENT/EXTINGUISHERS,rm,2,"Paul - (Garland, TX) - Vista Isle",
,Fire Extingisher Maintenance Or Replacement,rm,2,"Guillermo - (Temple, TX) - Greenbrier Park Apartments",
,Fire Extinguisher Maint,rm,2,"Dylan - (Houston, TX) - Park at Vittoria",
,Fire Inspection,cs,4,"Bryce - (Haltom City, TX) -  Loraine Place","recoded from 'rm' (standardized to majority ({'rm': 7, 'cs': 26}))"
,Fire Inspections,cs,2,"Will - (Overland Park, KS) - 87th Street Apartments",
,Fire Prevention,rm,2,"Jon - (Richardson, TX) - Winding Way",
,Fire Protection,cs,14,"Guillermo - (Houston, TX) - Pines at Woodcreek",1xrm
,Fire Protection / Life Safety Contract,cs,7,"Paul - (Killeen, TX) - Dorel Killeen",2xrm
,Fire Protection / Life Safey Contract,rm,2,"Guillermo - (Houston, TX) - Pines at Woodcreek",
,Fire Safety,rm,1,"Chris - (Webster, TX) - The Townhomes on Three",
,Fire & Safety Expense,rm,2,"Jackson - (Dallas, TX) - 4414 Worth St",
,Fire & Safety Protection,rm,4,"Trey - (Garland, TX) - Hills of Palos Verde",
,Fire Safety Systems,cs,4,"Chase - (Corsicana, TX) - Oak Lawn",
,Fire & Security System Repair,rm,2,"Danny - (Dallas, TX) - 5921 Gaston",
,Fire System Inspection,rm,2,"Bryce - (Arlington, TX) - Timberlake Villas",
,Fire System Service,cs,1,"Danny - (Temple, TX) - The District at 21 Fourteen",
,Fire System/Extinguisher Repairs & Replacement,rm,2,"Danny - (Oklahoma City, OK) - The Brickson",
,Fire/Alarm,cs,2,"Guillermo - (Baton Rouge, LA) - Terraces at Perkins Rowe",
,Fire/Life Safety,rm,4,"Danny - (Manor, TX) - Flats at Shadowglen",
,Fire/Life/Safety Inspections,rm,2,"Danny - (Dallas, TX) - The Link",
,Fire/Safety,rm,2,"Jon - (Lewisville, TX) - Vistas on the Park",
,First Responder Discount,nr,2,"David - (Odessa, TX) - East 12th Townhomes",
,First Time Renters Fee,oi,1,"Chris - (Webster, TX) - The Townhomes on Three",
,Fitness Contract,cs,4,"Dylan - (Fort Worth, TX) - The Stella",
,Fitness Equipment Maintenance,cs,2,"Emilio - (Houston, TX) - Walnut Creek",
,5131Fixtures,rm,3,"Yonnic - (San Antonio, TX) - The Kelly Apartments",
,Fixtures and Hardware,rm,2,"Dylan - (Fort Worth, TX) - The Stella",
,"Fixtures, Fans, Etc. Repairs",rm,3,"Yonnic - (Bryan, TX) - Retreat at 2818",
,Flags/Signs,m,1,"Danny - (Temple, TX) - The District at 21 Fourteen",
,Flood Insurance,i,3,"(Mercedes, TX) - Mercedes Palms",
,Flood Repair,rm,2,"Trey - (Garland, TX) - Hills of Palos Verde",
,Floor & Carpet Replacement,rm,12,"Bryce - (Denton, TX) - The Cluster Apartments",
,Floor Clean/Repairs,rm,2,"Trey - (Garland, TX) - Hills of Palos Verde",
,Floor Cleaning & Repairs,rm,2,"Paul - (Lubbock, TX) - Dimora Village",
,Floor Maintenance,rm,2,"Jackson - (Pilot Knob, MO) - Countryside Apartments",
,Floor Repairs,rm,2,"Paul - (Haltom City, TX) - Woods of Haltom City",
,Floor/Vinyl Install Expense,rm,2,"Paul - (Haltom City, TX) - Woods of Haltom City",
,Flooring,rm,19,"Chase - (Shawnee, OK) - Villa Chateau",
,Flooring Damage / Replace,oi,3,"Guillermo - (Lubbock, TX) - Lubbock Square Apartments",
,Flooring Labor,rm,5,"Yonnic - (Monroe, LA) - Seasons & Woodale",1xad
,Flooring Material - Repairs,rm,5,"Yonnic - (Monroe, LA) - Seasons & Woodale",1xad
,Flooring & Molding,rm,2,"Emilio - (San Antonio, TX) - Contessa Townhomes",
,Flooring Repair,rm,4,"Jon - (Tulsa, OK) - Boulder Ridge",
,Flooring Repair (Non-Carpet),rm,2,"Guillermo - (Yukon, OK) - Yukon Heights",
,Flooring Repairs,rm,3,"Yonnic - (Bryan, TX) - Retreat at 2818",
,Flooring Repairs & Parts (In House),rm,2,"Danny - (Oklahoma City, OK) - The Brickson",
,Flooring Replacement,rm,3,"David - (Commerce, TX) - Mayo Townhomes",
,Flooring Supplies & Repairs,rm,2,"Guillermo - (Garland, TX) - Meadow Creek",
,Flooring Turnover,rm,2,"Chris - (Dallas, TX) - HYA Live Oak Apartments",
,Flooring/ Carpet,rm,2,"Dylan - (College Station, TX) - Park Place",
,6752-0000Flyers,m,2,"Paul - (Killeen, TX) - The Forum",
,Forfeit Deposits & Application Deposits,oi,2,"Guillermo - (Houston, TX) - Pines at Woodcreek",
,Forfeited Security Deposit Income,oi,2,"Jon - (Copperas Cove, TX) - The Bricks",
,Former Resident Collections,oi,9,"Guillermo - (Lubbock, TX) - Lubbock Square Apartments",1xbd
,Forms,ad,8,"Paul - (Lacy Lakeview, TX) - The Zoe",
,Forms & Supplies,ad,1,"Danny - (Temple, TX) - The District at 21 Fourteen",
,Franchise,tx,2,"Bryce - (Arlington, TX) - Timberlake Villas",
,Franchise Tax,tx,16,"Emilio - (Houston, TX) - Las Palmas",
,Franchise Taxes,tx,8,"Yonnic - (San Antonio, TX) - Seraphina Castle Hills",
,Fraud Detection,m,4,"Guillermo - (Houston, TX) - Pines at Woodcreek",1xad
,Free Rent Promotion,m,1,"paul - (Dallas, TX) - Estrella at Kiest",
,Freight,ad,2,"David - (Temple, TX) - Asbury Park",
,Freight & Delivery,ad,2,"Dylan - (Fort Worth, TX) - Bonnie Royal",
,front sprinklers,w,2,"Yonnic - (Hallsville, TX) - Townhomes at Cider Point",
,Fuel,rm,7,"Yonnic - (Monroe, LA) - Seasons & Woodale",2xad
,Fuel & Propane,rm,2,"Paul - (Killeen, TX) - Dorel Killeen",
,Fun Day,ad,2,"Will - (Kansas City, MO) - Province of Briarcliff",
,Furn & Equip Rental,ad,2,"Guillermo - (Houston, TX) - The Sophia",
,Furnished Apartment Expense,rm,2,"Paul - (Lubbock, TX) - Dimora Village",
,Furnishings,ad,2,"David - (Odessa, TX) - East 12th Townhomes",
,Furniture And Fixtures,rm,2,"Will - (Overland Park, KS) - 87th Street Apartments",
,Futa Expense,pr,2,"Guillermo - (Yukon, OK) - Yukon Heights",
,Futa - Fed Unemployment Tax,pr,2,"Dylan - (Houston, TX) - Park at Vittoria",
,Futa Tax,pr,4,"Guillermo - (Houston, TX) - Pines at Woodcreek",
,FUTA/SUTI-WrkComp,rm,2,"Chase - (Corsicana, TX) - Oak Lawn",
,G&A,ad,2,"Greg - (Abilene, TX) - Big County",
,G4100100   Market Rent,r,2,"Chris - (Alvin, TX) - Oak Park Village",
,Gain / Loss To Lease,ll,6,"Yonnic - (San Antonio, TX) - Seraphina Castle Hills",
,Gain (Loss) To Lease,ll,4,"Danny - (Dallas, TX) - The Link",
,Gain (Loss) To Rent,ll,8,"Danny - (Weatherford, TX) - Lone Oak",
,Gain To Lease,ll,4,"Guillermo - (Yukon, OK) - Yukon Heights",
,Gain/Loss To Lease,ll,20,"Danny - (Manor, TX) - Flats at Shadowglen",
,Garage,oi,6,"Danny - (Manor, TX) - Flats at Shadowglen",
,Garage And Parking Income,oi,2,"Danny - (Manor, TX) - Flats at Shadowglen",
,Garage Income,oi,10,"Guillermo - (Houston, TX) - Pines at Woodcreek",
,Garage Rent,oi,4,"Dylan - (Fort Worth, TX) - The Stella",
,Garage Repairs & Maintenance,rm,2,"Guillermo - (Baton Rouge, LA) - Terraces at Perkins Rowe",
,Garage Repairs & Maitenance,rm,2,"Guillermo - (Houston, TX) - Pines at Woodcreek",
,Garages,oi,2,"Paul - (Lacy Lakeview, TX) - The Zoe",
,Garbage,tr,4,"Yonnic - (Harlingen, TX) - Timbers",
,Garbage And Recycling,tr,18,"Chase - (Shawnee, OK) - Villa Chateau",
,Garbage And Recycling Removal,rt,2,"Trey - (Dallas, TX) - Ascent at Midtown",
,Garbage Disposal,rm,4,"Danny - (Manor, TX) - Flats at Shadowglen",
,GARBAGE PICKUP,oi,2,"Paul - (Garland, TX) - Vista Isle",
,Garbage & Trash Removal,tr,8,"Guillermo - (Yukon, OK) - Yukon Heights",1xcs
,Garbage/Trash Removal-Contract,tr,2,"Dylan - (Houston, TX) - Park at Vittoria",
,Gardening,rm,2,"Guillermo - (Temple, TX) - Greenbrier Park Apartments",
,Gardening and Landscape,cs,3,"Dylan - (Charles, LA) - The Oaks Apartments",
,Gardening Supplies,ad,2,"Emilio - (San Antonio, TX) - Contessa Townhomes",
,Gas,o,113,"Emilio - (Houston, TX) - Las Palmas",
,Gas - All Bills Paid,o,2,"Guillermo - (Lubbock, TX) - Cottage Point",
,Gas and Electric,o,2,"David - (San Antonio, TX) - Robins Nest",
,Gas Bill Service,o,2,"Chris - (Dallas, TX) - HYA Live Oak Apartments",
,Gas-Common Area,o,10,"Danny - (Manor, TX) - Flats at Shadowglen",
,Gas - Common Areas,o,2,"Yonnic - (San Antonio, TX) - Seraphina Castle Hills",
,Gas-Common Usage,o,4,"Guillermo - (Lubbock, TX) - Cottage Point",
,Gas & Electric,o,2,"Dylan - (College Station, TX) - Park Place",
,Gas Expense,o,2,"Guillermo - (Yukon, OK) - Yukon Heights",
,Gas Expense - Common Area,o,2,"Danny - (Dallas, TX) - The Link",
,Gas Fee,ro,1,"paul - (Dallas, TX) - Estrella at Kiest",
,Gas Income,ro,6,"Guillermo - (Dallas, TX) - Pearl at Midtown",
,Gas Master/House Meter,o,4,"Dylan - (Fort Worth, TX) - The Stella",
,Gas Occupied - Income,ro,2,"Danny - (Dallas, TX) - The Link",
,Gas - Office/Model,o,2,"Yonnic - (Dallas, TX) - Legacy Lofts",
,Gas - Public Service Meter,o,4,"Will - (Overland Park, KS) - 87th Street Apartments",
,Gas Reimb,ro,2,"Greg - (Amarillo, TX) - Cross Timbers at Grand Street",
,Gas Reimbursements,oi,2,"Guillermo - (Houston, TX) - The Sophia",
,Gas - Resident Billed,o,2,"Yonnic - (Dallas, TX) - Legacy Lofts",
,GAS - Utilities,o,2,"Dylan - (Houston, TX) - Residences at Med",
,Gas-Utility,o,6,"David - (Temple, TX) - Asbury Park",1xro
,Gas - Vacant Units,o,4,"Will - (Overland Park, KS) - 87th Street Apartments",
,Gas Vacants,o,2,"Greg - (Amarillo, TX) - Cross Timbers at Grand Street",
,Gas/Mileage,ad,2,"Dylan - (Fort Worth, TX) - Mesa Vista",
,Gate Access Repair,rm,2,"Danny - (Manor, TX) - Flats at Shadowglen",
,Gate & Fencing Repairs,rm,2,"Guillermo - (Temple, TX) - Greenbrier Park Apartments",
,"Gate, Lock & Key Income",oi,2,"Bryce - (Haltom City, TX) -  Loraine Place",
,Gate Maintenance,cs,2,"Danny - (Weatherford, TX) - Lone Oak","recoded from 'rm' (standardized to majority ({'rm': 2, 'cs': 4}))"
,Gate Remote Income,oi,1,"Chris - (Webster, TX) - The Townhomes on Three",
,Gate - Remotes /,rm,2,"Bryce - (Arlington, TX) - Timberlake Villas",
,Gate Repair,rm,4,"Danny - (Dallas, TX) - The Link",
,Gate Repair & Maintenance,rm,2,"Emilio - (Dallas, TX) - Tribeca & 2106 Bennett",
,Gate Repair/ Supplies,rm,2,"Trey - (Garland, TX) - Hills of Palos Verde",
,Gate Repair/Maintenance,rm,2,"Chris - (Dallas, TX) - HYA Live Oak Apartments",
,Gate Services,cs,2,"Chris - (Dallas, TX) - HYA Live Oak Apartments",
,Gate system,cs,2,"Yonnic - (Hallsville, TX) - Townhomes at Cider Point",
,Gate/Garage Repair And Supply,rm,2,"Will - (Kansas City, MO) - Province of Briarcliff",
,Gate/Laundry Cards,ad,2,"Guillermo - (Houston, TX) - Pines at Woodcreek",
,Gates/Gate Cards,rm,1,"Chris - (Webster, TX) - The Townhomes on Three",
,Genadmin: Advertising / Marketing,m,2,"Emilio - (Dallas, TX) - 4625 Virginia Ave",
,General,rm,14,"- (Abilene, TX) - The Quarters",1xcs
,General & Administrative Expenses,ad,2,"Dylan - (Fort Worth, TX) - Bonnie Royal",
,General Advertising,m,4,"Dylan - (Denton, TX) - 1105 & 1109 Sleepy Hollow",
,General Cleaning,rm,8,"Danny - (Weatherford, TX) - Lone Oak",
,General Cleaning - Common Area,rm,2,"Paul - (Haltom City, TX) - Woods of Haltom City",
,General Cleaning - Vacant Area,rm,2,"Paul - (Haltom City, TX) - Woods of Haltom City",
,General Interior Damage Fee,oi,2,"Chris - (Dallas, TX) - HYA Live Oak Apartments",
,General Liability,i,4,"Guillermo - (Houston, TX) - Pines at Woodcreek",
,General Liability Insurance,i,2,"Trey - (Duncanville, TX) - Sunset Villa",
,General Maint,rm,3,"David - (Commerce, TX) - Mayo Townhomes",
,General Maint Salary,pr,6,- Orleans,
,General Maintenance,rm,2,"Chase - (Corsicana, TX) - Oak Lawn",
,General Maintenance Labor,rm,28,"Chase - (Shawnee, OK) - Villa Chateau",2xpr; 1xcs
,General Manager Payroll,pr,4,"Dylan - (Fort Worth, TX) - The Stella",
,General Office,ad,3,"David - (Commerce, TX) - Mayo Townhomes",
,General Rep. and Maint.,rm,4,"Chase - (Corsicana, TX) - Oak Lawn",
,General Repair & Maint,rm,2,"Danny - (Manor, TX) - Flats at Shadowglen",
,General Repair & Maintenance,rm,8,"Trey - (Duncanville, TX) - Sunset Villa",
,General Supplies,rm,4,"Danny - (Manor, TX) - Flats at Shadowglen",1xad
,Glass,rm,1,"Chris - (Webster, TX) - The Townhomes on Three",
,Glass / Screens,rm,2,"Danny - (Dallas, TX) - The Link",
,Glass And Mirror,rm,6,"Guillermo - (Houston, TX) - Pines at Woodcreek",
,"Glass,Mirrors & Screens",rm,4,"Greg - (Arlington, TX) - Stadium West",
,Glass Repair/Replace,rm,3,"Yonnic - (Monroe, LA) - Seasons & Woodale",
,Glass Repairs,rm,8,"Jon - (Tulsa, OK) - Boulder Ridge",
,Glass Replacement,rm,1,"Danny - (Temple, TX) - The District at 21 Fourteen",
,Glass & Screen Repair,rm,4,"Danny - (Manor, TX) - Flats at Shadowglen",
,Glass Supplies & Repairs,rm,2,"Guillermo - (Garland, TX) - Meadow Creek",
,GLASS/SCREENS R/M,rm,2,"Paul - (Garland, TX) - Vista Isle",
,Golf Cart,rm,2,"Guillermo - (Houston, TX) - Pines at Woodcreek",
,Golf Cart Repairs,rm,6,"Yonnic - (San Antonio, TX) - Seraphina Castle Hills",
,Google Ads,m,2,"David - (Kingsville, TX) - SG Apartments",
,Gross Market Rent,r,20,"Emilio - (Houston, TX) - Las Palmas",
,Gross Mkt Rent Potential,r,2,"Danny - (Manor, TX) - Flats at Shadowglen",
,Gross Possible Rent,r,2,"Jon - (Richardson, TX) - Winding Way",
,Gross Potential Rent,r,44,"Will - (Overland Park, KS) - 87th Street Apartments",
,Gross Potential Rent Charges,r,2,"David - (Greenville, TX) - Kingridge",
,Gross Potential Rental Revenue $,r,2,"Yonnic - (Lawton, OK) - Oak Lawn",
,Gross Potential/Market Rent,r,4,"Guillermo - (Houston, TX) - Pines at Woodcreek",
,Gross Rent,r,2,"Guillermo - (Garland, TX) - Bay Island",
,Gross Wages,pr,2,"Guillermo - (Temple, TX) - Greenbrier Park Apartments",
,Ground Supplies,rm,6,"Guillermo - (Houston, TX) - Pines at Woodcreek",
,Grounds,rm,2,"Danny - (Manor, TX) - Flats at Shadowglen",
,Grounds Contract,cs,8,"Danny - (Weatherford, TX) - Lone Oak",
,Grounds Contracted,cs,2,"Guillermo - (Allen, TX) - 301 Greenville",
,Grounds & Lawn,cs,2,"Emilio - (Sherman, TX) - Concord Village",
,Grounds Maintenance,rm,14,- Orleans,1xcs
,Grounds Maintenance Contract,cs,4,"Greg - (Arlington, TX) - Stadium West",
,Grounds Maintenance - Misc.,cs,2,"Paul - (Haltom City, TX) - Woods of Haltom City","recoded from 'rm' (standardized to majority ({'rm': 2, 'cs': 5}))"
,Grounds Maintenance Supplies,rm,4,"Greg - (Arlington, TX) - Stadium West",
,Grounds R&M,rm,2,"Guillermo - (Yukon, OK) - Yukon Heights",
,Grounds - Salaries,pr,2,"Yonnic - (San Antonio, TX) - Seraphina Castle Hills",
,Grounds Supplies,rm,12,"Bryce - (Haltom City, TX) -  Loraine Place",1xcs
,Grounds/Lawn Contract,cs,2,"Dylan - (Houston, TX) - Park at Vittoria",
,Grounds/Lawn Supplies,cs,2,"Dylan - (Houston, TX) - Park at Vittoria",
,Grounds/Parking Lot Supply,rm,2,"Will - (Kansas City, MO) - Province of Briarcliff",
,Groundskeeper,pr,6,"Danny - (Weatherford, TX) - Lone Oak",
,Groundskeeping,pr,2,"Guillermo - (Lubbock, TX) - Cottage Point","recoded from 'cs' (standardized to majority ({'cs': 2, 'pr': 4}))"
,Groundsperson,pr,5,"Guillermo - (Lubbock, TX) - Lubbock Square Apartments",
,GROUP HEALTH INSURANCE,pr,2,"Paul - (Garland, TX) - Vista Isle",
,Group Insurance,pr,18,"Emilio - (Houston, TX) - Las Palmas",
,Group Term Life & A&H,pr,2,"Guillermo - (Yukon, OK) - Yukon Heights",
,Guarantor Liability Insurance Expense,i,2,"Danny - (Manor, TX) - Flats at Shadowglen",recoded from 'ad' (property insurance -> i)
,Guarantor Waiver Fee Income,oi,2,"Danny - (Manor, TX) - Flats at Shadowglen",
,Gusto Payroll Service,ad,2,"David - (Kingsville, TX) - SG Apartments",
,Guttering,rm,2,"Yonnic - (Dallas, TX) - Legacy Lofts",
,Gym Equipment Repair,rm,2,"Jon - (Lewisville, TX) - Vistas on the Park",
,Hallway Cleaning & Repairs,cs,2,"Greg - (Amarillo, TX) - Cross Timbers at Grand Street",
,Handyman Maintenance - Bi-weekly,cs,2,"Paul - (Denton, TX) - Maple Tree Townhomes",
,HAP,r,3,"Dylan - (Charles, LA) - The Oaks Apartments",
,Hap Rent,r,2,"Dylan - (Fort Worth, TX) - The Stella",
,Hardware,rm,15,"Guillermo - (Houston, TX) - Pines at Woodcreek",2xad
,Hardware - Misc,rm,2,"Jon - (Richardson, TX) - Winding Way",
,Hardware Supplies,rm,10,"Will - (Kansas City, MO) - Province of Briarcliff",
,Hardware/Carpentry,rm,12,"Bryce - (Denton, TX) - The Cluster Apartments",
,Hardware/Supplies,rm,2,"Bryce - (Denton, TX) - Campus Walk",
,Hazard Insurance,i,4,"Greg - (Arlington, TX) - Stadium West",
,Health Insurance,pr,23,"Will - (Kansas City, MO) - Province of Briarcliff",
,Health Insurance/Employee Benefits,pr,2,"Dylan - (Lubbock, TX) - Crest at Cooper",
,Health Insurance/Other Emp. Benefits,pr,4,"Dylan - (Fort Worth, TX) - The Stella",
,Health/Life Insurance,pr,2,"Trey - (Garland, TX) - Hills of Palos Verde",
,Healthcare/Dental,pr,2,David - (Carrollton) - Marbella Villas at Indian Creek,
,Heat / A/C - Parts & Supp,rm,2,"Dylan - (Houston, TX) - Park at Vittoria",
,Heating / A/C Unit - Filters,rm,2,"Dylan - (Houston, TX) - Park at Vittoria",
,Heating & A/C Maintenance,rm,8,"Danny - (Weatherford, TX) - Lone Oak",
,Heating and Air Repairs,rm,1,"paul - (Dallas, TX) - Estrella at Kiest",
,Heating & Cooling:,o,4,"Danny - (OKC, OK) - The Hudson",1xrm
,Heating & Cooling Supplies,rm,4,"Guillermo - (Houston, TX) - Pines at Woodcreek",
,Heating Repairs/Supplies,rm,2,"Trey - (Garland, TX) - Hills of Palos Verde",
,Heating/Air Conditioning,rm,2,"Danny - (Manor, TX) - Flats at Shadowglen",
,Heating/Air Conditioning - Supplies,rm,2,"Danny - (Manor, TX) - Flats at Shadowglen",
,83290-HI/AC,rm,2,"Danny - (Dallas, TX) - Magnolia on Gaston",
,High Risk Fee,oi,10,"Emilio - (Houston, TX) - Las Palmas",
,High Speed Internet Income,ro,2,"Guillermo - (Houston, TX) - Pines at Woodcreek",
,High Speed Internet Service,o,9,"Yonnic - (Monroe, LA) - Seasons & Woodale",2xad
,Historical Balances (Imported Credits And Balances Owed),oi,2,"Danny - (Oklahoma City, OK) - The Brickson",
,HOA - Association Dues,oi,2,"Yonnic - (Dallas, TX) - Legacy Lofts",
,HOA - Special Assessment,oi,2,"Yonnic - (Dallas, TX) - Legacy Lofts",
,HOA/Condo Fees,ad,2,"Trey - (McKinney, TX) - 301 E Lamar St",
,Holiday Party,ad,2,"Will - (Kansas City, MO) - Province of Briarcliff",
,Hospitality-Office Water/Refreshments,ad,4,"Guillermo - (Houston, TX) - Pines at Woodcreek",
,Hot Water Heater Repairs,rm,2,"Guillermo - (Yukon, OK) - Yukon Heights",
,House clean,rm,2,"Guillermo - (Houston, TX) - La Terraza Apartments",
,House Cleaning,rm,2,"Guillermo - (Hurst, TX) - Point on Calloway",
,House Electric,e,2,"Jon - (Lewisville, TX) - Vistas on the Park",
,House Keeping Cleaning Turnover,rm,2,"Chris - (Dallas, TX) - HYA Live Oak Apartments",
,House/Vacant Electricity,e,4,"Greg - (Dallas, TX) - The Carolina",
,House/Vacant Gas Expense,o,4,"Greg - (Dallas, TX) - The Carolina",
,House/Vacant Water Expense,w,4,"Greg - (Dallas, TX) - The Carolina",
,Housekeeper,pr,2,"Yonnic - (Fort Worth, TX) - Polo Club",
,Housekeeper / Cleaning Service,rm,6,"Yonnic - (San Antonio, TX) - Seraphina Castle Hills",
,Housekeeper - Salaries,pr,4,"Yonnic - (San Antonio, TX) - Seraphina Castle Hills",
,Housekeeping,cs,8,"- (Abilene, TX) - The Quarters",1xrm
,Housekeeping - Make Ready,rm,2,"Danny - (Oklahoma City, OK) - The Brickson",
,Housekeeping/ Janitorial,rm,2,"Emilio - (Sherman, TX) - Concord Village",
,Housekeeping/Maid Service,cs,2,"Dylan - (Lubbock, TX) - Crest at Cooper",
,Housing Authority Rent,r,4,"Greg - (Dallas, TX) - The Carolina",
,Hsa Contributions,pr,2,"Trey - (Garland, TX) - Hills of Palos Verde",
,HUD Income,r,6,- Orleans,
,HVAC,rm,39,"Bryce - (Denton, TX) - The Cluster Apartments",1xcs
,Hvac Contract Repairs,rm,2,"Dylan - (Fort Worth, TX) - The Stella",
,Hvac Contractors,rm,2,"Dylan - (Fort Worth, TX) - Mesa Vista",
,HVAC (Cooling/AC),rm,6,"(Weslaco, TX) - 2604 S Bridge Ave",
,Hvac-Freon,rm,2,"Will - (Kansas City, MO) - Province of Briarcliff",
,"Hvac (Heat, Ventilation,",rm,2,"Emilio - (Plano, TX) - Texas Star Townhomes",
,"Hvac (Heat, Ventilation, Air)",rm,24,"Chase - (Shawnee, OK) - Villa Chateau",1xcs
,"Hvac (Heat, Ventilation, Air) R&M",rm,4,"David - (Odessa, TX) - East 12th Townhomes",
,HVAC (Heating),rm,6,"(Weslaco, TX) - 2604 S Bridge Ave",
,Hvac Maintenance / Repairs,rm,2,"Bryce - (San Antonio, TX) - Stone Chase",
,Hvac - Non-Routine Labor,rm,2,"Will - (Kansas City, MO) - Province of Briarcliff",
,Hvac Parts,rm,2,"Will - (Kansas City, MO) - Province of Briarcliff",
,HVAC Parts & Supplies,rm,2,"Jon - (Richardson, TX) - Winding Way",
,Hvac R&M,rm,2,"Guillermo - (Yukon, OK) - Yukon Heights",
,HVAC R/M,rm,2,"Paul - (Garland, TX) - Vista Isle",
,Hvac Reapir & Maint.,rm,2,"Guillermo - (Temple, TX) - Greenbrier Park Apartments",
,Hvac - Repair,rm,5,"Yonnic - (Monroe, LA) - Seasons & Woodale",1xad
,"Hvac Repair (Heat, Ventilation, Air)",rm,2,"Guillermo - (Hurst, TX) - Point on Calloway",
,Hvac Repair & Maintenance,rm,8,"Emilio - (Dallas, TX) - Tribeca & 2106 Bennett",
,Hvac Repairs,rm,13,"Danny - (Manor, TX) - Flats at Shadowglen",
,Hvac Repairs / Maintenance,rm,2,"Danny - (Dallas, TX) - The Link",
,Hvac-Repairs And Maint,rm,4,"Greg - (Dallas, TX) - The Carolina",
,Hvac Repairs & Parts,rm,2,"Danny - (Oklahoma City, OK) - The Brickson",
,"HVAC Repairs, Parts and Supplies",rm,2,"Will - (Copperas Cove, TX) - Las Cortes",
,Hvac Repairs/Supplies,rm,4,"Trey - (Garland, TX) - Hills of Palos Verde",
,Hvac Replaced,rm,4,"Dylan - (Denton, TX) - 1105 & 1109 Sleepy Hollow",
,Hvac Service,rm,4,"Dylan - (Denton, TX) - 1105 & 1109 Sleepy Hollow",
,Hvac Supplies,rm,16,"Danny - (Manor, TX) - Flats at Shadowglen",
,Hvac Supplies / Repairs,rm,6,"Yonnic - (San Antonio, TX) - Seraphina Castle Hills",
,Hvac Supplies & Repairs,rm,14,"Jon - (Tulsa, OK) - Boulder Ridge",
,HVAC Technician,pr,2,"Guillermo - (Lubbock, TX) - Cottage Point",
,Ils Advertising,m,2,"Trey - (Garland, TX) - Hills of Palos Verde",
,ILS-INTERNET LEADS-MAGAZINES,m,2,"Paul - (Garland, TX) - Vista Isle",
,In6330000   Insurance Escrow,i,2,"Chris - (Alvin, TX) - Oak Park Village",
,Income: Base Rent,r,2,"Emilio - (Dallas, TX) - 4625 Virginia Ave",
,Income: Delinquency,bd,2,"Emilio - (Dallas, TX) - 4625 Virginia Ave",
,Income-Make Ready Misc.,oi,2,"David - (Temple, TX) - Asbury Park",
,Income-Make Ready Repair,oi,2,"David - (Temple, TX) - Asbury Park",
,Income: Pet Rent,oi,2,"Emilio - (Dallas, TX) - 4625 Virginia Ave",
,Income: Reletting / Break Lease Fee,oi,2,"Emilio - (Dallas, TX) - 4625 Virginia Ave",
,Income: Utility Service,rw,2,"Emilio - (Dallas, TX) - 4625 Virginia Ave",
,Income: Washer / Dryer Rental,ro,2,"Emilio - (Dallas, TX) - 4625 Virginia Ave",
,Initial Pet Fees,oi,2,"Danny - (Manor, TX) - Flats at Shadowglen",
,Ins. Benefits - Administrative,pr,2,"Danny - (Manor, TX) - Flats at Shadowglen",
,Ins. Benefits - Maintenance,pr,2,"Danny - (Manor, TX) - Flats at Shadowglen",
,Ins - General Liability,i,10,"Paul - (Lacy Lakeview, TX) - The Zoe",
,Ins - Property & Casualty Insurance,i,14,"Emilio - (Houston, TX) - Las Palmas",
,Ins- Property & Causality Insurance,i,2,"Guillermo - (Allen, TX) - 301 Greenville",
,Ins - Renter's Insurance,i,2,"David - (Waco, TX) - Cove on 21st",
,Ins - Terrorism,i,2,"David - (Waco, TX) - Cove on 21st",
,7105-0600Ins - Umbrella,i,4,"Paul - (Killeen, TX) - The Forum",
,Inspection Fee,ad,1,"paul - (Dallas, TX) - Estrella at Kiest",
,Inspection fees Expense,ad,2,"Dylan - (Houston, TX) - Residences at Med",
,Inspections,ad,10,"Emilio - (Houston, TX) - Las Palmas",1xrm
,Insufficient Notice Fee,oi,4,"Emilio - (Dallas, TX) - Bella Vista Pointe",
,Insufficient Notice Fees,oi,4,"Paul - (Killeen, TX) - Dorel Killeen",
,Insufficient Notice Income,oi,2,"Guillermo - (Garland, TX) - Meadow Creek",
,Insufficient Notice Penalty,oi,2,"Emilio - (Dallas, TX) - Bella Vista Sol",
,Insuficient Funds Fee,oi,6,- Orleans,
,Insurance Admin Fee,oi,2,"Guillermo - (Garland, TX) - Meadow Creek",
,Insurance And Other Benefits/Fees,pr,2,"Dylan - (Fort Worth, TX) - Mesa Vista",
,Insurance and Tax Holding,i,2,"David - (Corsicana, TX) - Skylane Ave SFR",
,Insurance - Building,i,4,"Chase - (Corsicana, TX) - Oak Lawn",recoded from 'w' (property insurance -> i)
,INSURANCE EXEMPTION FEE,oi,2,"Paul - (Garland, TX) - Vista Isle",
,Insurance Expense,i,33,"Trey - (Cedar Hills, TX) - 312 Hickerson St",
,Insurance Expense Gl,i,2,"Chris - (Dallas, TX) - HYA Live Oak Apartments",
,Insurance Expense - Liability,i,2,"Yonnic - (Dallas, TX) - Legacy Lofts",
,Insurance Expense - Other,i,4,"Will - (Overland Park, KS) - 87th Street Apartments",
,Insurance Expense - Property,i,2,"Yonnic - (Dallas, TX) - Legacy Lofts",
,Insurance Expense - Rental,i,2,"Jon - (Copperas Cove, TX) - The Bricks",
,Insurance Expense - Umbrella,i,2,"Yonnic - (Dallas, TX) - Legacy Lofts",
,Insurance - Flood,i,2,"Angel - (Granbury, TX) - The Woods",
,Insurance-General Liab.,i,2,"Danny - (Dallas, TX) - The Link",
,"Insurance, Misc.",i,3,"Yonnic - (Monroe, LA) - Seasons & Woodale",
,Insurance - Other,i,8,"Bryce - (Cleburne, TX) - Colonial",
,Insurance Payment,i,2,"Danny - (Killeen, TX) - 1601 E Central Expy",
,Insurance Proceeds,oi,2,"Trey - (Dallas, TX) - Ascent at Midtown",
,Insurance - Prop & Liab,i,2,"Dylan - (Lubbock, TX) - Crest at Cooper",
,Insurance - Property,i,22,"David - (Temple, TX) - Asbury Park",
,Insurance Property And General Liability,i,4,"Dylan - (Fort Worth, TX) - The Stella",recoded from 'tx' (property insurance -> i)
,Insurance Reimbursement,ro,4,"Dylan - (Fort Worth, TX) - Mesa Vista",1xoi
,Insurance Services,oi,29,"Trey - (Duncanville, TX) - Sunset Villa",
,Insurance Total DIRECT EXPENSES,i,2,"Emilio - (Plano, TX) - Texas Star Townhomes",recoded from 'ad' (property insurance -> i)
,Insurance-Umbrella,i,2,"Danny - (Dallas, TX) - The Link",
,Insurance - Wc,i,2,"David - (Temple, TX) - Asbury Park",
,Insurance Workmans Comp,i,4,"Emilio - (Dallas, TX) - Bella Vista Pointe",1xpr
,Interest,oi,2,"Dylan - (Fort Worth, TX) - The Stella",
,Interest - Escrows,oi,2,"Paul - (Killeen, TX) - Dorel Killeen",
,Interest Expense,ad,2,"Guillermo - (Temple, TX) - Greenbrier Park Apartments",
,Interest From Savings,oi,4,"Emilio - (Dallas, TX) - Bella Vista Pointe",
,Interest Income,oi,41,"Emilio - (Houston, TX) - Las Palmas",
,Interest Paid,ad,2,"David - (Temple, TX) - Asbury Park",
,Interior Amenity Repair,rm,2,"Trey - (Garland, TX) - Hills of Palos Verde",
,Interior Doors/Trim,rm,2,"Paul - (Haltom City, TX) - Woods of Haltom City",
,Interior Lighting,rm,2,"Danny - (Oklahoma City, OK) - The Brickson",
,Interior Painting,rm,9,"Guillermo - (Yukon, OK) - Yukon Heights",
,Interior Painting And Supplies,rm,7,"Guillermo - (Lubbock, TX) - Lubbock Square Apartments",
,Interior Repairs,rm,5,"Dylan - (Fort Worth, TX) - Mesa Vista",
,Interior Repairs Maintenance,rm,2,"Chris - (Dallas, TX) - HYA Live Oak Apartments",
,Interior Repairs - Material,rm,2,"Chris - (Dallas, TX) - HYA Live Oak Apartments",
,Interior Repairs/Maintenance,rm,2,"Dylan - (Fort Worth, TX) - Bonnie Royal",
,Interior Repairs/Supplies,rm,4,"Trey - (Garland, TX) - Hills of Palos Verde",
,Interior/Closet Doors,rm,2,"Guillermo - (Temple, TX) - Greenbrier Park Apartments",
,Internet,o,25,"Danny - (Manor, TX) - Flats at Shadowglen",2xad; 1xi
,Internet / Cable - Allocated Bi,o,2,"Bryce - (Arlington, TX) - Timberlake Villas",
,Internet / Website Updates,ad,2,"Paul - (Katy, TX) - Everson",
,Internet Access,ad,6,"Yonnic - (San Antonio, TX) - Seraphina Castle Hills",
,Internet Ads,m,8,"Paul - (Lacy Lakeview, TX) - The Zoe",
,Internet Advertising,m,12,"Bryce - (Springtown, TX) - North Park Townhomes",1xmf
,Internet & Cable Service Bulk,o,2,"Dylan - (Denton, TX) - Quincy Court",
,Internet - Community,o,4,"Paul - (Lacy Lakeview, TX) - The Zoe",
,Internet Expense,ad,12,"Dylan - (Fort Worth, TX) - Mesa Vista",3xo
,Internet Expenses,ad,4,"Jon - (Richardson, TX) - Winding Way",
,Internet Fee,ro,1,"paul - (Dallas, TX) - Estrella at Kiest",
,Internet Income,oi,4,"David - (Odessa, TX) - East 12th Townhomes",
,Internet Listing  Expense,m,2,"Will - (Copperas Cove, TX) - Las Cortes",
,Internet Listing Service,m,4,"Danny - (Manor, TX) - Flats at Shadowglen",
,Internet Listing Service (Ils),m,2,"Danny - (Manor, TX) - Flats at Shadowglen",
,Internet Listing Services (Ils),m,6,"Yonnic - (San Antonio, TX) - Seraphina Castle Hills",
,Internet Marketing,m,3,"Jon - (Lewisville, TX) - Vistas on the Park",
,Internet - Office,ad,16,"Paul - (Lacy Lakeview, TX) - The Zoe",3xo
,Internet Referral Fees,m,4,"Guillermo - (Houston, TX) - Pines at Woodcreek",
,Internet Service,ad,2,"Jon - (Fairfield, TX) - East Meadows Apartments",
,Internet Service Fees,ad,2,"Guillermo - (Yukon, OK) - Yukon Heights",
,Internet Services,o,5,"Yonnic - (Dallas, TX) - Legacy Lofts",2xad
,Internet Svc,ad,1,"Danny - (Temple, TX) - The District at 21 Fourteen",
,Internet Technology Fee,o,1,"paul - (Dallas, TX) - Estrella at Kiest",
,Internet W Free Cable Revenue,oi,2,"Guillermo - (Allen, TX) - 301 Greenville",
,Internet & Wi-Fi Amenity Fee,oi,2,"Guillermo - (Garland, TX) - Meadow Creek",
,Internet/ Wifi,o,2,"Danny - (Manor, TX) - Flats at Shadowglen",
,Internet/Cable Fee,ro,1,"paul - (Dallas, TX) - Estrella at Kiest",
,Internet/On-line advertising,m,2,"Paul - (Katy, TX) - Everson",
,Internet/Online Advertising,m,2,"Dylan - (Fort Worth, TX) - Mesa Vista",
,Intrusion Alarm Contract,cs,7,"Yonnic - (San Antonio, TX) - Seraphina Castle Hills",2xrm
,Intrusion Alarm Supplies / Repairs,rm,2,"Bryce - (San Antonio, TX) - Stone Chase",
,Irrigation,w,4,"Guillermo - (Baton Rouge, LA) - Terraces at Perkins Rowe",
,Irrigation Repairs,rm,2,"Trey - (Garland, TX) - Hills of Palos Verde",
,Irrigation & Sprinkler Repairs,rm,2,"Guillermo - (Temple, TX) - Greenbrier Park Apartments",
,IT & Computer Expense,ad,2,"David - (Kingsville, TX) - SG Apartments",
,It Expenses,ad,2,"Jon - (Lewisville, TX) - Vistas on the Park",
,Item(s) Removal,oi,2,"Guillermo - (Allen, TX) - 301 Greenville",
,Janitor Supplies,rm,2,"Guillermo - (Yukon, OK) - Yukon Heights",
,Janitorial,cs,4,"Trey - (Duncanville, TX) - Sunset Villa",
,Janitorial- Cleaning/Restroom Supplies,rm,4,"Will - (Overland Park, KS) - 87th Street Apartments",
,Janitorial- Common Area/Hallways,rm,4,"Will - (Overland Park, KS) - 87th Street Apartments",1xcs
,JANITORIAL CONTRACT SVCS,cs,2,"Paul - (Garland, TX) - Vista Isle",
,Janitorial Contracted Services,cs,2,"Will - (Kansas City, MO) - Province of Briarcliff",
,Janitorial Expense,rm,8,"Emilio - (San Antonio, TX) - Contessa Townhomes",
,Janitorial Services,cs,2,"Danny - (Dallas, TX) - The Link",
,Janitorial Supplies,rm,7,"Will - (Kansas City, MO) - Province of Briarcliff",
,Janitorial Supplies T/O Only,rm,2,"Dylan - (Fort Worth, TX) - The Stella",
,Janitorial Total CLEANING &,cs,2,"Emilio - (Plano, TX) - Texas Star Townhomes",
,Janitorial- Unit Cleaning,rm,4,"Will - (Overland Park, KS) - 87th Street Apartments",
,Janitorial/Cleaning Maintenance,rm,2,"Paul - (Lubbock, TX) - Dimora Village",
,Janitorial/Cleaning Supplies,rm,4,"Trey - (Garland, TX) - Hills of Palos Verde",
,Job Supplies,rm,2,"Emilio - (San Antonio, TX) - The 209",
,401k,pr,8,- Orleans,
,401K Contr - Administrative,pr,2,"Danny - (Manor, TX) - Flats at Shadowglen",
,401K Contr - Maintenance,pr,2,"Danny - (Manor, TX) - Flats at Shadowglen",
,401K Contributions,pr,8,"Yonnic - (San Antonio, TX) - Seraphina Castle Hills",
,401K - Employer Match,pr,2,"Trey - (Garland, TX) - Hills of Palos Verde",
,401K Match,pr,17,"Emilio - (Houston, TX) - Las Palmas",
,401K Plan,pr,2,"Guillermo - (Yukon, OK) - Yukon Heights",
,Key / Lock Change Income,oi,4,"Dylan - (Fort Worth, TX) - The Stella",
,Key & Access Card Income,oi,12,"Emilio - (Houston, TX) - Las Palmas",
,Key and Lock Change,oi,2,"Guillermo - (Allen, TX) - 301 Greenville",
,Key And Lock Fee,oi,2,"Guillermo - (Garland, TX) - Meadow Creek",
,Key & Lock Charges,oi,2,"David - (Kingsville, TX) - SG Apartments",
,Key & Lock Repairs &Replacement,rm,2,"Guillermo - (Yukon, OK) - Yukon Heights",
,Key & Lock Replacement,oi,2,"Guillermo - (Yukon, OK) - Yukon Heights",
,Key & Lock Supplies,rm,2,"Bryce - (Arlington, TX) - Timberlake Villas",
,Key/ Lock Replacement,rm,4,"Emilio - (San Antonio, TX) - Contessa Townhomes",
,Key/Lock Change,oi,6,- Orleans,
,Key/Lock R&M,rm,2,"David - (Odessa, TX) - East 12th Townhomes",
,Key/Lock Replacement,rm,18,"Jackson - (Dallas, TX) - 4414 Worth St",
,Key/Lock/Access Card Fees,oi,2,"Danny - (Manor, TX) - Flats at Shadowglen",
,Keys,ad,2,"David - (Temple, TX) - Asbury Park",
,Keys / Locks,rm,2,"Dylan - (Houston, TX) - Park at Vittoria",
,Keys And Locks,rm,5,"Trey - (Garland, TX) - Hills of Palos Verde",
,Keys & Locks,rm,10,"Trey - (Duncanville, TX) - Sunset Villa",
,"Keys, Locks, Lock Changes",oi,4,"Bryce - (Arlington, TX) - Timberlake Villas",
,"Keys, Locks, Lock Charges",oi,2,"Trey - (Garland, TX) - Hills of Palos Verde",
,"Keys, Locks & Remotes",rm,2,"Guillermo - (Temple, TX) - Greenbrier Park Apartments",
,Keys/Cards/Remotes,ad,2,David - (Carrollton) - Marbella Villas at Indian Creek,
,Keys/Lock Fees,oi,2,"Danny - (Manor, TX) - Flats at Shadowglen",
,KEYS/LOCKS/DOORS,rm,2,"Paul - (Garland, TX) - Vista Isle",
,Keys/Remotes,oi,4,"Greg - (Dallas, TX) - The Carolina",
,Labor,pr,1,"Paul - (Killeen, TX) - Quail Hollow Apartments",
,Labor Workers,rm,2,"Guillermo - (Temple, TX) - Greenbrier Park Apartments",
,Landlord Incentive,oi,2,"Chris - (Dallas, TX) - HYA Live Oak Apartments",
,Landlord Incentive Income,oi,2,"Jon - (Richardson, TX) - Winding Way",
,Landlord Liability Coverage Expense (,oi,2,"David - (Waco, TX) - Cove on 21st",
,Landlord Liability Coverage Expense (LRIP),oi,20,"Emilio - (Houston, TX) - Las Palmas",4xad
,Landlord Liability Coverage Expenses,ad,2,"Guillermo - (Allen, TX) - 301 Greenville",
,Landlord Liability Processing Fee,oi,5,"Yonnic - (Monroe, LA) - Seasons & Woodale",
,Landscape,cs,6,"Jon - (Fairfield, TX) - East Meadows Apartments",
,Landscape Contract,cs,14,"Danny - (Manor, TX) - Flats at Shadowglen",2xrm
,Landscape Maintenance,cs,8,"Dylan - (Fort Worth, TX) - Mesa Vista",1xrm
,Landscape Maintenance Contract,cs,8,"Yonnic - (San Antonio, TX) - Seraphina Castle Hills",
,Landscape - Other,rm,2,"Bryce - (Arlington, TX) - Timberlake Villas",
,Landscape - Seasonal,rm,2,"Guillermo - (Temple, TX) - Greenbrier Park Apartments",
,Landscape - Seasonal Contract,cs,2,"Bryce - (San Antonio, TX) - Stone Chase",
,Landscape Services,cs,2,"Chris - (Dallas, TX) - HYA Live Oak Apartments",
,Landscape Supplies,rm,2,"Dylan - (Fort Worth, TX) - The Stella","recoded from 'cs' (standardized to majority ({'cs': 5, 'rm': 6}))"
,Landscape Supplies & Maintenance,rm,4,"Yonnic - (San Antonio, TX) - Seraphina Castle Hills",
,Landscape Supply,rm,5,"Yonnic - (Monroe, LA) - Seasons & Woodale",1xad
,Landscape/Mowing,rm,5,"Yonnic - (Monroe, LA) - Seasons & Woodale",1xad
,Landscaping,cs,97,"Chase - (Shawnee, OK) - Villa Chateau",4xrm
,Landscaping - Annual Contract,rm,2,"Bryce - (Arlington, TX) - Timberlake Villas",
,Landscaping Contract,cs,4,"Jon - (Lewisville, TX) - Vistas on the Park",
,Landscaping Contract-Exterior,cs,4,"Greg - (Dallas, TX) - The Carolina",
,LANDSCAPING CONTRACT SVCS,cs,2,"Paul - (Garland, TX) - Vista Isle",
,Landscaping Contracted Services,cs,2,"Will - (Kansas City, MO) - Province of Briarcliff",
,Landscaping Contractor,cs,2,"David - (Texarkana, AR) - Renaissance Square",
,Landscaping Expense- In House,cs,4,"Will - (Overland Park, KS) - 87th Street Apartments",
,Landscaping & Grounds Expenses,rm,2,"Guillermo - (Lubbock, TX) - Cantibury Pointe",
,Landscaping - Installation,cs,1,"Chris - (Webster, TX) - The Townhomes on Three",
,Landscaping & Irrigation Repairs,rm,2,"Emilio - (Dallas, TX) - Tribeca & 2106 Bennett",
,Landscaping - Lawn Service,cs,1,"Chris - (Webster, TX) - The Townhomes on Three",
,Landscaping Maint.,cs,2,"Danny - (Dallas, TX) - The Link",
,Landscaping Maintenance,rm,2,"Guillermo - (Hurst, TX) - Point on Calloway",
,Landscaping - Monthly,cs,6,"Emilio - (Dallas, TX) - Tribeca & 2106 Bennett",
,Landscaping (New),cs,2,"Guillermo - (Yukon, OK) - Yukon Heights",
,Landscaping - Other,cs,4,"Greg - (Dallas, TX) - The Carolina",
,Landscaping R&M,rm,4,"David - (Odessa, TX) - East 12th Townhomes",
,Landscaping - Rental,cs,2,"Jon - (Copperas Cove, TX) - The Bricks",
,Landscaping Repairs/,cs,2,"Emilio - (Plano, TX) - Texas Star Townhomes",
,Landscaping - Seasonal,cs,4,"Emilio - (Dallas, TX) - Tribeca & 2106 Bennett",
,Landscaping Service,cs,2,"Guillermo - (Temple, TX) - Greenbrier Park Apartments","recoded from 'rm' (standardized to majority ({'rm': 2, 'cs': 5}))"
,Landscaping Services,cs,10,"Jon - (Tulsa, OK) - Boulder Ridge",
,Landscaping-Shane Richards,cs,2,"Chase - (Corsicana, TX) - Oak Lawn",
,Landscaping Supplies,rm,2,"Bryce - (Springtown, TX) - North Park Townhomes",
,Landscaping Supplies & Repairs,rm,2,"Guillermo - (Garland, TX) - Meadow Creek",
,Landscaping (Tree Pruning / Flowerbeds) - Qtrly,cs,2,"Paul - (Denton, TX) - Maple Tree Townhomes",
,Landscaping/Lawn,cs,2,"Trey - (McKinney, TX) - 301 E Lamar St",
,Last Month'S Rent,oi,3,"Yonnic - (Monroe, LA) - Seasons & Woodale",
,Late Charge Fee,oi,2,"Jon - (Richardson, TX) - Winding Way",
,Late Charge Fees,oi,8,"Yonnic - (San Antonio, TX) - Seraphina Castle Hills",
,Late Charges,oi,39,"Emilio - (Houston, TX) - Las Palmas",
,Late Charges Total Operating Income,oi,2,"Emilio - (Plano, TX) - Texas Star Townhomes",
,Late Fee,oi,72,"Yonnic - (Monroe, LA) - Seasons & Woodale",
,Late Fee Charges,oi,6,"Bryce - (Haltom City, TX) -  Loraine Place",
,Late Fee Income,oi,37,"Guillermo - (Lubbock, TX) - Lubbock Square Apartments",
,Late Fees,oi,51,"Danny - (Manor, TX) - Flats at Shadowglen",2xad
,Late Fees-Charges,ad,2,"Will - (Overland Park, KS) - 87th Street Apartments",
,Late Fees Collected,oi,2,"David - (Greenville, TX) - Kingridge",
,Late Fees Expense,ad,2,"Jon - (Richardson, TX) - Winding Way",
,Late & Nsf Charges,oi,4,"Greg - (Arlington, TX) - Stadium West",
,Late & Nsf Fee,oi,2,"Paul - (Lubbock, TX) - Dimora Village",
,Late Rent Charges,oi,2,"Dylan - (Lubbock, TX) - Crest at Cooper",
,Laundary Income,oi,2,"Dylan - (Fort Worth, TX) - Bonnie Royal",
,Laundary Machine Repair,rm,2,"Dylan - (Fort Worth, TX) - Bonnie Royal",
,Laundry,oi,2,"David - (San Antonio, TX) - Robins Nest",
,Laundry Commissions,oi,2,"Danny - (Houston, TX) - Ivy at the Galleria",
,Laundry Equipment Rental,oi,2,"David - (Odessa, TX) - East 12th Townhomes",
,Laundry Facility Income,oi,2,"Yonnic - (Shreveport, LA) - Castlewood",
,Laundry Income,oi,66,"Dylan - (Fort Worth, TX) - Mesa Vista",1xro
,Laundry Room Commission,oi,2,"David - (Kingsville, TX) - SG Apartments",
,Laundry Room Income,oi,2,"David - (Greenville, TX) - Kingridge",
,Laundry Room Repair,rm,2,"Jon - (Lewisville, TX) - Vistas on the Park",
,Laundry Room Supplies and Service,rm,2,"Yonnic - (Dallas, TX) - Legacy Lofts",
,Laundry & Vending,oi,1,"Danny - (Temple, TX) - The District at 21 Fourteen",
,Laundry & Vending Income,oi,2,"Guillermo - (Yukon, OK) - Yukon Heights",
,Lawn Care,cs,6,"Trey - (Cedar Hills, TX) - 312 Hickerson St",
,Lawn Care / Landscaping- Contracted,cs,4,"Will - (Overland Park, KS) - 87th Street Apartments",
,Lawn Care Income,oi,2,"Paul - (Dallas, TX) - Hampton Road Duplexes",
,Lawn Maintenance,cs,5,"Angel - (Garland, TX) - Avenue G Estates",
,Lawn Service,cs,4,"Yonnic - (Fort Worth, TX) - Polo Club",
,Lawn & Snow,cs,2,"Jackson - (Pilot Knob, MO) - Countryside Apartments",
,Lead Maintenance,rm,5,"Emilio - (Dallas, TX) - Bella Vista Pointe",2xpr
,Lead Maintenance Tech Incentive,pr,2,"Guillermo - (Lubbock, TX) - Cottage Point",
,Lease Administration Fee Concession,nr,2,"Guillermo - (Baton Rouge, LA) - Terraces at Perkins Rowe",recoded from 'oi' (concession-named -> nr)
,Lease Administrative Fee,oi,9,"Guillermo - (Lubbock, TX) - Lubbock Square Apartments",
,Lease Break Fee Income,oi,2,"Danny - (Oklahoma City, OK) - The Brickson",
,Lease Break Rent/Fees,oi,2,"Paul - (Lubbock, TX) - Dimora Village",
,Lease Buyout/Termination,oi,1,"Danny - (Temple, TX) - The District at 21 Fourteen",
,Lease Cancellation Fee,oi,6,"Yonnic - (San Antonio, TX) - Seraphina Castle Hills",
,Lease Cancellation Fees,oi,2,"Danny - (Manor, TX) - Flats at Shadowglen",
,Lease Cancellations,oi,2,"Danny - (Houston, TX) - Ivy at the Galleria",
,Lease Fee,ad,2,"Jon - (Waco, TX) - Creole Apartments",
,Lease Fees,mf,2,"Chris - (Dallas, TX) - HYA Live Oak Apartments",
,Lease Renewal fee,oi,3,"Emilio - (San Antonio, TX) - Contessa Townhomes",1xad
,Lease Satisfaction Guaranty,oi,2,"Yonnic - (San Antonio, TX) - Seraphina Castle Hills",
,Lease Termination,oi,2,"Will - (Copperas Cove, TX) - Las Cortes",
,Lease Termination Fee,oi,12,"Jon - (Lewisville, TX) - Vistas on the Park",
,Lease Termination Fees,oi,12,"Danny - (Weatherford, TX) - Lone Oak",
,Lease Termination/Reletting,oi,6,"Bryce - (Haltom City, TX) -  Loraine Place",
,Lease Violation,oi,4,"Jon - (Lewisville, TX) - Vistas on the Park",
,Lease Violation Fee,oi,2,"Guillermo - (Garland, TX) - Meadow Creek",
,Lease Violation Fees,oi,4,"Bryce - (Cleburne, TX) - Colonial",
,Lease Violation Income,oi,2,"Danny - (Manor, TX) - Flats at Shadowglen",
,Leases,ad,2,"Will - (Kansas City, MO) - Province of Briarcliff",
,Leases Over/Under Schedule,ll,2,"Trey - (Garland, TX) - Hills of Palos Verde",
,Leases Under Schedule,ll,4,"Greg - (Arlington, TX) - Stadium West",
,Leasing Agent,pr,17,"Danny - (Weatherford, TX) - Lone Oak",1xad
,Leasing Agent I,pr,2,"Guillermo - (Lubbock, TX) - Cottage Point",
,Leasing Agent Payroll,pr,2,"Jon - (Lewisville, TX) - Vistas on the Park",
,Leasing Agent Salaries,pr,2,"Danny - (Manor, TX) - Flats at Shadowglen",
,Leasing And Renewal Bonus,pr,5,"Yonnic - (Monroe, LA) - Seasons & Woodale",
,Leasing Automation Tools,ad,2,"Paul - (Killeen, TX) - Dorel Killeen",
,Leasing Bonuses,pr,2,"Dylan - (Houston, TX) - Park at Vittoria",
,Leasing Commissions,pr,24,"Emilio - (Houston, TX) - Las Palmas",2xm; 2xmf
,Leasing Consultant,pr,6,"Danny - (Manor, TX) - Flats at Shadowglen",
,Leasing Consultant Payroll,pr,2,"Dylan - (Fort Worth, TX) - The Stella",
,Leasing Counselor,pr,2,"Dylan - (Houston, TX) - Park at Vittoria",
,Leasing CRM,ad,2,"Guillermo - (Lubbock, TX) - Cottage Point",
,Leasing Expense,ad,3,"Yonnic - (Monroe, LA) - Seasons & Woodale",
,Leasing Fee,oi,11,"Chase - (Corsicana, TX) - Oak Lawn",3xad
,Leasing Fees,ad,2,"Trey - (McKinney, TX) - 301 E Lamar St",
,Leasing Fees / Commissions,ad,2,"Paul - (Denton, TX) - Maple Tree Townhomes",
,Leasing Forms/Bluemoon,m,2,"Guillermo - (Houston, TX) - Pines at Woodcreek",
,Leasing Hospitality,m,4,"Dylan - (Fort Worth, TX) - The Stella",
,Leasing Office,ad,2,"Danny - (Stillwater, OK) - Milestone Stillwater",
,Leasing Payroll,pr,2,"Dylan - (Lubbock, TX) - Crest at Cooper",
,Leasing Professional Salary,pr,2,"Will - (Overland Park, KS) - 87th Street Apartments",
,Leasing Renewal,ad,2,"Emilio - (Plano, TX) - Texas Star Townhomes",
,Leasing - Salaries,pr,6,"Yonnic - (San Antonio, TX) - Seraphina Castle Hills",
,Leasing Staff,pr,4,"Emilio - (Dallas, TX) - Bella Vista Pointe",
,"Leasing Staff, Salary",pr,5,"Yonnic - (Monroe, LA) - Seasons & Woodale",
,Leasing/Marketing Expense,m,4,"Will - (Overland Park, KS) - 87th Street Apartments",
,Leasing/Renewal Bonus,pr,4,"Will - (Overland Park, KS) - 87th Street Apartments",
,Legal,ad,24,"Chase - (Shawnee, OK) - Villa Chateau",
,Legal & Accounting,ad,8,"Jackson - (Pilot Knob, MO) - Countryside Apartments",
,"Legal,Acct & Consulting",ad,2,"Emilio - (Plano, TX) - Texas Star Townhomes",
,Legal And Other Professional Fees,ad,7,"Trey - (Dallas, TX) - Ascent at Midtown",
,Legal And Professional,ad,7,"Yonnic - (Monroe, LA) - Seasons & Woodale",
,Legal and Professional Expense,ad,2,"Dylan - (Houston, TX) - Residences at Med",
,Legal and Professional Fees,ad,11,"Trey - (Cedar Hills, TX) - 312 Hickerson St",
,Legal & Collections,oi,14,"Emilio - (Houston, TX) - Las Palmas",
,Legal Costs/Evictions,ad,4,"Bryce - (Cleburne, TX) - Colonial",
,Legal - Eviction Court Costs,ad,4,"Emilio - (Dallas, TX) - Bella Vista Pointe",
,Legal Expense,ad,4,"Guillermo - (Yukon, OK) - Yukon Heights",
,Legal Expense Reimbursement,oi,2,"Yonnic - (Dallas, TX) - Legacy Lofts",
,Legal Expenses,ad,4,"David - (Temple, TX) - Asbury Park",
,Legal Expenses Nonresident Related,ad,2,"Danny - (Houston, TX) - Ivy at the Galleria",
,Legal Fee,oi,2,"Danny - (Manor, TX) - Flats at Shadowglen",
,Legal Fee Income,oi,8,"Trey - (Duncanville, TX) - Sunset Villa",
,Legal Fees,ad,33,"Danny - (Manor, TX) - Flats at Shadowglen",4xoi
,Legal Fees Income,oi,2,"Guillermo - (Yukon, OK) - Yukon Heights",
,Legal Fees/Court Fees,ad,2,"Dylan - (Fort Worth, TX) - Mesa Vista",
,Legal Fees/Eviction,ad,6,"Danny - (Weatherford, TX) - Lone Oak",
,Legal - Other,ad,2,"Danny - (Killeen, TX) - 605 N Gray",
,Legal & Other Professional Fees,ad,4,"Jon - (Fairfield, TX) - East Meadows Apartments",
,Legal & Professional,ad,4,"David - (Kingsville, TX) - SG Apartments",
,Legal & Professional Fees,ad,5,"Yonnic - (Bryan, TX) - Retreat at 2818",
,Legal & Professional Services,ad,4,"Emilio - (San Antonio, TX) - Winkle Courts Apts",
,Legal/Accounting,ad,2,"Jon - (Dallas, TX) - 615 N Marsalis Ave",
,Legal/Eviction Filing Fees,m,4,"Guillermo - (Houston, TX) - Pines at Woodcreek",1xad
,Legal/Professional fees,ad,2,"Yonnic - (Harlingen, TX) - Timbers",
,Less: Arrears Written Off,bd,2,"Danny - (Dallas, TX) - The Link",
,Less: Bank Charges,oi,2,"Jackson - (Pilot Knob, MO) - Countryside Apartments",
,Less: Concessions,nr,10,"Emilio - (Plano, TX) - Texas Star Townhomes",
,Less:Concessions-Mthly,nr,2,"Paul - (Katy, TX) - Everson",
,Less:Concessions-One Time,nr,11,"Guillermo - (Lubbock, TX) - Lubbock Square Apartments",
,Less: Concessions Recurring,nr,4,"Dylan - (Fort Worth, TX) - The Stella",
,Less: Concessions - Upfront,nr,2,"Danny - (Dallas, TX) - The Link",
,Less: Delinquency,bd,2,"Guillermo - (Lubbock, TX) - Cottage Point",
,Less: Discounts,rm,2,"Emilio - (Plano, TX) - Texas Star Townhomes",
,Less: Down,bd,2,"Dylan - (Fort Worth, TX) - The Stella","recoded from 'nr' (standardized to majority ({'nr': 2, 'bd': 4}))"
,Less: Down Units,nr,2,"Danny - (Dallas, TX) - The Link",
,Less: Employee Discounts,nr,2,"Bryce - (Cleburne, TX) - Colonial",
,Less:Employee Rent Concession,nr,9,"Guillermo - (Lubbock, TX) - Lubbock Square Apartments",
,Less: Employee Units,nr,4,"Danny - (Dallas, TX) - The Link",
,Less: Model Units,nr,2,"Danny - (Dallas, TX) - The Link",
,Less: Office Unit,nr,2,"Danny - (Dallas, TX) - The Link",
,Less: Rent Write Offs,bd,2,"Jon - (Fairfield, TX) - East Meadows Apartments",
,Less: Resident Referral Concessions,nr,2,"Bryce - (Springtown, TX) - North Park Townhomes",
,Less: Vacancies,v,4,"Bryce - (Cleburne, TX) - Colonial",
,Less: Vacancy,v,13,"Guillermo - (Lubbock, TX) - Lubbock Square Apartments",
,Less: Vacancy Loss,v,4,"Danny - (Dallas, TX) - The Link",
,Less:Write Off Bad Debt,bd,9,"Guillermo - (Lubbock, TX) - Lubbock Square Apartments",2xoi
,Less: Writeoffs,bd,6,"Danny - (Manor, TX) - Flats at Shadowglen",
,Liability,ad,2,"Chase - (Corsicana, TX) - Oak Lawn",
,Liability Insurance,i,2,"Guillermo - (Garland, TX) - Meadow Creek",
,Liability & Property Insurance,i,2,"Dylan - (Fort Worth, TX) - Mesa Vista",
,Liability To Landlord Admin Fee,oi,2,"David - (Odessa, TX) - East 12th Townhomes",
,Liability To Landlord Admin Fee Paid,mf,2,"David - (Odessa, TX) - East 12th Townhomes",
,Liability To Landlord Insfee,oi,2,"David - (Odessa, TX) - East 12th Townhomes",
,Liability To Landlord Insfee Paid,mf,2,"David - (Odessa, TX) - East 12th Townhomes",
,Liability To Landlord Insurance,oi,10,"Chris - (Dallas, TX) - HYA Live Oak Apartments",
,Liability To Landlord Insurance Admin Fee,oi,2,"Chris - (Dallas, TX) - HYA Live Oak Apartments",
,Liability To Landlord Insurance Expense,ad,2,"Guillermo - (Garland, TX) - Meadow Creek",
,Liability To Landlord Insurance Fee,oi,2,"Guillermo - (Garland, TX) - Meadow Creek",
,Liability To Landlord Insurance Paid,mf,2,"David - (Odessa, TX) - East 12th Townhomes",
,Liability to Landlord Insurnace,oi,2,"Emilio - (Plano, TX) - Texas Star Townhomes",
,Liability Waiver,oi,4,"Bryce - (Haltom City, TX) -  Loraine Place",1xro
,Liability Waiver Program,oi,1,"Chris - (Webster, TX) - The Townhomes on Three",
,Liability Waiver Program Expense,i,1,"Chris - (Webster, TX) - The Townhomes on Three",
,"License, Dues & Subscriptions",ad,2,"David - (Odessa, TX) - East 12th Townhomes",
,License_ Fees And Permits,ad,4,"Dylan - (Fort Worth, TX) - The Stella",
,License & Permits,ad,2,"David - (Temple, TX) - Asbury Park",
,Licenses,ad,2,"Trey - (Garland, TX) - Hills of Palos Verde",
,Licenses / Fees / Permits,ad,6,"Yonnic - (San Antonio, TX) - Seraphina Castle Hills",
,Licenses And Permits,ad,17,"Trey - (Duncanville, TX) - Sunset Villa",
,Licenses & Fees,ad,12,"Emilio - (Dallas, TX) - Bella Vista Pointe",
,"Licenses, Fees & Permits",ad,22,"Emilio - (Houston, TX) - Las Palmas",
,"Licenses, Permits And Fees",ad,2,"Danny - (Manor, TX) - Flats at Shadowglen",
,Licenses & Permits Expense,ad,2,"Dylan - (Houston, TX) - Residences at Med",
,"Licenses, Permits, Taxes",ad,4,"Greg - (Arlington, TX) - Stadium West",
,Licenses - Software,ad,1,"Chris - (Webster, TX) - The Townhomes on Three",
,Licenses Subscriptions,ad,2,"Will - (Kansas City, MO) - Province of Briarcliff",
,Licensing & Permits,ad,2,"Jon - (Lewisville, TX) - Vistas on the Park",
,Life Safety/Fire Prevention,cs,2,"Danny - (Manor, TX) - Flats at Shadowglen",
,Lift Station Contract,rm,2,"Guillermo - (Baton Rouge, LA) - Terraces at Perkins Rowe",
,Light Bulb / Fluorescent Tb,rm,2,"Dylan - (Houston, TX) - Park at Vittoria",
,Light Bulbs,rm,8,"Dylan - (Fort Worth, TX) - Mesa Vista",
,Light Bulbs And Fixtures,rm,4,"Greg - (Arlington, TX) - Stadium West",
,"Light Bulbs, Fixtures And Electrical Supplies",rm,2,"Danny - (Dallas, TX) - The Link",
,Light Fixture R&M,rm,2,"David - (Odessa, TX) - East 12th Townhomes",
,Light Fixtures,rm,6,"David - (Temple, TX) - Asbury Park",
,Light Fixtures / Fans,rm,2,"Dylan - (Fort Worth, TX) - Mesa Vista",
,Light Fixtures/Fans,rm,2,"Trey - (Garland, TX) - Hills of Palos Verde",
,Light Fixures And Fans,rm,2,"Dylan - (Fort Worth, TX) - Bonnie Royal",
,Lighting,rm,9,"Danny - (Manor, TX) - Flats at Shadowglen",
,Lighting Supplies,rm,2,"Yonnic - (Fort Worth, TX) - Polo Club",
,Lighting Supplies / Repairs,rm,2,"Paul - (Killeen, TX) - Dorel Killeen",
,Lighting Supplies & Repair,rm,2,"Guillermo - (Yukon, OK) - Yukon Heights",
,Lighting Supplies/Fixtures,rm,2,"Danny - (Manor, TX) - Flats at Shadowglen",
,Lighting/Fixtures,rm,11,"Guillermo - (Houston, TX) - Pines at Woodcreek",
,Liquidated Damages,oi,4,"Dylan - (Denton, TX) - 1105 & 1109 Sleepy Hollow",
,Lisence and Permit,ad,2,"Guillermo - (Houston, TX) - La Terraza Apartments",
,LLC & Legal Fees,ad,2,David - (Carrollton) - Marbella Villas at Indian Creek,
,Loan Costs,ad,1,"Chris - (Webster, TX) - The Townhomes on Three",
,Local Apt. Association Dues,ad,4,"Guillermo - (Lubbock, TX) - Cottage Point",
,Locator / Referral Fees,m,2,"Guillermo - (Allen, TX) - 301 Greenville",
,Locator And Broker Referrals,m,4,"Yonnic - (San Antonio, TX) - Seraphina Castle Hills",
,Locator Commissions,m,8,"Dylan - (Fort Worth, TX) - The Stella",
,Locator Commissions & Fees,m,2,"Guillermo - (Garland, TX) - Meadow Creek",
,Locator Fees,m,14,"Emilio - (Houston, TX) - Las Palmas",
,Locator Fees/Functions,m,4,"Danny - (Weatherford, TX) - Lone Oak",
,Locator Referral Fees,m,4,"Guillermo - (Houston, TX) - Pines at Woodcreek",
,"Locator, Zillow, Apartmentlist, Etc. Fees",m,3,"Yonnic - (Bryan, TX) - Retreat at 2818",
,Lock And Key Repair/Replacement,rm,4,"Will - (Overland Park, KS) - 87th Street Apartments",
,Lock And Keys,rm,6,"Greg - (Arlington, TX) - Stadium West",
,Lock & Key,rm,2,"Yonnic - (Fort Worth, TX) - Polo Club",
,Lock & Keys,rm,2,"Jon - (Lewisville, TX) - Vistas on the Park",
,Locks / Key Income,oi,4,"Paul - (Killeen, TX) - Dorel Killeen",
,Locks / Keys & Security,rm,2,"Guillermo - (Allen, TX) - 301 Greenville",
,Locks And Keys,oi,13,"Dylan - (Fort Worth, TX) - Mesa Vista",4xrm
,Locks & Keys,rm,17,"Danny - (Manor, TX) - Flats at Shadowglen",1xad
,"Locks, Keys, & Security",rm,2,"Jon - (Richardson, TX) - Winding Way",
,Locksmith Service,rm,1,"paul - (Dallas, TX) - Estrella at Kiest",
,Locksmith Services,rm,6,"Emilio - (Dallas, TX) - Tribeca & 2106 Bennett",
,Lodging,ad,6,- Orleans,
,Long Distance Service,ad,2,"Guillermo - (Houston, TX) - Pines at Woodcreek",
,(Loss) / Gain to Lease,ll,2,"David - (Kingsville, TX) - SG Apartments",
,(Loss) / Gain To Old Lease,ll,4,"Emilio - (Dallas, TX) - Bella Vista Pointe",
,Loss From Model,nr,4,"Guillermo - (Baton Rouge, LA) - Terraces at Perkins Rowe",
,Loss from Repositioned Units,nr,2,"Dylan - (Fort Worth, TX) - The Stella",
,Loss To Employee Units,nr,2,"Dylan - (Fort Worth, TX) - Mesa Vista",
,Loss to Lease,ll,15,"David - (Greenville, TX) - Kingridge",
,Loss To Lease Income,ll,4,"Greg - (Dallas, TX) - The Carolina",
,Loss To Renovation,ll,2,"Guillermo - (Garland, TX) - Meadow Creek",
,Loss/ Gain to Rent,ll,2,"Jon - (Richardson, TX) - Winding Way",
,Loss/Gain on Lease,ll,2,"Guillermo - (Lubbock, TX) - Cottage Point",
,Loss/Gain To Lease,ll,18,"Bryce - (Cleburne, TX) - Colonial",
,Loss/Gain To Market,ll,9,"Yonnic - (Bryan, TX) - Retreat at 2818",
,Lossgain To Lease,ll,4,"Dylan - (Fort Worth, TX) - The Stella",
,LTL Tenant Ins. Exp.,ad,4,"Chase - (Corsicana, TX) - Oak Lawn",
,M5700100  Carpentry,rm,2,"Chris - (Alvin, TX) - Hillcrest Village",
,M5900100   Management Fees,mf,2,"Chris - (Alvin, TX) - Oak Park Village",
,Maid Service,rm,1,"Danny - (Temple, TX) - The District at 21 Fourteen",
,Mailboxes,rm,2,"Will - (Overland Park, KS) - 87th Street Apartments",
,Mailboxs,rm,2,"Jon - (Richardson, TX) - Winding Way",
,Maint Repair - Supplies,rm,2,"Dylan - (Houston, TX) - Park at Vittoria",
,Maint & Repairs Income,oi,8,"Jon - (Lewisville, TX) - Vistas on the Park",
,Maint/Repair,rm,2,"Guillermo - (Houston, TX) - La Terraza Apartments",
,Maintenance,pr,7,"Jackson - (Pilot Knob, MO) - Countryside Apartments","recoded from 'rm' (standardized to majority ({'rm': 13, 'pr': 16}))"
,Maintenance - Alarm Maintenance,rm,6,"Yonnic - (Fort Worth, TX) - Tides on Westcreek",1xcs
,Maintenance and Misc.,rm,2,"Greg - (Mansfield, TX) - Mansfield Gardens",
,Maintenance:Annual Fire Extinguisher Insp,rm,2,"Greg - (Fort Worth, TX) - 1605 5th Ave",
,Maintenance:Annual Maintenance,rm,2,"Greg - (Fort Worth, TX) - 1605 5th Ave",
,Maintenance - Appliance Maintenance,rm,6,"Yonnic - (Fort Worth, TX) - Tides on Westcreek",
,Maintenance: Appliance Repair,rm,2,"Emilio - (Dallas, TX) - 4625 Virginia Ave",
,Maintenance Appreciation Day,ad,2,"Will - (Kansas City, MO) - Province of Briarcliff",
,Maintenance Bonus,pr,6,"Jackson - (Pilot Knob, MO) - Countryside Apartments",1xrm
,Maintenance- Commercial,rm,2,"Emilio - (Plano, TX) - Texas Star Townhomes",
,Maintenance Commissions/Bonuses,pr,4,"Guillermo - (Houston, TX) - Pines at Woodcreek",
,Maintenance Contract Labor,pr,2,"Danny - (Dallas, TX) - The Link",
,Maintenance - Contract Services,cs,1,"Chris - (Webster, TX) - The Townhomes on Three",
,Maintenance - Electric Maintenance,rm,6,"Yonnic - (Fort Worth, TX) - Tides on Westcreek",
,Maintenance - Entry Gate Maintenance,rm,4,"Yonnic - (Fort Worth, TX) - Tides on Westcreek",
,Maintenance Equipt/ Equipt Repair,rm,2,"Trey - (Garland, TX) - Hills of Palos Verde",
,Maintenance Exp.,rm,2,"Guillermo - (Lubbock, TX) - Coronado Crossing",
,Maintenance Expense,rm,5,"Dylan - (Fort Worth, TX) - The Stella",
,Maintenance - Fire Sprinkler Inspection,rm,2,"Danny - (Fort Worth, TX) - The Kimberly",
,Maintenance:General Maintenance Labor,rm,2,"Greg - (Fort Worth, TX) - 1605 5th Ave",
,Maintenance: General Repair,rm,2,"Emilio - (Dallas, TX) - 4625 Virginia Ave",
,Maintenance Hardware,rm,5,"Yonnic - (Monroe, LA) - Seasons & Woodale",1xad
,Maintenance - Heating & AC Maintenance,rm,6,"Yonnic - (Fort Worth, TX) - Tides on Westcreek",
,Maintenance: Hv A/C Repair,rm,2,"Emilio - (Dallas, TX) - 4625 Virginia Ave",
,Maintenance: Janitorial,rm,2,"Emilio - (Dallas, TX) - 4625 Virginia Ave",
,Maintenance: Key / Locksmith,rm,2,"Emilio - (Dallas, TX) - 4625 Virginia Ave",
,Maintenance Labor,pr,21,"Yonnic - (Monroe, LA) - Seasons & Woodale",3xrm; 1xad
,Maintenance:Landscape Maintenance,rm,2,"Greg - (Fort Worth, TX) - 1605 5th Ave",
,Maintenance - Landscape Supplies,rm,6,"Yonnic - (Fort Worth, TX) - Tides on Westcreek",
,Maintenance: Lawn Care / Landscaping,rm,2,"Emilio - (Dallas, TX) - 4625 Virginia Ave",
,Maintenance - Maintenance & Repairs,rm,6,"Yonnic - (Fort Worth, TX) - Tides on Westcreek",
,Maintenance: Make Ready Labor,rm,2,"Emilio - (Dallas, TX) - 4625 Virginia Ave",
,Maintenance: Make Ready Supplies,rm,2,"Emilio - (Dallas, TX) - 4625 Virginia Ave",
,Maintenance Manager,pr,2,"Danny - (Manor, TX) - Flats at Shadowglen",
,Maintenance Materials,rm,6,"6- (Houston, TX) - 4920 Jack St",
,Maintenance - Overtime,pr,14,"Yonnic - (San Antonio, TX) - Seraphina Castle Hills",
,Maintenance: Painting,rm,2,"Emilio - (Dallas, TX) - 4625 Virginia Ave",
,Maintenance Parts,rm,2,David - (Carrollton) - Marbella Villas at Indian Creek,
,Maintenance Payroll,pr,4,"Jon - (Lewisville, TX) - Vistas on the Park",
,Maintenance Payrollc,pr,4,"Dylan - (Denton, TX) - 1105 & 1109 Sleepy Hollow",
,Maintenance - Permits/Inspections,rm,6,"Yonnic - (Fort Worth, TX) - Tides on Westcreek",
,Maintenance:Pest Control,rm,10,"Greg - (Fort Worth, TX) - 1605 5th Ave",2xcs
,Maintenance - Plumbing Maintenance,rm,6,"Yonnic - (Fort Worth, TX) - Tides on Westcreek",
,Maintenance: Plumbing Repair,rm,2,"Emilio - (Dallas, TX) - 4625 Virginia Ave",
,Maintenance - Pool Maintenance,rm,6,"Yonnic - (Fort Worth, TX) - Tides on Westcreek",1xcs
,Maintenance Reimbursement,oi,2,"Jon - (Waco, TX) - Creole Apartments",
,Maintenance & Repair,rm,4,"Jon - (Waco, TX) - Creole Apartments",
,Maintenance & Repairs,rm,14,"Yonnic - (Lawton, OK) - Oak Lawn",
,Maintenance- Residential/,rm,2,"Emilio - (Plano, TX) - Texas Star Townhomes",
,Maintenance Salaries,pr,41,"Emilio - (Houston, TX) - Las Palmas",
,"Maintenance, Salary",pr,15,"Yonnic - (Monroe, LA) - Seasons & Woodale",
,Maintenance Services,rm,2,David - (Carrollton) - Marbella Villas at Indian Creek,
,Maintenance Staff,rm,4,"Emilio - (Dallas, TX) - Bella Vista Pointe",1xpr
,Maintenance Staff Bonus,pr,8,"Danny - (Weatherford, TX) - Lone Oak",
,Maintenance Staff Ot,pr,8,"Danny - (Weatherford, TX) - Lone Oak",
,Maintenance Staff Workers Comp,pr,2,"Will - (Kansas City, MO) - Province of Briarcliff",
,Maintenance Supervisor,pr,21,"Will - (Kansas City, MO) - Province of Briarcliff",
,Maintenance Supervisor Payroll,pr,4,"Dylan - (Fort Worth, TX) - The Stella",
,Maintenance Supervisors Salary,pr,2,"Dylan - (Fort Worth, TX) - Mesa Vista",
,Maintenance Supplies,rm,26,"Paul - (Killeen, TX) - Dorel Killeen",
,Maintenance: Supplies / Materials,rm,2,"Emilio - (Dallas, TX) - 4625 Virginia Ave",
,Maintenance Supplies A,rm,4,"Dylan - (Denton, TX) - 1105 & 1109 Sleepy Hollow",
,Maintenance Supplies & Tools,rm,2,"Guillermo - (Garland, TX) - Meadow Creek",
,Maintenance Tech Guaranteed Payment,rm,1,"paul - (Dallas, TX) - Estrella at Kiest",
,Maintenance Tech I,pr,2,"Will - (Kansas City, MO) - Province of Briarcliff",
,Maintenance Technician,pr,2,"Danny - (Manor, TX) - Flats at Shadowglen",
,Maintenance Technician Payroll,pr,2,"Dylan - (Fort Worth, TX) - The Stella",
,Maintenance Technicians,pr,2,"Paul - (Haltom City, TX) - Woods of Haltom City",
,Maintenance Tools & Supplies,rm,2,"Jon - (Richardson, TX) - Winding Way",
,Maintenance:Tree Service,cs,2,"Greg - (Fort Worth, TX) - 1605 5th Ave",
,Maintenance Uniforms,ad,8,"Will - (Kansas City, MO) - Province of Briarcliff",recoded from 'rm' (house rule: uniforms -> ad)
,Maintenance - Window Treatments,rm,2,"Danny - (Fort Worth, TX) - The Kimberly",
,Maintenance/Repairs,rm,6,"David - (Greenville, TX) - Kingridge",
,Make readies,rm,1,"paul - (Dallas, TX) - Estrella at Kiest",
,Make Ready,rm,35,"David - (Temple, TX) - Asbury Park",
,Make Ready Apartment Cleaning,rm,2,"Guillermo - (Garland, TX) - Meadow Creek",
,Make Ready Appliance Supplies & Repairs,rm,2,"Guillermo - (Garland, TX) - Meadow Creek",
,Make Ready Blinds,rm,1,"Chris - (Webster, TX) - The Townhomes on Three",
,Make Ready Carpet Clean,rm,2,"Jon - (Lewisville, TX) - Vistas on the Park",
,Make Ready Carpet Cleaning,rm,2,"Guillermo - (Garland, TX) - Meadow Creek",
,Make-Ready Cleaning,rm,9,"Trey - (Duncanville, TX) - Sunset Villa",
,Make Ready Electrical Supplies & Repairs,rm,2,"Guillermo - (Garland, TX) - Meadow Creek",
,Make Ready Expense,rm,2,"Bryce - (Haltom City, TX) -  Loraine Place",
,Make Ready Expenses,rm,1,"Chris - (Webster, TX) - The Townhomes on Three",
,Make Ready Fee,mf,2,"Chris - (Dallas, TX) - HYA Live Oak Apartments",
,Make Ready Flooring Supplies & Repairs,rm,2,"Guillermo - (Garland, TX) - Meadow Creek",
,Make Ready Glass Supplies & Repairs,rm,2,"Guillermo - (Garland, TX) - Meadow Creek",
,Make Ready Housekeeping,rm,2,"Jon - (Lewisville, TX) - Vistas on the Park",
,Make Ready Hvac Supplies & Repairs,rm,2,"Guillermo - (Garland, TX) - Meadow Creek",
,Make Ready-Labor,rm,6,"Guillermo - (Lubbock, TX) - Cottage Point",1xpr
,Make Ready Maintenance,rm,10,"10- (Houston, TX) - 3031 Sumpter St",
,Make Ready Maintenance Labor,rm,2,"2- (Houston, TX) - 5532 Eskridge",
,Make Ready Maintenance Materials,rm,4,"3- (Houston, TX) - 2801 Carrolton Apartments",
,Make Ready Materials,rm,2,"Danny - (Oklahoma City, OK) - The Brickson",
,Make-Ready - Other,rm,4,"Bryce - (Cleburne, TX) - Colonial",
,Make-Ready Other Interior (Vacant),rm,2,"Bryce - (Haltom City, TX) -  Loraine Place",
,Make Ready Paint,rm,1,"Chris - (Webster, TX) - The Townhomes on Three",
,Make Ready Plumbing Supplies & Repairs,rm,2,"Guillermo - (Garland, TX) - Meadow Creek",
,Make Ready & Repair Supplies,rm,2,"Will - (Copperas Cove, TX) - Las Cortes",
,Make-Ready Repairs,rm,12,"Trey - (Duncanville, TX) - Sunset Villa",
,Make Ready Resurface,rm,1,"Chris - (Webster, TX) - The Townhomes on Three",
,Make Ready Resurfacing,rm,2,"Guillermo - (Garland, TX) - Meadow Creek",
,Make Ready Shampoo,rm,1,"Chris - (Webster, TX) - The Townhomes on Three",
,Make Ready Supplies,rm,12,"Jon - (OKC, OK) - Portland Park",
,Make Ready Tech Contract,cs,2,"David - (Kingsville, TX) - SG Apartments",
,Management,mf,8,"David - (Greenville, TX) - Kingridge",1xpr
,Management Charges:Direct Deposit Fee,mf,2,"Greg - (Fort Worth, TX) - 1605 5th Ave",
,Management Charges:Leasing Fee,mf,2,"Greg - (Fort Worth, TX) - 1605 5th Ave",
,Management Charges:Management Fees,mf,2,"Greg - (Fort Worth, TX) - 1605 5th Ave",
,Management Charges:Postage Fees,mf,2,"Greg - (Fort Worth, TX) - 1605 5th Ave",
,Management Commissions/Bonuses,pr,4,"Guillermo - (Houston, TX) - Pines at Woodcreek",
,Management Expenses,mf,2,"Dylan - (Fort Worth, TX) - Bonnie Royal",
,Management Fee (4%),mf,3,"Dylan - (Charles, LA) - The Oaks Apartments",
,Management Fee Expense,mf,6,"Jackson - (Pilot Knob, MO) - Countryside Apartments",
,Management Fee Income,oi,2,"Dylan - (Houston, TX) - Residences at Med",
,Management Fees,mf,127,"Trey - (Cedar Hills, TX) - 312 Hickerson St",1xad
,Management Fees - Asset Management,mf,1,"Chris - (Webster, TX) - The Townhomes on Three",
,Management Fees - Cornerstone,mf,1,"Chris - (Webster, TX) - The Townhomes on Three",
,Management Fees Paid,mf,2,"David - (Odessa, TX) - East 12th Townhomes",
,MANAGEMENT FEES RM ONLY,mf,2,"Paul - (Garland, TX) - Vista Isle",
,Management Overtime,pr,4,"Guillermo - (Houston, TX) - Pines at Woodcreek",
,Management - Salaries,pr,10,"Yonnic - (San Antonio, TX) - Seraphina Castle Hills",
,Management Services,mf,2,"Guillermo - (Baton Rouge, LA) - Terraces at Perkins Rowe",
,Management System Operation Fee,pr,2,"Guillermo - (Hurst, TX) - Point on Calloway",
,Management Transition Resident Credit,bd,2,"Chris - (Dallas, TX) - HYA Live Oak Apartments",
,Manager,pr,3,"Danny - (Manor, TX) - Flats at Shadowglen",
,Manager / Asst Manager Salary,pr,4,"Will - (Overland Park, KS) - 87th Street Apartments",
,Manager Bonus,pr,2,"Guillermo - (Yukon, OK) - Yukon Heights",
,Manager Payroll,pr,2,"Jon - (Lewisville, TX) - Vistas on the Park",
,Manager Salaries,pr,14,"Guillermo - (Yukon, OK) - Yukon Heights",
,"Manager, Salary",pr,5,"Yonnic - (Monroe, LA) - Seasons & Woodale",
,Managers Salary,pr,3,"Dylan - (Charles, LA) - The Oaks Apartments",
,Market Rent,r,37,"Danny - (Manor, TX) - Flats at Shadowglen",
,Market Rent - Commercial,oi,2,"Paul - (Killeen, TX) - Dorel Killeen",
,Market Rent Residential,r,2,"Dylan - (Lubbock, TX) - Crest at Cooper",
,Marketing & Advertising,m,2,"Danny - (Dallas, TX) - The Link",
,Marketing and Advertising,m,2,"Chase - (Corsicana, TX) - Oak Lawn",
,Marketing and Retention,m,2,"Guillermo - (Garland, TX) - Bay Island",
,Marketing Dues,m,4,"Dylan - (Fort Worth, TX) - The Stella",
,Marketing - Dues/Subscriptions/Memberships,m,6,"Yonnic - (Fort Worth, TX) - Tides on Westcreek",
,Marketing - Entertainment,m,2,"David - (Odessa, TX) - East 12th Townhomes",
,Marketing Expense,m,2,"Dylan - (Houston, TX) - Residences at Med",
,Marketing Fee - Laundry,oi,2,"Yonnic - (Dallas, TX) - Legacy Lofts",
,Marketing Income,oi,2,"Guillermo - (Yukon, OK) - Yukon Heights",
,Marketing - Internet,m,2,"Guillermo - (Allen, TX) - 301 Greenville",
,Marketing - Internet/Website Advertising,m,6,"Yonnic - (Fort Worth, TX) - Tides on Westcreek",
,Marketing- Lead Management,m,2,"Will - (Kansas City, MO) - Province of Briarcliff",
,Marketing & Leasing,ad,2,"Guillermo - (Canyon, TX) - - Torres Evolution Canyon","recoded from 'm' (standardized to majority ({'m': 4, 'ad': 19}))"
,Marketing - Locator Fees/Functions,m,6,"Yonnic - (Fort Worth, TX) - Tides on Westcreek",
,Marketing - Market Study/Shopping Reports,m,6,"Yonnic - (Fort Worth, TX) - Tides on Westcreek",
,Marketing-Market Survey,m,2,"Will - (Kansas City, MO) - Province of Briarcliff",
,Marketing Materials,m,5,"Yonnic - (Monroe, LA) - Seasons & Woodale",
,Marketing Materials (Business Cards),m,2,"Danny - (Oklahoma City, OK) - The Brickson",
,Marketing - Office/Model Expense,m,6,"Yonnic - (Fort Worth, TX) - Tides on Westcreek",
,Marketing - Online Employment Ads,m,6,"Yonnic - (Fort Worth, TX) - Tides on Westcreek",
,Marketing - Promotions/PR,m,6,"Yonnic - (Fort Worth, TX) - Tides on Westcreek",
,Marketing- Rapid Soft,m,2,"Will - (Kansas City, MO) - Province of Briarcliff",
,Marketing- Reputation.Com,m,2,"Will - (Kansas City, MO) - Province of Briarcliff",
,Marketing Resident Retention,m,12,- Orleans,
,Marketing Signage,m,2,"Guillermo - (Lubbock, TX) - Cottage Point",
,Marketing - Signs,m,2,"Guillermo - (Allen, TX) - 301 Greenville",
,Marketing Software,m,2,"Danny - (Manor, TX) - Flats at Shadowglen",
,Marketing Supplies,m,6,- Orleans,
,Marketing Support,m,2,"Chase - (Corsicana, TX) - Oak Lawn",
,Marketing Support Services,m,2,"Chase - (Corsicana, TX) - Oak Lawn",
,Marketing Swag & Materials,m,2,"Danny - (Oklahoma City, OK) - The Brickson",
,Marketing - Temporary Signage,m,6,"Yonnic - (Fort Worth, TX) - Tides on Westcreek",
,Material,rm,1,"Paul - (Killeen, TX) - Quail Hollow Apartments",
,Material Cost,rm,2,"Guillermo - (Hurst, TX) - Point on Calloway",
,Material Exterior Repairs,rm,2,"Chris - (Dallas, TX) - HYA Live Oak Apartments",
,Material - Interior Repairs,rm,2,"Dylan - (Houston, TX) - Park at Vittoria",
,Materials,rm,10,- Orleans,
,Materials / Supplies,rm,2,"Guillermo - (Temple, TX) - Greenbrier Park Apartments",
,Materials - Other,rm,4,"Danny - (Killeen, TX) - 605 N Gray",
,Meals,ad,26,"Jon - (Tulsa, OK) - Boulder Ridge",
,Meals & Enterainment,ad,2,"Dylan - (Houston, TX) - Residences at Med",
,Meals & Entertainment,ad,17,"Emilio - (San Antonio, TX) - The 209",
,Meals & Entertainment - Admin,ad,2,"Danny - (Manor, TX) - Flats at Shadowglen",
,Meals (General),ad,2,"Guillermo - (Lubbock, TX) - Cottage Point",
,"Meals, Lodging - Supervisor",ad,2,"Dylan - (Houston, TX) - Park at Vittoria",
,Media Package Income,oi,2,"Will - (Kansas City, MO) - Province of Briarcliff",
,Medical Expense,ad,2,"Dylan - (Houston, TX) - Residences at Med",
,Medical Insurance,pr,10,"Jon - (Tulsa, OK) - Boulder Ridge",
,Medical Plan Contribution,pr,2,"Dylan - (College Station, TX) - Park Place",
,Medicare Expense,pr,1,"paul - (Dallas, TX) - Estrella at Kiest",
,Medicare Tax,pr,4,"Guillermo - (Houston, TX) - Pines at Woodcreek",
,Medicare Tax Expense,pr,2,"Guillermo - (Yukon, OK) - Yukon Heights",
,Membership Dues,ad,1,"Chris - (Webster, TX) - The Townhomes on Three",
,Membership/ Dues,ad,2,"Jon - (Richardson, TX) - Winding Way",
,Memberships,ad,2,"Guillermo - (Temple, TX) - Greenbrier Park Apartments",
,Memberships & Dues,ad,4,"Emilio - (Dallas, TX) - Bella Vista Pointe",
,Memberships/Association Events,ad,4,"Guillermo - (Houston, TX) - Pines at Woodcreek",
,Merchant Returned Payments Fees,ad,2,"Danny - (Amarillo, TX) - Westhaven Duplexes",
,Meter Reading Expense,w,4,"Greg - (Dallas, TX) - The Carolina",
,Mgmt: Application Fee,oi,2,"Emilio - (Dallas, TX) - 4625 Virginia Ave",
,Mgmt Fee,mf,4,"David - (Universal City, TX) - Falcon Apartments",
,Mgmt Fees,mf,2,"Greg - (Abilene, TX) - Big County",
,Mgmt: In-House Maintenance Labor,mf,2,"Emilio - (Dallas, TX) - 4625 Virginia Ave",
,Mgmt: Late Fee,oi,2,"Emilio - (Dallas, TX) - 4625 Virginia Ave",
,Mgmt: Lease Commission Service,mf,2,"Emilio - (Dallas, TX) - 4625 Virginia Ave",
,Mgmt: Nsf Fee,oi,2,"Emilio - (Dallas, TX) - 4625 Virginia Ave",
,Mgmt: Painting Labor Service,mf,2,"Emilio - (Dallas, TX) - 4625 Virginia Ave",
,Mgmt: Porter Labor Service,mf,2,"Emilio - (Dallas, TX) - 4625 Virginia Ave",
,Mgmt: Property Management Services,mf,2,"Emilio - (Dallas, TX) - 4625 Virginia Ave",
,Mgmt: Renewal Service,mf,2,"Emilio - (Dallas, TX) - 4625 Virginia Ave",
,Mgmt Software,ad,2,"Jon - (Richardson, TX) - Winding Way",
,Mgmt: Unit Administrative Service,mf,2,"Emilio - (Dallas, TX) - 4625 Virginia Ave",
,"MI Gifts, Renewal Gifts, Other Appr Ex",m,4,"Emilio - (Dallas, TX) - Bella Vista Pointe",
,Microwaves,rm,2,"Guillermo - (Temple, TX) - Greenbrier Park Apartments",
,Mileage Expense,ad,4,"Yonnic - (San Antonio, TX) - Seraphina Castle Hills",
,Mileage Reimbursement,rm,14,"David - (Temple, TX) - Asbury Park",3xpr; 1xad
,Mileage Reimbursement Office Team,ad,2,"Dylan - (Fort Worth, TX) - The Stella",
,Mileage (Tnt),rm,2,"Guillermo - (Yukon, OK) - Yukon Heights",
,Mileage-Tolls-Pk Reimb-Adm,ad,2,"Dylan - (Houston, TX) - Park at Vittoria",
,Military Discounts,nr,2,"David - (Odessa, TX) - East 12th Townhomes",
,Mineral Income,oi,2,"Yonnic - (Fort Worth, TX) - Polo Club",
,5141Mirrors,rm,3,"Yonnic - (San Antonio, TX) - The Kelly Apartments",
,Misc,rm,2,"Jon - (Lewisville, TX) - Vistas on the Park",
,Misc admin,ad,3,"Yonnic - (San Antonio, TX) - The Kelly Apartments",
,Misc Admin Expense,ad,2,"Guillermo - (Yukon, OK) - Yukon Heights",
,Misc. Administrative,ad,2,"Dylan - (Fort Worth, TX) - Mesa Vista",
,Misc Administrative Expense,ad,2,"Dylan - (Houston, TX) - Park at Vittoria",
,Misc. Administrative Expenses,ad,2,"Dylan - (Fort Worth, TX) - The Stella",
,Misc Advertising/Marketing,m,8,"Emilio - (Houston, TX) - Las Palmas",
,Misc Costs,ad,2,"Yonnic - (Dallas, TX) - Legacy Lofts",
,Misc Equipment / Supplies,ad,2,"Dylan - (Houston, TX) - Park at Vittoria",
,Misc. Equipment & Supplies,rm,2,"Bryce - (Arlington, TX) - Timberlake Villas",
,Misc Expense,ad,2,"Trey - (Cedar Hills, TX) - 312 Hickerson St",
,Misc Fees,oi,2,"2- (Houston, TX) - 5532 Eskridge",
,Misc. Fees Collected,oi,2,"David - (Greenville, TX) - Kingridge",
,Misc. Fees & Permits,ad,2,"Paul - (Haltom City, TX) - Woods of Haltom City",
,"Misc Fees (pet, transfer, etc)",oi,2,David - (Carrollton) - Marbella Villas at Indian Creek,
,Misc. General Adminstrative,ad,4,"Will - (Overland Park, KS) - 87th Street Apartments",
,Misc Income,oi,11,"Danny - (Dallas, TX) - The Link",
,Misc Landscaping,rm,2,"Trey - (Garland, TX) - Hills of Palos Verde",
,Misc Leasing Expense,m,2,"Dylan - (Houston, TX) - Park at Vittoria",
,Misc Maint Expenses,rm,2,"Dylan - (Fort Worth, TX) - Bonnie Royal",
,Misc Maintenance Expense,rm,2,"Paul - (Lubbock, TX) - Dimora Village",
,Misc Marketing,m,6,"Danny - (Weatherford, TX) - Lone Oak",
,Misc. Monthly Fees,oi,5,"Yonnic - (Monroe, LA) - Seasons & Woodale",
,Misc move out reimbursement charges,oi,2,"Emilio - (Sherman, TX) - Concord Village",
,Misc Office Expense,ad,8,"Danny - (Weatherford, TX) - Lone Oak",
,Misc. Parts & Supplies,rm,4,"Dylan - (Fort Worth, TX) - Mesa Vista",
,Misc Property Income,oi,2,"Bryce - (Arlington, TX) - Timberlake Villas",
,Misc. Property Management Expense,mf,2,"Trey - (McKinney, TX) - 301 E Lamar St",
,Misc Security Expenses,cs,2,"Dylan - (Houston, TX) - Park at Vittoria",
,Misc Startup Costs,ad,2,"Dylan - (Denton, TX) - Quincy Court",
,Misc Supplies / Hardware,rm,2,"Danny - (Dallas, TX) - The Link",
,Misc Supplies & Hardware,rm,9,"Guillermo - (Lubbock, TX) - Lubbock Square Apartments",
,Misc Tenant Charges,oi,4,"Greg - (Arlington, TX) - Stadium West",
,MISC/OTHER  INCOME,oi,2,"Paul - (Garland, TX) - Vista Isle",
,Miscelaneous Income,oi,2,"Jon - (DeSoto, TX) - Canyon Oaks",
,Miscellaneous,rm,22,"Chris - (Dallas, TX) - HYA Live Oak Apartments",4xoi; 2xad
,Miscellaneous Administrative,ad,8,"Bryce - (Cleburne, TX) - Colonial",
,Miscellaneous Credit,nr,6,"Emilio - (Dallas, TX) - Bella Vista Pointe",
,Miscellaneous Expense,ad,6,"Jackson - (Pilot Knob, MO) - Countryside Apartments",
,Miscellaneous Expense (Above Noi),ad,3,"Yonnic - (Monroe, LA) - Seasons & Woodale",
,Miscellaneous Fee Income,oi,2,"Jon - (Richardson, TX) - Winding Way",
,Miscellaneous G&A,ad,1,"Chris - (Webster, TX) - The Townhomes on Three",
,Miscellaneous General / Admin,ad,6,"Yonnic - (San Antonio, TX) - Seraphina Castle Hills",
,Miscellaneous Inc.,oi,2,"Guillermo - (Lubbock, TX) - Coronado Crossing",
,Miscellaneous Income,oi,87,"Emilio - (Houston, TX) - Las Palmas",
,Miscellaneous Income Oper,oi,2,"Dylan - (Houston, TX) - Park at Vittoria",
,Miscellaneous non-operating expense,ad,2,"Trey - (McKinney, TX) - 301 E Lamar St",
,Miscellaneous R&M,rm,4,"David - (Odessa, TX) - East 12th Townhomes",
,Miscellaneous Repairs & Maintenance,rm,2,"Danny - (Oklahoma City, OK) - The Brickson",
,Miscellaneous Supplies / Repairs,rm,4,"Yonnic - (San Antonio, TX) - Seraphina Castle Hills",
,Miscellanous Expenses,ad,6,"Will - (Copperas Cove, TX) - Las Cortes",
,Miscturn Cost,cs,2,"Guillermo - (Houston, TX) - Pines at Woodcreek",
,Miscturn Costs - Turn Costs,rm,2,"Guillermo - (Baton Rouge, LA) - Terraces at Perkins Rowe",
,Model / Employee Unit(S),nr,3,"Yonnic - (Bryan, TX) - Retreat at 2818",
,6765-0000Model Apartment,m,2,"Paul - (Killeen, TX) - The Forum",
,Model Decorating/Set Up,ad,2,"Danny - (Oklahoma City, OK) - The Brickson",
,Model Expense,m,7,"Guillermo - (Houston, TX) - Pines at Woodcreek",
,Model Furniture - Rent,m,2,"Bryce - (San Antonio, TX) - Stone Chase",
,Model Loss,nr,6,"Danny - (Weatherford, TX) - Lone Oak",
,Model Or Office Units,nr,2,"Guillermo - (Garland, TX) - Meadow Creek",
,Model Related Expenses,m,2,"Dylan - (Fort Worth, TX) - The Stella",
,Model & Storage Units,nr,6,"Yonnic - (San Antonio, TX) - Seraphina Castle Hills",
,Model Supplies,m,2,"Will - (Kansas City, MO) - Province of Briarcliff",
,Model Unit,nr,2,"Bryce - (Arlington, TX) - Timberlake Villas",
,Model Unit Expense,ad,2,"Will - (Overland Park, KS) - 87th Street Apartments",
,Model Unit Loss,nr,2,"Paul - (Lubbock, TX) - Dimora Village",
,Model Units/Admin,nr,4,"Paul - (Lacy Lakeview, TX) - The Zoe",
,Model Vacancy Loss,nr,6,"Yonnic - (Fort Worth, TX) - Tides on Westcreek",1xv
,Model/Office Units,nr,2,"Dylan - (Houston, TX) - Park at Vittoria",
,Models,nr,2,"Danny - (Manor, TX) - Flats at Shadowglen",
,Monitored Security/Fire Alarm,cs,2,"Yonnic - (Shreveport, LA) - Castlewood",
,Monitoring Communication Service,cs,2,"Jon - (DeSoto, TX) - Canyon Oaks",
,Month-Month Fee,oi,1,"Danny - (Temple, TX) - The District at 21 Fourteen",
,Month to Month,oi,2,David - (Carrollton) - Marbella Villas at Indian Creek,
,Month-To-Month Fee,oi,36,"Danny - (Manor, TX) - Flats at Shadowglen",
,Month-to-Month Fees,oi,41,"Emilio - (Houston, TX) - Las Palmas",
,Month-to-Month Lease Fee,oi,6,- Orleans,
,Month-To-Month Or Short-Term Lease Fee,oi,4,"Guillermo - (Houston, TX) - Pines at Woodcreek",
,Month-to-Month Premium,oi,1,"paul - (Dallas, TX) - Estrella at Kiest",
,Month-To-Month Premiums,oi,4,"Yonnic - (San Antonio, TX) - Seraphina Castle Hills",
,Month To Month Rent,oi,2,"Paul - (Lubbock, TX) - Dimora Village",
,1.Monthly Ins  Escrow Transfer,i,4,"Danny - (Killeen, TX) - 605 N Gray",
,Monthly Insurance,oi,4,"Greg - (Dallas, TX) - The Carolina",
,Monthly Landscaping Contract,cs,2,"Will - (Copperas Cove, TX) - Las Cortes",
,1.Monthly P Tax Escrow Transfer,tx,4,"Danny - (Killeen, TX) - 605 N Gray",
,Monthly Pest Control,cs,2,"Will - (Copperas Cove, TX) - Las Cortes",
,Monthly Pet fee,oi,8,- Orleans,
,Monthly Pet Rent,oi,4,"Dylan - (Lubbock, TX) - Crest at Cooper",
,Monthly Rent,oi,4,"Will - (Overland Park, KS) - 87th Street Apartments",1xr
,Monthly Yard Revenue,oi,2,"Danny - (OKC, OK) - The Teagen",
,MOO - Menagernen1,pr,2,"Danny - (Dallas, TX) - Magnolia on Gaston",
,Mortgage Escrow Expense - Property Insurance,i,1,"paul - (Dallas, TX) - Estrella at Kiest",
,Mortgage Escrow Expense - Property Taxes,tx,1,"paul - (Dallas, TX) - Estrella at Kiest",
,Mortgage - Other,ad,2,"Jon - (Lewisville, TX) - Vistas on the Park",
,Move-In Fee,oi,1,"paul - (Dallas, TX) - Estrella at Kiest",
,Move-In Fee Income,oi,2,"Paul - (Lubbock, TX) - Dimora Village",
,Move In Gifts,m,2,"Trey - (Garland, TX) - Hills of Palos Verde",
,Move In Gifts & Gift Cards,m,2,"Danny - (Oklahoma City, OK) - The Brickson",
,Move in Specials,nr,4,"Chase - (Corsicana, TX) - Oak Lawn",
,Move-Out Carpet Cleaning,oi,2,"Dylan - (Fort Worth, TX) - Mesa Vista",
,Move-Out Carpet & Pad Repair,oi,2,"Dylan - (Fort Worth, TX) - Mesa Vista",
,Move Out - Carpet Repair,rm,2,"Paul - (Denton, TX) - Maple Tree Townhomes",
,Move Out Charge Income,oi,5,"Yonnic - (Monroe, LA) - Seasons & Woodale",
,Move Out Charges,oi,4,"Jackson - (Pilot Knob, MO) - Countryside Apartments",
,Move Out - Cleaning,rm,2,"Paul - (Denton, TX) - Maple Tree Townhomes",
,Move Out Damages,oi,2,"Guillermo - (Allen, TX) - 301 Greenville",
,Move Out Damages/Carpet,oi,4,"Dylan - (Fort Worth, TX) - The Stella",
,"Move-Out Door, Window, Screen Damage",oi,2,"Dylan - (Fort Worth, TX) - Mesa Vista",
,Move Out Fees,oi,3,"Yonnic - (Bryan, TX) - Retreat at 2818",
,Move-Out Full Clean (Incl. Contractors),oi,2,"Dylan - (Fort Worth, TX) - Mesa Vista",
,"Move Out - Handyman (Painting, etc.)",rm,2,"Paul - (Denton, TX) - Maple Tree Townhomes",
,Move Out - Locksmith,rm,2,"Paul - (Denton, TX) - Maple Tree Townhomes",
,Move-Out Paint Damage (Inc. Drywall),oi,2,"Dylan - (Fort Worth, TX) - Mesa Vista",
,"Move Out - Supplies (Blinds, Filters, Bulbs, etc.)",rm,2,"Paul - (Denton, TX) - Maple Tree Townhomes",
,Move-Out Tile & Grout Cleaning,oi,2,"Dylan - (Fort Worth, TX) - Mesa Vista",
,Move-Out Trash Removal,oi,2,"Dylan - (Fort Worth, TX) - Mesa Vista",
,Move Out - Utilities,rm,2,"Paul - (Denton, TX) - Maple Tree Townhomes",
,"MR Appliances, Parts, & Supplies",rm,2,"David - (Kingsville, TX) - SG Apartments",
,MR Blinds/Screens,rm,2,"David - (Kingsville, TX) - SG Apartments",
,MR Cabinets,rm,2,"David - (Kingsville, TX) - SG Apartments",
,MR Contract Labor,rm,2,"David - (Kingsville, TX) - SG Apartments",
,MR Doors/Hardware Materials,rm,2,"David - (Kingsville, TX) - SG Apartments",
,MR Electrical,rm,2,"David - (Kingsville, TX) - SG Apartments",
,MR Exterior Building Repairs,rm,2,"David - (Kingsville, TX) - SG Apartments",
,MR Fire Extinguishers/Safety,rm,2,"David - (Kingsville, TX) - SG Apartments",
,MR Flooring repairs,rm,2,"David - (Kingsville, TX) - SG Apartments",
,MR HVAC,rm,2,"David - (Kingsville, TX) - SG Apartments",
,MR Landscaping,rm,2,"David - (Kingsville, TX) - SG Apartments",
,MR Paint/Sheetrock,rm,2,"David - (Kingsville, TX) - SG Apartments",
,MR Pest Control,rm,2,"David - (Kingsville, TX) - SG Apartments",
,MR Pet Station Materials,rm,2,"David - (Kingsville, TX) - SG Apartments",
,MR Plumbing,rm,2,"David - (Kingsville, TX) - SG Apartments",
,MR Pool maint/repairs,rm,2,"David - (Kingsville, TX) - SG Apartments",
,MR Tools,rm,2,"David - (Kingsville, TX) - SG Apartments",
,MR windows/glass,rm,2,"David - (Kingsville, TX) - SG Apartments",
,MTM / Short Term,oi,2,"Bryce - (Arlington, TX) - Timberlake Villas",
,MTM CHARGES,oi,2,"Paul - (Garland, TX) - Vista Isle",
,Mtm Fee,oi,2,"Dylan - (Houston, TX) - Park at Vittoria",
,Mtm Premium,oi,2,"Danny - (Manor, TX) - Flats at Shadowglen",
,Mtm Rent,oi,9,"Guillermo - (Lubbock, TX) - Lubbock Square Apartments",
,Multi Family Annual Registration Fee,ad,2,"Dylan - (Fort Worth, TX) - Bonnie Royal",
,Music/Tv/Video Licensing,ad,15,"Yonnic - (San Antonio, TX) - Seraphina Castle Hills",
,Natural Gas,o,13,"Bryce - (Haltom City, TX) -  Loraine Place",
,Natural Gas- Common,o,2,"Jon - (Richardson, TX) - Winding Way",
,Natural Gas Expense,e,2,"Emilio - (Dallas, TX) - Bella Vista Sol",
,Net Collected Rent (Gross Less Vacancy And Bad Debt),r,2,"Greg - (Lubbock, TX) - Westlake Apartments",
,New Hire Onboarding,ad,2,"Trey - (Garland, TX) - Hills of Palos Verde",
,Newsletters,m,4,"Emilio - (Dallas, TX) - Bella Vista Pointe",
,No laundry room,oi,2,"Emilio - (Van Alstyne, TX) - 441 & 451 W Van Alystne",
,No P.O. Missing Receipt,ad,1,"paul - (Dallas, TX) - Estrella at Kiest",
,Noi Bonuses,pr,2,"Danny - (Houston, TX) - Ivy at the Galleria",
,Non-base rent concession,nr,2,"David - (Kingsville, TX) - SG Apartments",
,Non Compliance Insurance Fee,oi,4,"Emilio - (Dallas, TX) - Bella Vista Pointe",
,Non Contract Landscaping,rm,2,"Jon - (Lewisville, TX) - Vistas on the Park",
,Non-Moveout Tenant Damages,oi,3,"Yonnic - (Monroe, LA) - Seasons & Woodale",
,Non-Recurring Advertising & Promotional,m,2,"Danny - (Dallas, TX) - The Link",
,Non-Recurring Concessions,nr,2,"Danny - (Manor, TX) - Flats at Shadowglen",
,Non-Recurring Repairs & Maintenance,rm,2,"Danny - (Dallas, TX) - The Link",
,Non-Ref Admin/Redec Fees,oi,2,"Will - (Kansas City, MO) - Province of Briarcliff",
,Non-Ref Pet Fee,oi,2,"Will - (Kansas City, MO) - Province of Briarcliff",
,Non Refundable Admin,oi,4,"Chase - (Corsicana, TX) - Oak Lawn",
,Non-Refundable Deposit,oi,4,"Bryce - (Haltom City, TX) -  Loraine Place",
,Non-Refundable Fees,oi,2,"Dylan - (Houston, TX) - Park at Vittoria",
,Non Refundable Pet Deposit,oi,4,"Jackson - (Pilot Knob, MO) - Countryside Apartments",
,Non Refundable Pet Deposit (Pet Fee),oi,8,"Trey - (Duncanville, TX) - Sunset Villa",
,Non-Refundable Pet Deposits,oi,4,"Greg - (Dallas, TX) - The Carolina",
,Non-Refundable Pet Fee,oi,8,"David - (Odessa, TX) - East 12th Townhomes",
,Non-Refundable Pet Fee/Deposit,oi,2,"Guillermo - (Temple, TX) - Greenbrier Park Apartments",
,Non-Refundable Pet Fees,oi,10,"Greg - (Arlington, TX) - Stadium West",
,Non-Refundable Risk Fee,oi,2,"Guillermo - (Lubbock, TX) - Cottage Point",
,Non Rev Producing Units,nr,2,"Danny - (Manor, TX) - Flats at Shadowglen",
,Non Revenue Units,nr,4,"Guillermo - (Houston, TX) - Pines at Woodcreek",
,Nonrefundable-Pet Deposit,oi,2,"Jon - (Fairfield, TX) - East Meadows Apartments",
,Nonrefundable Pet Rent,oi,8,"Danny - (Weatherford, TX) - Lone Oak",
,North gate,ad,2,"Yonnic - (Hallsville, TX) - Townhomes at Cider Point",
,Notice And/Or Term Fees,oi,2,"Dylan - (Houston, TX) - Park at Vittoria",
,Notice Delivery Income,oi,4,"Emilio - (Dallas, TX) - Tribeca & 2106 Bennett",
,Notice Fee,oi,2,"David - (Odessa, TX) - East 12th Townhomes",
,Nsf Charges,oi,16,"Dylan - (Fort Worth, TX) - Mesa Vista",
,Nsf Check Fee Reimbursement,oi,4,"Will - (Overland Park, KS) - 87th Street Apartments",
,NSF Check Fees,oi,28,"Emilio - (Houston, TX) - Las Palmas",
,NSF (checks),rm,2,David - (Carrollton) - Marbella Villas at Indian Creek,
,Nsf Fee,oi,4,"Guillermo - (Yukon, OK) - Yukon Heights",
,Nsf Fee Income,oi,16,"Emilio - (Dallas, TX) - Tribeca & 2106 Bennett",
,Nsf Fees,oi,42,"Yonnic - (Monroe, LA) - Seasons & Woodale",
,"Nsf Fees, App Fee, Break Lease Fee, Late Fee",oi,2,"Yonnic - (Elk City, OK) - Granite Landing Apartments",
,Nsf Fees Collected,oi,20,"David - (Temple, TX) - Asbury Park",
,Nsf Fees Paid,mf,2,"David - (Odessa, TX) - East 12th Townhomes",
,Nsf Fees (Resid Ret Ck Fee),oi,2,"Dylan - (Houston, TX) - Park at Vittoria",
,Occupied Damage & Cleaning Charges,oi,4,"Emilio - (Dallas, TX) - Bella Vista Pointe",
,Occupied Resurfacing,rm,1,"Chris - (Webster, TX) - The Townhomes on Three",
,Occupied Shampoo,rm,1,"Chris - (Webster, TX) - The Townhomes on Three",
,Occupied Unit Blinds,rm,1,"Chris - (Webster, TX) - The Townhomes on Three",
,Occupied Unit Drywall,rm,1,"Chris - (Webster, TX) - The Townhomes on Three",
,Off Site Storage Rent,ad,2,"David - (Odessa, TX) - East 12th Townhomes",
,Offce Expense,ad,2,"Yonnic - (Harlingen, TX) - Timbers",
,Office:,ad,2,"Danny - (OKC, OK) - The Hudson",
,Office / Storage Rent,ad,4,"Dylan - (Fort Worth, TX) - The Stella",
,Office + Administrative,ad,3,"Dylan - (Charles, LA) - The Oaks Apartments",
,Office Cable Service/Internet Service,cs,2,"Trey - (Garland, TX) - Hills of Palos Verde",
,Office Communication Expense,ad,2,"David - (Odessa, TX) - East 12th Townhomes",
,Office Computers,ad,2,"Guillermo - (Lubbock, TX) - Cottage Point",
,Office Contract Labor,pr,2,"Danny - (Dallas, TX) - The Link",
,Office Copier/Printers,ad,2,"Guillermo - (Lubbock, TX) - Cottage Point",
,Office Equip Lease,ad,2,"Jon - (Richardson, TX) - Winding Way",
,Office Equip/Furniture Rental,ad,2,"Will - (Kansas City, MO) - Province of Briarcliff",
,Office Equipment,ad,3,"Danny - (Manor, TX) - Flats at Shadowglen",
,Office Equipment Expense,ad,2,"Dylan - (Fort Worth, TX) - The Stella",
,Office Equipment Leased,ad,2,"Dylan - (Fort Worth, TX) - The Stella",
,Office Equipment Maint.,ad,2,"David - (Kingsville, TX) - SG Apartments",
,Office Equipment Rental,ad,10,"Danny - (Manor, TX) - Flats at Shadowglen",
,Office Equipment - Rental / Repair,ad,2,"Paul - (Killeen, TX) - Dorel Killeen",
,Office Equipment Rentals,ad,4,"Guillermo - (Houston, TX) - Pines at Woodcreek",
,Office Equiqment & Supplies,ad,2,"Paul - (Lubbock, TX) - Dimora Village",
,Office Expense,ad,4,"Yonnic - (Hallsville, TX) - Townhomes at Cider Point",
,Office Expense - Administrative,ad,2,"Danny - (Dallas, TX) - The Link",
,Office Expenses,ad,2,"Dylan - (Fort Worth, TX) - Bonnie Royal",
,Office Expenses & Software,ad,2,"Emilio - (Hillsboro, TX) - Walnut Manor",
,Office Furniture,ad,2,"Guillermo - (Temple, TX) - Greenbrier Park Apartments",
,Office Furniture & Supplies,ad,4,"Greg - (Arlington, TX) - Stadium West",
,Office Hardware,pr,2,"Angel - (Granbury, TX) - The Woods",
,Office Hospitality,m,2,"Danny - (Oklahoma City, OK) - The Brickson",
,Office Labor,pr,6,"Danny - (Killeen, TX) - 605 N Gray",
,Office Miscellaneous Expenses,ad,4,"David - (Odessa, TX) - East 12th Townhomes",
,Office Operations,ad,3,"David - (Commerce, TX) - Mayo Townhomes",
,Office Operations - Bank Charges,ad,6,"Yonnic - (Fort Worth, TX) - Tides on Westcreek",
,Office Operations - Bulk Cable,o,4,"Yonnic - (Fort Worth, TX) - Tides on Westcreek",
,Office Operations - Computer Supplies & Software,ad,6,"Yonnic - (Fort Worth, TX) - Tides on Westcreek",
,Office Operations - Copies/Printing,ad,6,"Yonnic - (Fort Worth, TX) - Tides on Westcreek",
,Office Operations - Credit Bureau,ad,6,"Yonnic - (Fort Worth, TX) - Tides on Westcreek",
,Office Operations - Employee Screening,ad,4,"Yonnic - (Fort Worth, TX) - Tides on Westcreek",
,Office Operations - Express Mail,ad,6,"Yonnic - (Fort Worth, TX) - Tides on Westcreek",
,Office Operations - Furniture & Equipment Rental,ad,6,"Yonnic - (Fort Worth, TX) - Tides on Westcreek",
,Office Operations - Insurance,i,6,"Yonnic - (Fort Worth, TX) - Tides on Westcreek",recoded from 'ad' (property insurance -> i)
,Office Operations - Lease Lock,ad,6,"Yonnic - (Fort Worth, TX) - Tides on Westcreek",1xpr
,Office Operations - Legal Expenses,ad,6,"Yonnic - (Fort Worth, TX) - Tides on Westcreek",1xpr
,Office Operations - Office Supplies,ad,6,"Yonnic - (Fort Worth, TX) - Tides on Westcreek",
,Office Operations - Parcel Services Expense,ad,2,"Danny - (OKC, OK) - The Teagen",
,Office Operations - Postage,ad,6,"Yonnic - (Fort Worth, TX) - Tides on Westcreek",
,"Office Operations - Taxes, Licenses & Fees",ad,2,"Danny - (OKC, OK) - The Teagen",
,Office Operations - Telephone/Cable/Internet,ad,6,"Yonnic - (Fort Worth, TX) - Tides on Westcreek",1xo
,Office Operations - Training & Meetings,ad,2,"Yonnic - (Fort Worth, TX) - Tides on Westcreek",
,Office Operations - Travel Expenses,ad,2,"Danny - (OKC, OK) - The Teagen",
,Office Overtime,pr,2,"Dylan - (Fort Worth, TX) - The Stella",
,Office Peer Salaries,pr,2,"Danny - (Manor, TX) - Flats at Shadowglen",
,Office Rentals,ad,2,"Trey - (Garland, TX) - Hills of Palos Verde",
,Office Repairs & Maintenance,rm,2,"Guillermo - (Yukon, OK) - Yukon Heights",
,Office Salaries,pr,18,"Emilio - (Houston, TX) - Las Palmas",
,Office Security System,ad,2,"Guillermo - (Allen, TX) - 301 Greenville",
,Office Staff Bonus,pr,8,"Danny - (Weatherford, TX) - Lone Oak",
,Office Staff Ot,pr,6,"Danny - (Weatherford, TX) - Lone Oak",
,Office Staff Salary,pr,10,"Jon - (Tulsa, OK) - Boulder Ridge",
,Office Staff Workers Comp,pr,2,"Will - (Kansas City, MO) - Province of Briarcliff",
,Office Supp / Printed Forms,ad,2,"Dylan - (Houston, TX) - Park at Vittoria",
,Office Supplies,ad,119,"Yonnic - (Monroe, LA) - Seasons & Woodale",2xrm; 1xpr
,Office Supplies / General,ad,2,"Danny - (Dallas, TX) - The Link",
,Office Supplies and Equip.,ad,3,"Bryce - (Denton, TX) - Bonnie Green Apartments",
,Office Supplies Expense,ad,6,"Emilio - (Dallas, TX) - Bella Vista Pointe",
,Office Supplies & Expenses,ad,4,"Guillermo - (Yukon, OK) - Yukon Heights",
,Office Supplies & Software,ad,6,"Emilio - (San Antonio, TX) - Winkle Courts Apts",
,Office Supplies/,ad,2,"Emilio - (Plano, TX) - Texas Star Townhomes",
,Office Supplies/Expenses,ad,2,"Trey - (Garland, TX) - Hills of Palos Verde",
,Office Supply,ad,4,"David - (Temple, TX) - Asbury Park",
,Office Telephone,ad,2,"Danny - (Oklahoma City, OK) - The Brickson",
,Office Telephone & Internet,ad,8,"Danny - (Weatherford, TX) - Lone Oak",
,Office - Uniforms,ad,2,"David - (Kingsville, TX) - SG Apartments",
,Office Unit Loss,nr,2,"Paul - (Lubbock, TX) - Dimora Village",
,(Office Use Only) Landlord Liability Premium Pass-Thru,i,5,"Yonnic - (Monroe, LA) - Seasons & Woodale",
,"Office - Water, Coffee",ad,2,"David - (Kingsville, TX) - SG Apartments",
,Officer Salary,pr,2,"Angel - (Granbury, TX) - The Woods",
,Offsite Services Fee,mf,5,"Yonnic - (Monroe, LA) - Seasons & Woodale",
,Ofice Supplies,ad,6,- Orleans,
,On-Call Bonus/Dec. Holiday Bonus,pr,2,"Will - (Kansas City, MO) - Province of Briarcliff",
,On-Site Maitenance Guy,pr,2,"Guillermo - (Hurst, TX) - Point on Calloway",
,On-Site Office Manager,pr,2,"Guillermo - (Hurst, TX) - Point on Calloway",
,On Site Payroll,pr,2,"Guillermo - (Houston, TX) - Houston Westlake Village",
,On Site Property Maintenance,pr,1,"paul - (Dallas, TX) - Estrella at Kiest",
,On Site Security,pr,1,"paul - (Dallas, TX) - Estrella at Kiest",
,Onboarding Fees,mf,4,"Trey - (Duncanville, TX) - Sunset Villa",
,One Time Concession,nr,2,"Jon - (Lewisville, TX) - Vistas on the Park",
,One-Time Concessions,nr,10,"Yonnic - (San Antonio, TX) - Seraphina Castle Hills",
,One Time Rent Concession,nr,2,"David - (Kingsville, TX) - SG Apartments",
,Online Advertising,m,9,"Yonnic - (Monroe, LA) - Seasons & Woodale",
,Online Payment Fees/Bill Pay Fees,ad,2,"Danny - (Oklahoma City, OK) - The Brickson",
,Online/Website,m,3,"David - (Commerce, TX) - Mayo Townhomes",
,Onsite Management,pr,2,"David - (Temple, TX) - Asbury Park",
,Operating Revenue,r,2,"Guillermo - (Houston, TX) - Houston Westlake Village",
,Opportunity Fee,oi,2,"David - (Kingsville, TX) - SG Apartments",
,Organic Online Presence,m,2,"Paul - (Killeen, TX) - Dorel Killeen",
,Ot - For All Positions,pr,2,"Danny - (Manor, TX) - Flats at Shadowglen",
,Ot4100200   Month to Month,oi,2,"Chris - (Alvin, TX) - Oak Park Village",
,Other,ad,24,"Trey - (Dallas, TX) - Ascent at Midtown",1xo; 1xoi
,Other Admin Expenses,ad,2,"Trey - (Duncanville, TX) - Sunset Villa",
,OTHER ADMINISTRATIVE,ad,2,"Paul - (Garland, TX) - Vista Isle",
,Other Administrative Expenses,ad,11,"Guillermo - (Lubbock, TX) - Lubbock Square Apartments",
,Other Administrative Fees,ad,2,"Guillermo - (Houston, TX) - Pines at Woodcreek",
,Other Advertising,m,4,"Yonnic - (San Antonio, TX) - Seraphina Castle Hills",
,Other Allowances,nr,2,"Chris - (San Antonio, TX) - Sunset Heights",
,Other Amenity Maintenance,rm,2,"Bryce - (Arlington, TX) - Timberlake Villas",
,Other Computer Access Fees,ad,2,"Will - (Overland Park, KS) - 87th Street Apartments",
,Other Contract Services,cs,6,"Will - (Kansas City, MO) - Province of Briarcliff",
,Other Contracts,cs,4,"Bryce - (Cleburne, TX) - Colonial",
,Other Deposits,oi,6,"Danny - (Killeen, TX) - 605 N Gray",
,Other Expense,ad,2,"Dylan - (Houston, TX) - Residences at Med",
,Other expenses,ad,5,"Emilio - (Van Alstyne, TX) - 441 & 451 W Van Alystne",
,Other Exterior Repairs,rm,3,"Yonnic - (Bryan, TX) - Retreat at 2818",
,Other Fees,oi,2,"David - (McAllen, TX) - 3616 Harvey St",
,Other G&A,ad,2,"Yonnic - (Fort Worth, TX) - Polo Club",
,Other General R&M,rm,4,"Bryce - (Cleburne, TX) - Colonial",
,Other Income,oi,1,0e66e893-T12__Property_Name__Month_Year__Processor.xlsx,
,Other Income - Amenity Fee,oi,8,"Yonnic - (Fort Worth, TX) - Tides on Westcreek",
,Other Income - Application Fee,oi,6,"Yonnic - (Fort Worth, TX) - Tides on Westcreek",
,Other Income - Cable TV Income,ro,6,"Yonnic - (Fort Worth, TX) - Tides on Westcreek",
,Other Income - Cancellation Fee,oi,6,"Yonnic - (Fort Worth, TX) - Tides on Westcreek",
,Other Income - Conditional Fees,oi,6,"Yonnic - (Fort Worth, TX) - Tides on Westcreek",
,Other Income - Credit Builder,oi,6,"Yonnic - (Fort Worth, TX) - Tides on Westcreek",
,Other Income - Damages,oi,6,"Yonnic - (Fort Worth, TX) - Tides on Westcreek",
,Other Income - Electric Reimbursements,ro,2,"Danny - (Fort Worth, TX) - The Kimberly",
,Other Income - Electric Revenue Share,ro,2,"Danny - (Fort Worth, TX) - The Kimberly",
,Other Income - Interest Income,oi,2,"Yonnic - (Fort Worth, TX) - Tides on Westcreek",
,Other Income - Late Charges,oi,6,"Yonnic - (Fort Worth, TX) - Tides on Westcreek",
,Other Income - Laundry Income,oi,2,"Danny - (OKC, OK) - The Teagen",
,Other Income - Lease Lock,oi,6,"Yonnic - (Fort Worth, TX) - Tides on Westcreek",
,Other Income - Lease Violation Fees,oi,2,"Danny - (Fort Worth, TX) - The Kimberly",
,Other Income - Loss Damage Waiver,oi,6,"Yonnic - (Fort Worth, TX) - Tides on Westcreek",
,Other Income - Miscellaneous Income,oi,6,"Yonnic - (Fort Worth, TX) - Tides on Westcreek",
,Other Income - Monthly Pet Rent,oi,6,"Yonnic - (Fort Worth, TX) - Tides on Westcreek",
,Other Income - Non-Refundable Admin Fee,oi,6,"Yonnic - (Fort Worth, TX) - Tides on Westcreek",
,Other Income - Non-Refundable Gate/Pool/Fitness Fee,oi,4,"Yonnic - (Fort Worth, TX) - Tides on Westcreek",
,Other Income - Non-Refundable Pet Fee,oi,6,"Yonnic - (Fort Worth, TX) - Tides on Westcreek",
,Other Income - NSF Charges,oi,6,"Yonnic - (Fort Worth, TX) - Tides on Westcreek",
,Other Income - Parcel Services Income,oi,2,"Danny - (OKC, OK) - The Teagen",
,Other Income - Parking Income,oi,4,"Yonnic - (Fort Worth, TX) - Tides on Westcreek",
,Other Income - Pest Control Reimbursement,ro,6,"Yonnic - (Fort Worth, TX) - Tides on Westcreek",1xoi
,"Other Income- Pet, Amenity, etc",oi,4,"10- (Houston, TX) - 3031 Sumpter St",
,"Other Income- Pet Fees, Laundry",oi,2,"1- (Houston, TX) - 2501 Delano Apartments",
,"Other Income- Pets, Pest, etc.",oi,2,"8- (Houston, TX) - 1953 Dryden",
,Other Income - Recycling Fees,oi,4,"Yonnic - (Fort Worth, TX) - Tides on Westcreek",1xro
,Other Income - Towing,oi,4,"Yonnic - (Fort Worth, TX) - Tides on Westcreek",
,Other Income - Transfer Fee,oi,4,"Yonnic - (Fort Worth, TX) - Tides on Westcreek",
,Other Income - Trash Reimbursements,rt,6,"Yonnic - (Fort Worth, TX) - Tides on Westcreek",
,Other Income - Water/Sewer Reimbursements,rw,6,"Yonnic - (Fort Worth, TX) - Tides on Westcreek",1xoi
,Other Income/Rental,oi,2,"Dylan - (Houston, TX) - Park at Vittoria",
,Other Insurance,i,2,"Paul - (Killeen, TX) - Dorel Killeen",
,Other Interior Repairs,rm,2,"Greg - (Amarillo, TX) - Cross Timbers at Grand Street",
,Other Landscaping,cs,2,"Danny - (Manor, TX) - Flats at Shadowglen",
,Other Maint. & Repairs,rm,2,"Jon - (Richardson, TX) - Winding Way",
,Other Maintenance Supplies,rm,8,"Trey - (Duncanville, TX) - Sunset Villa",
,Other Marketing,m,8,"Danny - (Manor, TX) - Flats at Shadowglen",
,Other Marketing & Advertising,m,3,"Yonnic - (Bryan, TX) - Retreat at 2818",
,Other Misc Income,oi,6,"Trey - (Duncanville, TX) - Sunset Villa",
,Other Misc. Revenue,oi,2,"Danny - (Manor, TX) - Flats at Shadowglen",
,Other Miscellaneous Income,oi,2,"Dylan - (Fort Worth, TX) - Bonnie Royal",
,Other Month'S Rent/Delinquency Recovery,nr,2,"Will - (Kansas City, MO) - Province of Briarcliff",
,Other Monthly Charges,oi,2,"Guillermo - (Temple, TX) - Greenbrier Park Apartments",
,Other Office Labor,pr,2,"Guillermo - (Hurst, TX) - Point on Calloway",
,Other Operating Exp.,ad,2,"Guillermo - (Lubbock, TX) - Coronado Crossing",
,Other Operations Expense,rm,11,"Guillermo - (Houston, TX) - Pines at Woodcreek",
,Other Payroll Costs,pr,2,"Danny - (Dallas, TX) - The Link",
,Other Payroll Expenses,pr,2,"Dylan - (Lubbock, TX) - Crest at Cooper",
,Other - Payroll Fees,pr,2,"Danny - (Manor, TX) - Flats at Shadowglen",
,Other: Pestcontrol and lawn care,cs,2,"Emilio - (Van Alstyne, TX) - 441 & 451 W Van Alystne",
,Other Print,m,2,"Guillermo - (Lubbock, TX) - Cottage Point",
,Other Professional Fees,ad,6,"David - (Temple, TX) - Asbury Park",
,Other Property Income,oi,2,"Chase - (Corsicana, TX) - Oak Lawn",
,Other Reimbursed Costs,ro,2,"Danny - (Manor, TX) - Flats at Shadowglen",
,Other Reimbursements,ro,3,"Yonnic - (Bryan, TX) - Retreat at 2818",
,Other Rent Revenue - Commercial,oi,2,"Paul - (Killeen, TX) - Dorel Killeen",
,Other Rental Income,oi,4,"Chase - (Corsicana, TX) - Oak Lawn",
,Other Repair/Supplies Expense,rm,4,"Will - (Overland Park, KS) - 87th Street Apartments",
,Other Repairs,rm,2,"Danny - (Amarillo, TX) - Westhaven Duplexes",
,Other Repairs & Maintenance,rm,2,"Danny - (Oklahoma City, OK) - The Brickson",
,OTHER RESIDENT INCOME,oi,2,"Paul - (Garland, TX) - Vista Isle",
,Other Revenue,oi,2,"Dylan - (Lubbock, TX) - Crest at Cooper",
,Other Service Fee,oi,2,"paul - (Dallas, TX) - Estrella at Kiest",
,Other Services - Contracted,cs,2,"Yonnic - (Dallas, TX) - Legacy Lofts",
,OTHER SUPPLIES,rm,2,"Paul - (Garland, TX) - Vista Isle",
,Other Tax,tx,2,"Angel - (Granbury, TX) - The Woods",
,Other Taxes,tx,12,"Paul - (Killeen, TX) - Dorel Killeen",1xad
,Other Unit/Interior Repairs,rm,3,"Yonnic - (Bryan, TX) - Retreat at 2818",
,Other Utilities,o,5,"Yonnic - (Bryan, TX) - Retreat at 2818",
,Outdoor Advertising,m,2,"Dylan - (Houston, TX) - Park at Vittoria",
,Outside Contractor,ad,2,"Dylan - (College Station, TX) - Park Place",
,Outside Contractor - Maintenance,ad,2,"Yonnic - (Shreveport, LA) - Castlewood",
,Overhead Electricity,e,2,"Emilio - (Plano, TX) - Texas Star Townhomes",
,Overnight Delivery,ad,2,"Dylan - (Houston, TX) - Park at Vittoria",
,Overnight Mail Expense,ad,2,"Guillermo - (Yukon, OK) - Yukon Heights",
,Oversight Fee,mf,2,"Chris - (Dallas, TX) - HYA Live Oak Apartments",
,Overtime,pr,18,"Emilio - (Houston, TX) - Las Palmas",
,Owner payment,oi,3,"Yonnic - (San Antonio, TX) - The Kelly Apartments",
,P5100100  Managers and Assistants,pr,2,"Chris - (Alvin, TX) - Oak Park Village",
,Package Concierge/Locker Income,oi,2,"Paul - (Killeen, TX) - Dorel Killeen",
,Package Locker,oi,2,"Danny - (Weatherford, TX) - Lone Oak",
,Package Locker Contract,cs,2,"Danny - (Weatherford, TX) - Lone Oak",
,Package Locker Income,oi,2,"Paul - (Katy, TX) - Everson",
,Package Lockers,ad,2,"Bryce - (Arlington, TX) - Timberlake Villas",
,Package Lockers / Package Concierge,ad,2,"Guillermo - (Houston, TX) - Pines at Woodcreek",
,Package Lockers/ Package Concierge,ad,2,"Guillermo - (Dallas, TX) - Pearl at Midtown",
,Paid Email,m,4,"Yonnic - (San Antonio, TX) - Seraphina Castle Hills",
,Paint,rm,5,"Dylan - (Fort Worth, TX) - Mesa Vista",1xad
,Paint And Drywall Repairs,rm,2,"Dylan - (Fort Worth, TX) - The Stella",
,Paint - Contracted,cs,4,"Will - (Overland Park, KS) - 87th Street Apartments",1xrm
,Paint Contractor,rm,6,"Yonnic - (San Antonio, TX) - Seraphina Castle Hills",
,Paint Expense,rm,2,"Guillermo - (Lubbock, TX) - Cottage Point",
,Paint Labor,rm,5,"Yonnic - (Monroe, LA) - Seasons & Woodale",1xad
,Paint Material - Touch Up,rm,5,"Yonnic - (Monroe, LA) - Seasons & Woodale",1xad
,Paint & Painting Services,rm,9,"Bryce - (Denton, TX) - The Cluster Apartments",
,Paint Reimbursement,oi,2,"Bryce - (Arlington, TX) - Timberlake Villas",
,Paint Repair/Painter,rm,2,"Yonnic - (Fort Worth, TX) - Polo Club",
,Paint Supplies,rm,22,"Will - (Overland Park, KS) - 87th Street Apartments",1xcs
,Paint/Dec Inter-Matrl-Trnky,rm,2,"Dylan - (Houston, TX) - Park at Vittoria",
,Paint/Drywall And Supplies,rm,2,"Dylan - (Fort Worth, TX) - The Stella",
,Paint/Supplies,rm,4,"Trey - (Garland, TX) - Hills of Palos Verde",
,Painter Salaries,pr,2,"Yonnic - (San Antonio, TX) - Seraphina Castle Hills",
,Painting,rm,63,"Emilio - (Houston, TX) - Las Palmas",1xcs
,Painting and Supplies,rm,2,"Paul - (Haltom City, TX) - Woods of Haltom City",
,Painting Common Area,rm,2,"Dylan - (Fort Worth, TX) - The Stella",
,Painting Contract,cs,2,"Danny - (Manor, TX) - Flats at Shadowglen","recoded from 'rm' (standardized to majority ({'rm': 2, 'cs': 5}))"
,Painting-Contract Labor,rm,4,"Greg - (Arlington, TX) - Stadium West",
,Painting Contractors,rm,2,"Dylan - (Fort Worth, TX) - Mesa Vista",
,Painting Labor,rm,8,- Orleans,
,Painting Labor & Supplies,rm,2,"Danny - (Oklahoma City, OK) - The Brickson",
,Painting R&M,rm,4,"David - (Odessa, TX) - East 12th Townhomes",
,PAINTING R/M,rm,2,"Paul - (Garland, TX) - Vista Isle",
,Painting Repairs,rm,3,"Yonnic - (Bryan, TX) - Retreat at 2818",
,Painting Services,rm,6,"Bryce - (Cleburne, TX) - Colonial",
,Painting Supplies,rm,40,"Emilio - (Houston, TX) - Las Palmas",1xcs
,Painting Supplies (Vacant),rm,2,"Bryce - (Haltom City, TX) -  Loraine Place",
,Painting (Vacant),rm,2,"Bryce - (Haltom City, TX) -  Loraine Place",
,Painting/Wallpaper - Turn Costs,rm,9,"Guillermo - (Lubbock, TX) - Lubbock Square Apartments",1xcs
,Parcel Locker Fee,oi,2,"Guillermo - (Allen, TX) - 301 Greenville",
,Parking,oi,12,"Danny - (Manor, TX) - Flats at Shadowglen",
,Parking / Carport Income,oi,4,"Paul - (Killeen, TX) - Dorel Killeen",
,Parking And Toll,ad,2,"Dylan - (Fort Worth, TX) - Bonnie Royal",
,Parking Fee,oi,4,"Trey - (Duncanville, TX) - Sunset Villa",
,Parking Fees,oi,4,"Greg - (Dallas, TX) - The Carolina",
,Parking Fees And Reserved Parking Fees,oi,2,"David - (Odessa, TX) - East 12th Townhomes",
,Parking Income,oi,14,"Bryce - (Haltom City, TX) -  Loraine Place",
,Parking Lot,rm,2,"- (Abilene, TX) - Mesquite Square",
,Parking Lot Maint / Repairs,rm,2,"Bryce - (San Antonio, TX) - Stone Chase",
,Parking Lot Repair,rm,2,"Will - (Overland Park, KS) - 87th Street Apartments",
,Parking Lot Repair & Maint.,rm,2,"Guillermo - (Temple, TX) - Greenbrier Park Apartments",
,Parking Lot Repairs,rm,2,"Dylan - (Fort Worth, TX) - Bonnie Royal",
,Parking Meter Fee,ad,2,"Trey - (Duncanville, TX) - Sunset Villa",
,Parking Permit,oi,2,"Yonnic - (Elk City, OK) - Granite Landing Apartments",
,Parking Permits,oi,2,"Yonnic - (Dallas, TX) - Legacy Lofts",
,Parking Revenue,oi,4,"Will - (Overland Park, KS) - 87th Street Apartments",
,Parking Stickers,rm,2,"Bryce - (Arlington, TX) - Timberlake Villas",
,Parking/Garage,oi,2,"Dylan - (Lubbock, TX) - Crest at Cooper",
,Part-Time Leasing Counselor,pr,2,"Dylan - (Houston, TX) - Park at Vittoria",
,Parties,m,4,"Danny - (Weatherford, TX) - Lone Oak",
,Passthru Water &,rw,2,"Emilio - (Plano, TX) - Texas Star Townhomes",
,Patio Income,oi,2,"Bryce - (Haltom City, TX) -  Loraine Place",
,Patrol / Alarms,ad,2,"Dylan - (Fort Worth, TX) - Bonnie Royal",
,Patrol / Courtesy Officer Contract,cs,2,"Paul - (Killeen, TX) - Dorel Killeen",
,Pay Roll,pr,2,"Guillermo - (Houston, TX) - La Terraza Apartments",
,Payment Processing,ad,8,"Chase - (Corsicana, TX) - Oak Lawn",
,Payment Processing Fee,ad,2,"Danny - (Manor, TX) - Flats at Shadowglen",
,Payment Processing Fees,ad,4,"Danny - (Dallas, TX) - The Link",
,Payroll /Unemployment Tax,pr,2,"Trey - (Garland, TX) - Hills of Palos Verde",
,Payroll - 401(k) Benefits,pr,1,"Chris - (Webster, TX) - The Townhomes on Three",
,Payroll - 401K Match,pr,2,"Trey - (Duncanville, TX) - Sunset Villa",
,Payroll Admin,pr,6,- Orleans,
,Payroll Administration,pr,4,"Greg - (Arlington, TX) - Stadium West",
,Payroll Administration Fee,pr,2,"Dylan - (Houston, TX) - Park at Vittoria",
,Payroll Administrative Fee,pr,2,"Guillermo - (Yukon, OK) - Yukon Heights",
,Payroll - Administrative Mgmt,pr,7,"Guillermo - (Lubbock, TX) - Lubbock Square Apartments",
,Payroll and Benefits,pr,2,"Guillermo - (Garland, TX) - Bay Island",
,Payroll-Assistant Manager,pr,9,"Yonnic - (Bryan, TX) - Retreat at 2818",
,Payroll & Benefits,pr,2,"Greg - (Abilene, TX) - Big County",
,Payroll & Benefits Processing,pr,4,"Guillermo - (Houston, TX) - Pines at Woodcreek",
,Payroll - Bonus Program,pr,1,"Chris - (Webster, TX) - The Townhomes on Three",
,Payroll - Employer HSA Contribution,pr,1,"Chris - (Webster, TX) - The Townhomes on Three",
,Payroll Expense,pr,6,"Bryce - (Cleburne, TX) - Colonial",
,Payroll Expenses,pr,6,"10- (Houston, TX) - 3031 Sumpter St",
,Payroll Fees,pr,10,"Emilio - (Dallas, TX) - Bella Vista Pointe",2xad
,Payroll - Health/Dental Benefits,pr,1,"Chris - (Webster, TX) - The Townhomes on Three",
,Payroll - Leasing,pr,8,"Bryce - (Cleburne, TX) - Colonial",
,Payroll - Leasing Agent,pr,7,"Yonnic - (Fort Worth, TX) - Tides on Westcreek",
,Payroll - Leasing Bonuses,pr,1,"Chris - (Webster, TX) - The Townhomes on Three",
,Payroll - Maid,pr,2,"Danny - (OKC, OK) - The Teagen",
,Payroll-Maintenance,pr,9,"Yonnic - (Bryan, TX) - Retreat at 2818",
,Payroll - Maintenance Foreman,pr,6,"Yonnic - (Fort Worth, TX) - Tides on Westcreek",
,Payroll - Maintenance Labor,pr,6,"Yonnic - (Fort Worth, TX) - Tides on Westcreek",
,Payroll-Maintenance Lead,pr,3,"Yonnic - (Bryan, TX) - Retreat at 2818",
,Payroll-Manager,pr,14,"Yonnic - (Bryan, TX) - Retreat at 2818",
,Payroll-Office & Maintenance,pr,12,"Bryce - (Denton, TX) - The Cluster Apartments",
,Payroll - Other,pr,2,"Will - (Kansas City, MO) - Province of Briarcliff",
,Payroll - Payroll Taxes,pr,1,"Chris - (Webster, TX) - The Townhomes on Three",
,Payroll - Porter,pr,2,"Danny - (OKC, OK) - The Teagen",
,Payroll Processing Fee,pr,5,"Will - (Overland Park, KS) - 87th Street Apartments",
,Payroll Processing Fees,pr,31,"Yonnic - (Monroe, LA) - Seasons & Woodale",1xad
,Payroll- Property Manager,pr,2,"Jon - (Richardson, TX) - Winding Way",
,Payroll- Regional Supervisor,pr,2,"Jon - (Richardson, TX) - Winding Way",
,Payroll & Related,pr,3,"Yonnic - (Bryan, TX) - Retreat at 2818",
,Payroll Related - Health Insurance,pr,6,"Yonnic - (Fort Worth, TX) - Tides on Westcreek",
,Payroll Related - Other Benefits,pr,6,"Yonnic - (Fort Worth, TX) - Tides on Westcreek",
,Payroll Related - Payroll Taxes,pr,6,"Yonnic - (Fort Worth, TX) - Tides on Westcreek",
,Payroll Related - Training & Education,pr,6,"Yonnic - (Fort Worth, TX) - Tides on Westcreek",
,Payroll Related - Workers Compensation,pr,6,"Yonnic - (Fort Worth, TX) - Tides on Westcreek",
,Payroll Service,pr,2,"David - (Odessa, TX) - East 12th Townhomes",
,Payroll - Service Assistant,pr,1,"Chris - (Webster, TX) - The Townhomes on Three",
,Payroll Service Fee,pr,2,"Danny - (Manor, TX) - Flats at Shadowglen",
,Payroll Service Fees,pr,2,"Trey - (Duncanville, TX) - Sunset Villa",
,Payroll - Service Technician,pr,1,"Chris - (Webster, TX) - The Townhomes on Three",
,Payroll Services & Benefits,pr,3,"Yonnic - (Bryan, TX) - Retreat at 2818",
,Payroll-Staff,pr,2,"Guillermo - (Temple, TX) - Greenbrier Park Apartments",
,Payroll Tax,pr,6,"Bryce - (Haltom City, TX) -  Loraine Place",
,Payroll Tax Expenses,pr,2,"Guillermo - (Temple, TX) - Greenbrier Park Apartments",
,Payroll Taxes,pr,86,"Yonnic - (Monroe, LA) - Seasons & Woodale",
,Payroll Taxes - Administration,pr,2,"David - (Odessa, TX) - East 12th Townhomes",
,Payroll Taxes - Administrative,pr,2,"Danny - (Manor, TX) - Flats at Shadowglen",
,Payroll Taxes-FIT/FICA/,pr,2,"Chase - (Corsicana, TX) - Oak Lawn",
,Payroll Taxes-FIT/FICA/MED/,rm,2,"Chase - (Corsicana, TX) - Oak Lawn",
,Payroll Taxes-FIT/FICA/MED/FUTA/SUTI-WrkComp,pr,2,"Chase - (Corsicana, TX) - Oak Lawn",
,Payroll Taxes - Improvements,pr,2,"David - (Odessa, TX) - East 12th Townhomes",
,Payroll Taxes - Maintenance,pr,4,"Danny - (Manor, TX) - Flats at Shadowglen",
,Payroll Taxes (SSN & MEDICARE),pr,2,"Guillermo - (Lubbock, TX) - Cottage Point",
,Payroll TPM,pr,6,- Orleans,
,Payroll Wages,pr,2,"Chris - (Dallas, TX) - HYA Live Oak Apartments",
,Payroll Wages - Administration,pr,2,"David - (Odessa, TX) - East 12th Townhomes",
,Payroll & Wages - Asst. Manager,pr,2,"Danny - (Dallas, TX) - The Link",
,Payroll & Wages - Groundskeeper / Ext Porter,pr,2,"Danny - (Dallas, TX) - The Link",
,Payroll & Wages - Housekeeper/Cleaning,pr,2,"Danny - (Dallas, TX) - The Link",
,Payroll Wages - Improvements,pr,2,"David - (Odessa, TX) - East 12th Townhomes",
,Payroll & Wages - Leasing,pr,2,"Danny - (Dallas, TX) - The Link",
,Payroll Wages - Maintenance,pr,2,"David - (Odessa, TX) - East 12th Townhomes",
,Payroll & Wages - Maintenance Asst.,pr,2,"Danny - (Dallas, TX) - The Link",
,Payroll & Wages - Maintenance Supervisor,pr,2,"Danny - (Dallas, TX) - The Link",
,Payroll & Wages - Manager,pr,2,"Danny - (Dallas, TX) - The Link",
,Payroll - Worker's Compensation,pr,1,"Chris - (Webster, TX) - The Townhomes on Three",
,Payroll/Salaries,pr,2,David - (Carrollton) - Marbella Villas at Indian Creek,
,Payroll/Taxes,pr,2,David - (Carrollton) - Marbella Villas at Indian Creek,
,Percentage Rent,nr,2,"Danny - (Manor, TX) - Flats at Shadowglen",
,Performance Bonus,pr,6,- Orleans,
,Permanent Signage,m,2,"Danny - (Oklahoma City, OK) - The Brickson",
,Permit & License Fees,ad,2,"Guillermo - (Yukon, OK) - Yukon Heights",
,Permits,ad,2,"Trey - (Garland, TX) - Hills of Palos Verde",
,Permits And Licenses,ad,4,"Guillermo - (Houston, TX) - Pines at Woodcreek",
,Permits - City,ad,1,"Chris - (Webster, TX) - The Townhomes on Three",
,Permits & Fees,rm,1,"Paul - (Killeen, TX) - Quail Hollow Apartments",
,Permits & Filling Fees-LL,ad,2,"Dylan - (Houston, TX) - Residences at Med",
,Permits & Licenses,ad,2,"Bryce - (Arlington, TX) - Timberlake Villas",
,Permits - State,ad,1,"Chris - (Webster, TX) - The Townhomes on Three",
,Permits/Inspections,ad,2,David - (Carrollton) - Marbella Villas at Indian Creek,
,Personal Property Taxes,tx,2,"Will - (Kansas City, MO) - Province of Briarcliff",
,Pest,cs,4,"David - (Universal City, TX) - Falcon Apartments",1xrm
,Pest Cont-Contract/Treatmnt,cs,2,"Dylan - (Houston, TX) - Park at Vittoria",
,Pest Contol Reimb,ro,1,"Danny - (Temple, TX) - The District at 21 Fourteen",
,Pest Control,cs,128,"Yonnic - (Monroe, LA) - Seasons & Woodale",15xrm; 5xro; 4xoi; 2xad
,Pest Control (Bait Stations),cs,2,"Danny - (Oklahoma City, OK) - The Brickson",
,PEST CONTROL BILLING,oi,2,"Paul - (Garland, TX) - Vista Isle",
,Pest Control Charge,oi,2,"David - (Kingsville, TX) - SG Apartments",
,Pest Control Charges,oi,4,"Emilio - (Dallas, TX) - Bella Vista Pointe",
,Pest Control-Chemicals/Supp,cs,2,"Dylan - (Houston, TX) - Park at Vittoria",
,Pest Control (Clean Out Treatments),cs,2,"Danny - (Oklahoma City, OK) - The Brickson",
,Pest Control Contract,cs,24,"Danny - (Manor, TX) - Flats at Shadowglen",
,Pest Control- Contracted,cs,6,"Will - (Overland Park, KS) - 87th Street Apartments",
,Pest Control Contracted Services,cs,2,"Will - (Kansas City, MO) - Province of Briarcliff",
,Pest Control Expense,cs,2,"Trey - (Cedar Hills, TX) - 312 Hickerson St",
,Pest Control (Exterior Treatments),cs,2,"Danny - (Oklahoma City, OK) - The Brickson",
,Pest Control Fee,oi,22,"Chris - (Dallas, TX) - HYA Live Oak Apartments",2xro; 1xcs
,Pest Control Fee Revenue,oi,2,"Will - (Copperas Cove, TX) - Las Cortes",
,Pest Control Fees,oi,10,"Dylan - (Fort Worth, TX) - Mesa Vista",1xcs; 1xro
,Pest Control (In-House),rm,2,"Danny - (Oklahoma City, OK) - The Brickson",
,Pest Control Income,oi,24,"Will - (Kansas City, MO) - Province of Briarcliff",6xro
,Pest Control Management,rm,4,"Danny - (Weatherford, TX) - Lone Oak",
,Pest Control Non Contract,rm,2,"Jon - (Lewisville, TX) - Vistas on the Park",
,Pest Control Rebill,ro,6,"Yonnic - (San Antonio, TX) - Seraphina Castle Hills",1xoi
,Pest Control Recoverable,ro,2,"Jon - (Lewisville, TX) - Vistas on the Park",
,Pest Control Reimb,ro,2,"Guillermo - (Lubbock, TX) - Cottage Point",
,Pest Control Reimbursement,ro,12,"Emilio - (San Antonio, TX) - Contessa Townhomes",2xoi
,Pest Control - Rubs,ro,2,"Trey - (Garland, TX) - Hills of Palos Verde",
,Pest Control Service,cs,8,"Emilio - (Dallas, TX) - Tribeca & 2106 Bennett",1xrm
,Pest Control Services,cs,12,"Jon - (Tulsa, OK) - Boulder Ridge",1xrm
,Pest Control - Special Treatment,cs,2,"Guillermo - (Temple, TX) - Greenbrier Park Apartments",
,Pest Control Supplies,rm,5,"Bryce - (Haltom City, TX) -  Loraine Place",
,Pest Control Supply,rm,2,"Will - (Kansas City, MO) - Province of Briarcliff",
,PEST CONTROL SVCS,cs,2,"Paul - (Garland, TX) - Vista Isle",
,Pest Control - Treatments,cs,1,"Chris - (Webster, TX) - The Townhomes on Three",
,Pest Control UTILITIES,cs,2,"Dylan - (Denton, TX) - Springhill Apartments",
,Pest Control/ Termite Control,cs,2,"Emilio - (Plano, TX) - Texas Star Townhomes",
,Pest Income,ro,4,"Guillermo - (Houston, TX) - Pines at Woodcreek",
,Pest Services,cs,2,"Paul - (Denton, TX) - Maple Tree Townhomes",
,Pest Spraying,cs,2,"Jackson - (Pilot Knob, MO) - Countryside Apartments",
,Pet Administration Fee,oi,4,"Will - (Overland Park, KS) - 87th Street Apartments",
,Pet Application Fee,oi,2,"Paul - (Haltom City, TX) - Woods of Haltom City",
,Pet Charges,oi,4,"Dylan - (Denton, TX) - 1105 & 1109 Sleepy Hollow",
,Pet Deposit (Non-Refundable),oi,2,"Jon - (Copperas Cove, TX) - The Bricks",
,"Pet Deposit (non-refundable), and forfeited sec deposits, Late fees",oi,2,"David - (Texarkana, AR) - Renaissance Square",
,Pet Dna Contract,ad,2,"Danny - (Weatherford, TX) - Lone Oak",
,Pet Dna Fee,oi,2,"Danny - (Weatherford, TX) - Lone Oak",
,Pet Fee,oi,27,"Chase - (Shawnee, OK) - Villa Chateau",
,Pet Fee-Non Refundable,oi,18,"David - (Temple, TX) - Asbury Park",
,Pet Fee-Non Refundable Income,oi,4,"Jon - (DeSoto, TX) - Canyon Oaks",
,Pet Fee (Non Refundable One Time),oi,2,"Guillermo - (Garland, TX) - Meadow Creek",
,Pet Fee Revenue,oi,1,"Danny - (Temple, TX) - The District at 21 Fourteen",
,Pet Fees,oi,45,"Emilio - (Houston, TX) - Las Palmas",
,Pet Fees - Non-Refundable,oi,6,"Yonnic - (San Antonio, TX) - Seraphina Castle Hills",
,Pet Fees (One-Time),oi,4,"Bryce - (Cleburne, TX) - Colonial",
,Pet Fines / Non-Refundable Fees,oi,2,"Guillermo - (Lubbock, TX) - Cottage Point",
,Pet Income,oi,4,"Guillermo - (Yukon, OK) - Yukon Heights",
,Pet Premium,oi,2,"Danny - (Manor, TX) - Flats at Shadowglen",
,Pet Registration Fee,oi,2,"Dylan - (Lubbock, TX) - Crest at Cooper",
,Pet Rent,oi,100,"Emilio - (Houston, TX) - Las Palmas",
,Pet Rent Income,oi,6,"Bryce - (Haltom City, TX) -  Loraine Place",
,Pet Rent (Monthly),oi,6,"Bryce - (Cleburne, TX) - Colonial",
,Pet Rent/Fees,oi,2,"Guillermo - (Allen, TX) - 301 Greenville",
,Pet Station Repairs & Maintenance,rm,2,"Danny - (Dallas, TX) - The Link",
,Pet Waste Management,rm,1,"Chris - (Webster, TX) - The Townhomes on Three",
,Petty Cash,ad,4,"Jon - (Lewisville, TX) - Vistas on the Park",
,PETTY CASH EXPENSES,ad,2,"Yonnic - (Sulphur Springs, TX) - Locust Apartments",
,Phone,ad,8,"David - (Temple, TX) - Asbury Park",recoded from 'o' (house rule: telephone/answering -> ad)
,Phone Charges,ad,2,"Dylan - (College Station, TX) - Park Place",recoded from 'o' (house rule: telephone/answering -> ad)
,Phone-Internet,ad,2,"Angel - (Granbury, TX) - The Woods",recoded from 'o' (house rule: telephone/answering -> ad)
,Phone service,ad,2,"Emilio - (San Antonio, TX) - The 209",
,Phone System/Answering System,ad,2,"Guillermo - (Hurst, TX) - Point on Calloway",
,Phone/Internet,ad,5,"Jon - (Lewisville, TX) - Vistas on the Park",
,Physical Vacancy,v,2,"Yonnic - (Lawton, OK) - Oak Lawn",
,Placement Fee,ad,2,"David - (McAllen, TX) - 3616 Harvey St",
,Playground Repairs/Supplies,rm,2,"Yonnic - (Dallas, TX) - Legacy Lofts",
,Plumbing,rm,82,"Chris - (Dallas, TX) - HYA Live Oak Apartments",1xcs
,Plumbing - Boiler,rm,2,"Dylan - (Fort Worth, TX) - The Stella",
,Plumbing - Contract,cs,2,"David - (Kingsville, TX) - SG Apartments",
,Plumbing Contract Repairs,rm,2,"Dylan - (Houston, TX) - Park at Vittoria",
,Plumbing- Contracted,rm,4,"Will - (Overland Park, KS) - 87th Street Apartments",
,Plumbing Contractors,rm,2,"Dylan - (Fort Worth, TX) - Mesa Vista",
,Plumbing - Non-Routine Labor,rm,2,"Will - (Kansas City, MO) - Province of Briarcliff",
,Plumbing Parts,rm,4,"Jackson - (Pilot Knob, MO) - Countryside Apartments",
,Plumbing Parts / Supplies,rm,2,"Dylan - (Houston, TX) - Park at Vittoria",
,Plumbing Parts and Repairs,rm,2,"Will - (Copperas Cove, TX) - Las Cortes",
,Plumbing (Pipe Repair),rm,6,"(Weslaco, TX) - 2604 S Bridge Ave",
,Plumbing R&M,rm,4,"David - (Odessa, TX) - East 12th Townhomes",
,PLUMBING R/M,rm,2,"Paul - (Garland, TX) - Vista Isle",
,Plumbing Repair,rm,16,"Jon - (Tulsa, OK) - Boulder Ridge",
,Plumbing Repair & Maintenance,rm,8,"Trey - (Duncanville, TX) - Sunset Villa",
,Plumbing Repair & Supplies,rm,2,"Guillermo - (Yukon, OK) - Yukon Heights",
,Plumbing Repair/Plumber,rm,2,"Yonnic - (Fort Worth, TX) - Polo Club",
,Plumbing Repairs,rm,27,"Yonnic - (Monroe, LA) - Seasons & Woodale",1xad
,Plumbing Repairs & Maint.,rm,2,"Guillermo - (Temple, TX) - Greenbrier Park Apartments",
,Plumbing Repairs & Parts,rm,2,"Danny - (Oklahoma City, OK) - The Brickson",
,Plumbing Repairs/Supplies,rm,4,"Trey - (Garland, TX) - Hills of Palos Verde",
,Plumbing & Sewer,rm,2,"Danny - (Manor, TX) - Flats at Shadowglen",
,Plumbing (Sewer Line Repair),rm,6,"(Weslaco, TX) - 2604 S Bridge Ave",
,Plumbing & Sewer Supplies,rm,2,"Danny - (Manor, TX) - Flats at Shadowglen",
,Plumbing (SINK),rm,6,"(Weslaco, TX) - 2604 S Bridge Ave",
,Plumbing Supplies,rm,20,"Danny - (Manor, TX) - Flats at Shadowglen",
,Plumbing Supplies / Repairs,rm,6,"Yonnic - (San Antonio, TX) - Seraphina Castle Hills",
,Plumbing Supplies And Repair,rm,4,"Will - (Overland Park, KS) - 87th Street Apartments",
,Plumbing Supplies & Repairs,rm,10,"Guillermo - (Houston, TX) - Pines at Woodcreek",
,Plumbing Supplies & Serv.,rm,6,"Bryce - (Denton, TX) - The Cluster Apartments",
,Plumbing (Toilet),rm,6,"(Weslaco, TX) - 2604 S Bridge Ave",
,Plumbing (Tub/Shower),rm,6,"(Weslaco, TX) - 2604 S Bridge Ave",
,Plumbing (Water Heater),rm,6,"(Weslaco, TX) - 2604 S Bridge Ave",
,Plus: Prepaid,nr,2,"Guillermo - (Lubbock, TX) - Cottage Point",
,Plus: Prepaid Affordable Rent,bd,2,"Dylan - (Fort Worth, TX) - The Stella",
,Plus: Prepaid Rent,nr,2,"Guillermo - (Lubbock, TX) - Cottage Point",
,Plus: Recovery Bad Debt,bd,4,"Dylan - (Fort Worth, TX) - The Stella",
,PO Box Rental,ad,2,"David - (Kingsville, TX) - SG Apartments",
,Pool :,rm,13,"Danny - (OKC, OK) - The Hudson",3xcs
,Pool Area Maintainence & Repair,rm,2,"Bryce - (Arlington, TX) - Timberlake Villas",
,Pool Cleaning,cs,2,"Guillermo - (Allen, TX) - 301 Greenville",
,Pool Clng/Maint,rm,1,"Danny - (Temple, TX) - The District at 21 Fourteen",
,Pool Contract,cs,6,"Jon - (Lewisville, TX) - Vistas on the Park",
,Pool Emergency Phones,ad,3,"Yonnic - (Bryan, TX) - Retreat at 2818",recoded from 'cs' (house rule: telephone/answering -> ad)
,Pool Expense,rm,6,- Orleans,
,Pool Maint - Contract Service,rm,2,"Dylan - (Houston, TX) - Park at Vittoria",
,Pool Maintenance,rm,11,"David - (Temple, TX) - Asbury Park",1xcs
,Pool Maintenance / Repair,rm,2,"Guillermo - (Hurst, TX) - Point on Calloway",
,Pool Maintenance Contract,cs,2,"Danny - (Dallas, TX) - The Link",
,Pool Maintenance & Repair,rm,4,"Jon - (Tulsa, OK) - Boulder Ridge",
,Pool Non Contract,rm,2,"Jon - (Lewisville, TX) - Vistas on the Park",
,Pool-Other Equip / Supplies,rm,2,"Dylan - (Houston, TX) - Park at Vittoria",
,Pool & Pool Equip. Repairs,rm,2,"Dylan - (Fort Worth, TX) - Mesa Vista",
,Pool R&M,rm,4,"David - (Odessa, TX) - East 12th Townhomes",
,Pool Repair And Maintenance,rm,5,"Yonnic - (Monroe, LA) - Seasons & Woodale",1xad
,Pool Repair and Supplies,cs,2,"Yonnic - (Dallas, TX) - Legacy Lofts",
,Pool Repair & Supplies,rm,4,"Danny - (Manor, TX) - Flats at Shadowglen",
,Pool Repairs,rm,5,"Yonnic - (Bryan, TX) - Retreat at 2818",
,Pool Repairs / Supplies,rm,2,"Guillermo - (Allen, TX) - 301 Greenville",
,Pool Repairs/Supplies,rm,4,"Trey - (Garland, TX) - Hills of Palos Verde",
,Pool Service,cs,6,"Guillermo - (Yukon, OK) - Yukon Heights",1xrm
,Pool Service- Contracted,cs,2,"Yonnic - (Dallas, TX) - Legacy Lofts",
,Pool Service & Maintenance,rm,2,"Trey - (McKinney, TX) - 301 E Lamar St",
,Pool Service & Supplies,rm,2,David - (Carrollton) - Marbella Villas at Indian Creek,
,Pool & Spa Contract,cs,2,"Paul - (Killeen, TX) - Dorel Killeen",
,Pool Supplies,rm,14,"Danny - (Manor, TX) - Flats at Shadowglen",
,Pool Supplies / Maint,rm,6,"Yonnic - (San Antonio, TX) - Seraphina Castle Hills",
,Pool Supplies & Repairs,rm,4,"Greg - (Amarillo, TX) - Cross Timbers at Grand Street",
,Pool Supplies & Upkeep,rm,2,"Jon - (Richardson, TX) - Winding Way",
,6225-0400Porter,pr,2,"Paul - (Killeen, TX) - The Forum",
,Porter /Janitor Payroll,pr,2,"Dylan - (Fort Worth, TX) - The Stella",
,Porter Salaries,pr,2,"Danny - (Manor, TX) - Flats at Shadowglen",
,Porter Service,tr,8,"Trey - (Duncanville, TX) - Sunset Villa",1xcs
,Porter/Grounds Person,pr,2,"Danny - (Manor, TX) - Flats at Shadowglen",
,Porters,pr,2,"Dylan - (Houston, TX) - Park at Vittoria",
,Postage,ad,28,"Danny - (Manor, TX) - Flats at Shadowglen",1xpr
,Postage / Overnight Delivery,ad,2,"Jon - (Richardson, TX) - Winding Way",
,Postage And Delivery,ad,21,"Emilio - (Arlington, TX) - Chalet Apartments",
,Postage and Delivery Fees,ad,2,"Jackson - (Dallas, TX) - 4414 Worth St",
,Postage & Delivery,ad,38,"Emilio - (Houston, TX) - Las Palmas",
,Postage & Delivery Expense,ad,4,"Emilio - (Dallas, TX) - Bella Vista Pointe",
,Postage Expense,ad,2,"Paul - (Lubbock, TX) - Dimora Village",
,Postage & Freight,ad,4,"Greg - (Arlington, TX) - Stadium West",
,POSTAGE/COURIER,ad,2,"Paul - (Garland, TX) - Vista Isle",
,Postage/Courtier,ad,2,"Guillermo - (Temple, TX) - Greenbrier Park Apartments",
,Postage/Delivery,ad,4,"Guillermo - (Houston, TX) - Pines at Woodcreek",
,Postage/Delivery Service,ad,2,"Dylan - (Fort Worth, TX) - Mesa Vista",
,Postage/Express Mail,ad,2,"Will - (Kansas City, MO) - Province of Briarcliff",
,Postage/Express Service,ad,2,"Bryce - (Springtown, TX) - North Park Townhomes",
,Postage/Stamps,ad,2,"Guillermo - (Lubbock, TX) - Cottage Point",
,Postal/Express Mail,ad,2,"Danny - (Manor, TX) - Flats at Shadowglen",
,Ppc Advertising,m,2,"Trey - (Garland, TX) - Hills of Palos Verde",
,Ppc Campaign,m,2,"Will - (Kansas City, MO) - Province of Briarcliff",
,"Ppe (Personal Protective Equipment - Masks, Gloves, Etc.)",rm,2,"Danny - (Oklahoma City, OK) - The Brickson",
,PR-Lead Maintenance Tech,pr,4,"Guillermo - (Lubbock, TX) - Cottage Point",
,PR-Maintenance Tech I,pr,2,"Guillermo - (Lubbock, TX) - Cottage Point",
,PR-Porter/Houskeeping,pr,2,"Guillermo - (Lubbock, TX) - Cottage Point",
,PR-Property Manager,pr,4,"Guillermo - (Lubbock, TX) - Cottage Point",
,PR-Property Manager Incentive,pr,4,"Guillermo - (Lubbock, TX) - Cottage Point",
,Pr Tax,pr,2,"David - (Temple, TX) - Asbury Park",
,Preferred Employer Rent Discount,nr,2,"Danny - (OKC, OK) - The Teagen",
,Premium Leads,ad,2,"Chase - (Corsicana, TX) - Oak Lawn",
,Premium Rent,oi,2,"Jackson - (Pilot Knob, MO) - Countryside Apartments",
,Premiums,oi,2,"David - (Kingsville, TX) - SG Apartments",
,Prepaid Rent,r,12,"Jackson - (Dallas, TX) - 4414 Worth St",2xbd; 2xll
,Preventative Maintenance,rm,12,"Danny - (Manor, TX) - Flats at Shadowglen",
,Principal Payments,pr,2,David - (Carrollton) - Marbella Villas at Indian Creek,
,Print Advertising,m,5,"Yonnic - (Monroe, LA) - Seasons & Woodale",
,Print Marketing,m,2,"David - (Kingsville, TX) - SG Apartments",
,Printed Collateral Materials,m,2,"Danny - (Manor, TX) - Flats at Shadowglen",
,Printer / Equipment Rental,ad,3,"Yonnic - (Bryan, TX) - Retreat at 2818",
,Printing / Copies / Film,ad,2,"Guillermo - (Allen, TX) - 301 Greenville",
,Printing And Copy Expense,ad,4,"Will - (Overland Park, KS) - 87th Street Apartments",
,Printing And Reproduction,m,2,"Guillermo - (Garland, TX) - Meadow Creek","recoded from 'ad' (standardized to majority ({'ad': 2, 'm': 4}))"
,Printing Expense,ad,2,"Yonnic - (San Antonio, TX) - Seraphina Castle Hills",
,Printing/Copies/Film,ad,6,"Paul - (Lacy Lakeview, TX) - The Zoe",
,Prior Pmc Revenue,oi,4,"Guillermo - (Houston, TX) - Pines at Woodcreek",
,8902-0000Prior Yr Expense,ad,2,"Paul - (Killeen, TX) - The Forum",
,Professional: Eviction Services/Mailings/Court Fees,ad,2,"Emilio - (Dallas, TX) - 4625 Virginia Ave",
,Professional Fees,ad,21,"Trey - (Dallas, TX) - 5647 Live Oak",
,Professional Fees - Accounting,ad,2,"Paul - (Katy, TX) - Everson",
,Professional Fees:Accounting Fees,ad,2,"Paul - (Lubbock, TX) - Dimora Village",
,Professional Fees - Appfolio,ad,2,"David - (Temple, TX) - Asbury Park",
,Professional Fees - Legal,ad,2,"Dylan - (Fort Worth, TX) - The Stella",
,Professional Fees:Legal Fees,ad,2,"Paul - (Lubbock, TX) - Dimora Village",
,Professional Fees - Other,ad,4,"Danny - (Killeen, TX) - 1601 E Central Expy",
,Professional: License / Permits,ad,2,"Emilio - (Dallas, TX) - 4625 Virginia Ave",
,Professional Service,ad,4,"Greg - (Arlington, TX) - Stadium West",
,Professional Services,ad,12,"Jon - (Tulsa, OK) - Boulder Ridge",
,Project Management Fee,mf,2,"Jon - (Lewisville, TX) - Vistas on the Park",
,Promo/Concession,nr,2,"Paul - (Lubbock, TX) - Dimora Village",
,Promotinal,m,2,"Bryce - (Arlington, TX) - Timberlake Villas",
,Promotion & Events,m,8,"Paul - (Lacy Lakeview, TX) - The Zoe",
,Promotional,m,2,"Trey - (Garland, TX) - Hills of Palos Verde",
,Promotional Expense,m,2,"Guillermo - (Temple, TX) - Greenbrier Park Apartments",
,Promotional & Giveaways,m,6,"Jon - (Tulsa, OK) - Boulder Ridge",
,Promotional Income/Valet Waste,ro,2,"Guillermo - (Houston, TX) - Pines at Woodcreek",
,Promotional Materials,m,4,"Guillermo - (Houston, TX) - Pines at Woodcreek",
,Promotional/Outreach Marketing,m,2,"Will - (Kansas City, MO) - Province of Briarcliff",
,Promotions,m,4,"Dylan - (Fort Worth, TX) - The Stella",
,PROMOTIONS and,m,2,"Paul - (Garland, TX) - Vista Isle",
,Promotions And Outreach,m,2,"Dylan - (Fort Worth, TX) - The Stella",
,Prop Tax,tx,2,"Guillermo - (Houston, TX) - La Terraza Apartments",
,Property,i,2,"Emilio - (San Antonio, TX) - Contessa Townhomes",
,Property Amenities,rm,2,"Danny - (Oklahoma City, OK) - The Brickson",
,Property And Liability,i,8,"- (Abilene, TX) - The Quarters",
,Property And Liabiltiy,i,2,"Dylan - (Fort Worth, TX) - Bonnie Royal",
,Property Casualty,i,4,"Guillermo - (Houston, TX) - Pines at Woodcreek",
,Property Damage Liability Waiver,oi,2,"Jon - (Lewisville, TX) - Vistas on the Park",
,Property Damages,ad,2,"Angel - (Granbury, TX) - The Woods",
,Property Decor,rm,2,"Jon - (Lewisville, TX) - Vistas on the Park",
,Property Electric,e,4,"Dylan - (Denton, TX) - 1105 & 1109 Sleepy Hollow",
,Property Employee Benefits,pr,2,"Trey - (Garland, TX) - Hills of Palos Verde",
,Property Insurance,i,73,"Yonnic - (Monroe, LA) - Seasons & Woodale",
,Property Liability Insurance,i,4,"Will - (Kansas City, MO) - Province of Briarcliff",
,Property Maintenance,rm,6,"8- (Houston, TX) - 1953 Dryden",
,Property Maintenance Materials,rm,4,"3- (Houston, TX) - 2801 Carrolton Apartments",
,Property Management,mf,14,4. 5027 Live Oak St,
,Property Management Fee,mf,14,"Danny - (Manor, TX) - Flats at Shadowglen",
,Property Management Fees,mf,36,"Emilio - (Houston, TX) - Las Palmas",1xm; 1xad
,Property Management - Rental,mf,2,"Jon - (Copperas Cove, TX) - The Bricks",
,Property Management Services,mf,2,"Guillermo - (Temple, TX) - Greenbrier Park Apartments",
,Property Management Software,ad,8,"Danny - (Weatherford, TX) - Lone Oak",2xcs
,Property Management Software Licensing,ad,2,"Danny - (Dallas, TX) - The Link",
,Property Manager,pr,19,"Emilio - (Dallas, TX) - Bella Vista Pointe",
,Property Mgmt. Fees,mf,2,"Guillermo - (Lubbock, TX) - Coronado Crossing",
,Property Monitor,pr,2,"Bryce - (Arlington, TX) - Timberlake Villas",
,Property Promotions & Other Mktg,m,4,"Greg - (Arlington, TX) - Stadium West",
,Property (Real Estate) Tax,tx,4,"David - (Odessa, TX) - East 12th Townhomes",
,Property Sewer,w,4,"Dylan - (Denton, TX) - 1105 & 1109 Sleepy Hollow",
,Property Tax,tx,53,"Yonnic - (Monroe, LA) - Seasons & Woodale",
,Property Tax Consultant,ad,2,"David - (Kingsville, TX) - SG Apartments",
,Property Tax Consulting,ad,4,"Emilio - (Dallas, TX) - Tribeca & 2106 Bennett",
,Property Tax Expense,tx,4,"Dylan - (Denton, TX) - 1105 & 1109 Sleepy Hollow",
,Property Tax Payment,tx,2,"Danny - (Killeen, TX) - 1601 E Central Expy",
,Property Tax Reconciliation,tx,2,"Guillermo - (Temple, TX) - Greenbrier Park Apartments",
,Property Tax - Rental,tx,2,"Jon - (Copperas Cove, TX) - The Bricks",
,Property Tax Service,ad,4,"Dylan - (Denton, TX) - 1105 & 1109 Sleepy Hollow",
,Property Taxes,tx,98,"Emilio - (Houston, TX) - Las Palmas",
,PROPERTY TAXES-REAL,tx,2,"Paul - (Garland, TX) - Vista Isle",
,PROPERTY TAXES-REAL-PRIOR YR,tx,2,"Paul - (Garland, TX) - Vista Isle",
,Property Water,w,4,"Dylan - (Denton, TX) - 1105 & 1109 Sleepy Hollow",
,Property Website,m,10,"Yonnic - (San Antonio, TX) - Seraphina Castle Hills",
,Property Website/Google Ads,m,2,"Danny - (Oklahoma City, OK) - The Brickson",
,Prospect Refreshments,m,8,"Danny - (Manor, TX) - Flats at Shadowglen",
,Prospect & Resident Services,ad,2,"Guillermo - (Dallas, TX) - Pearl at Midtown",
,Purchase Property Owned Tools,rm,2,"Danny - (Dallas, TX) - The Link",
,Quarterly Bonuses,pr,4,"Yonnic - (San Antonio, TX) - Seraphina Castle Hills",
,Quickbooks Fee,ad,2,"Dylan - (Fort Worth, TX) - Bonnie Royal",
,R E Salesman Commission,mf,4,"Dylan - (Denton, TX) - 1105 & 1109 Sleepy Hollow",
,R&M,rm,2,"Greg - (Abilene, TX) - Big County",
,R&M - Appliances,rm,25,"Emilio - (Houston, TX) - Las Palmas",
,R&M - Blinds,rm,4,"Emilio - (Dallas, TX) - Pecan Grove",
,R&M - Building - Exterior,rm,4,"Emilio - (Dallas, TX) - Pecan Grove",
,R&M - Building - Interior,rm,4,"Emilio - (Houston, TX) - Las Palmas",
,R&M - Carpentry,rm,2,"Emilio - (Houston, TX) - Las Palmas",
,R&M - Carpet/Vinyl/Tile,rm,14,"Emilio - (Houston, TX) - Las Palmas",
,R&M - Common Area,rm,9,"Guillermo - (Lubbock, TX) - Lubbock Square Apartments",
,R&M - Common Areas,rm,8,"Paul - (Lacy Lakeview, TX) - The Zoe",
,R M Contract Services-Other,rm,4,"Greg - (Dallas, TX) - The Carolina",
,R&M - Countertop,rm,2,"David - (Waco, TX) - Cove on 21st",
,R&M - Doors,rm,18,"Emilio - (Houston, TX) - Las Palmas",
,R&M - Electrical,rm,23,"Emilio - (Houston, TX) - Las Palmas",
,R&M - Elevator,rm,4,"Guillermo - (Baton Rouge, LA) - Terraces at Perkins Rowe",
,R&M - Exterior,rm,5,"Guillermo - (Lubbock, TX) - Lubbock Square Apartments",
,R&M - Fencing & Gates,rm,2,"Paul - (Dallas, TX) - Pecan Tree",
,R&M - Fire / Safety,rm,14,"Emilio - (Houston, TX) - Las Palmas",
,"R&M - Glass, Mirrors & Screens",rm,10,"Emilio - (Houston, TX) - Las Palmas",
,R&M Glass/Mirrors/Screens,rm,2,"Guillermo - (Allen, TX) - 301 Greenville",
,R&M - Golf Carts,rm,4,"David - (Waco, TX) - Cove on 21st",
,R&M - HVAC,rm,27,"Emilio - (Houston, TX) - Las Palmas",
,R&M - HVAC Repairs and Supplies,rm,2,"David - (Texarkana, AR) - Renaissance Square",
,R&M - Keys & Locks,rm,18,"Emilio - (Houston, TX) - Las Palmas",
,R&M - Landscape,rm,2,"Jackson - (Hutchins, TX) - 1117 Franklin St",
,R&M - Landscape - Irrigation,rm,2,"Paul - (Dallas, TX) - Pecan Tree",
,R&M - Landscaping - Supplies,rm,2,"David - (Waco, TX) - Cove on 21st",
,R&M Lights / Fixtures / Light Bulbs,rm,2,"Guillermo - (Allen, TX) - 301 Greenville",
,"R&M - Lights, Fixtures, Light Bulbs",rm,16,"Emilio - (Houston, TX) - Las Palmas",
,R&M - Maintenance Other,rm,2,"David - (Texarkana, AR) - Renaissance Square",
,R&M - Miscellaneous,rm,6,"Dylan - (Fort Worth, TX) - The Stella",
,R&M - Miscellaneous Repairs,rm,10,"Emilio - (Houston, TX) - Las Palmas",
,R&M Outdoor Improvements,rm,2,"Jackson - (Hutchins, TX) - 1117 Franklin St",
,R&M - Painting,rm,2,"Paul - (Lacy Lakeview, TX) - The Zoe",
,R&M - Painting Repairs and Turns,rm,2,"David - (Texarkana, AR) - Renaissance Square",
,R&M - Plumbing,rm,27,"Emilio - (Houston, TX) - Las Palmas",
,R&M - Pool,rm,9,"Guillermo - (Lubbock, TX) - Lubbock Square Apartments",
,R&M Pools / Spa / Pond / Fountain,rm,2,"Guillermo - (Allen, TX) - 301 Greenville",
,R&M - Pools/Spa/Pond/Fountain,rm,10,"Emilio - (Houston, TX) - Las Palmas",
,R&M - Recreation/Fitness,rm,2,"Paul - (Lacy Lakeview, TX) - The Zoe",
,R&M - Roofs,rm,2,"Paul - (Dallas, TX) - Pecan Tree",
,R&M - Sheetrock,rm,14,"Emilio - (Houston, TX) - Las Palmas",
,R&M - Sink/Tub,rm,4,"Emilio - (Dallas, TX) - Pecan Grove",
,R&M - Supplies,rm,18,"Emilio - (Houston, TX) - Las Palmas",
,R M Supplies-Other,rm,4,"Greg - (Dallas, TX) - The Carolina",
,R & M - Tenant,rm,2,"Emilio - (Plano, TX) - Texas Star Townhomes",
,R&M - Tool Replacement,rm,12,"Emilio - (Houston, TX) - Las Palmas",
,R&M - Walls & Windows,rm,6,"Dylan - (Fort Worth, TX) - The Stella",
,R&M - Water Treatment/Chill Water,rm,2,"Emilio - (Garland, TX) - Orchard Hills",
,Railings,rm,1,"Chris - (Webster, TX) - The Townhomes on Three",
,3Rd Party Billing Service,cs,2,"Trey - (Garland, TX) - Hills of Palos Verde",
,Re-Let Fee / Broken Lease,oi,9,"Guillermo - (Lubbock, TX) - Lubbock Square Apartments",
,Re-Letting Fee,oi,2,"David - (Kingsville, TX) - SG Apartments",
,RE Tax,tx,4,"David - (Universal City, TX) - Falcon Apartments",
,Real Estate Property Taxes,tx,2,"Danny - (Manor, TX) - Flats at Shadowglen",
,Real Estate Tax,tx,10,- Orleans,
,Real Estate Tax Expense,tx,2,"Yonnic - (Dallas, TX) - Legacy Lofts",
,Real Estate Taxes - Prior Year,tx,2,"Trey - (Garland, TX) - Hills of Palos Verde",
,Real Estate/Property Taxes,tx,2,"- (Longview, TX) - Millie Street",
,Real Page,ad,2,"Bryce - (Arlington, TX) - Timberlake Villas",
,Real Property Taxes,tx,10,"Bryce - (Cleburne, TX) - Colonial",
,Recoverable Electricity,e,2,"Guillermo - (Temple, TX) - Greenbrier Park Apartments",
,Recoverable Trash,tr,2,"Guillermo - (Temple, TX) - Greenbrier Park Apartments",
,Recoverable Water & Sewer,w,2,"Guillermo - (Temple, TX) - Greenbrier Park Apartments",
,Recruiting,pr,8,"Trey - (Duncanville, TX) - Sunset Villa",2xad
,Recruitment Expense,ad,5,"Yonnic - (Monroe, LA) - Seasons & Woodale",
,Recruitment/Education,ad,2,"Yonnic - (Fort Worth, TX) - Polo Club",
,Recuring Rent Concessions,nr,2,"David - (Kingsville, TX) - SG Apartments",
,Recurring Concessions,nr,4,"Danny - (Manor, TX) - Flats at Shadowglen",
,Recycling Disposal,tr,2,"Emilio - (Plano, TX) - Texas Star Townhomes",
,Redecorating - Carpet Cleaning,rm,2,"Danny - (OKC, OK) - The Teagen",
,Redecorating - Carpet Cleaning Occupied,rm,6,"Yonnic - (Fort Worth, TX) - Tides on Westcreek",
,Redecorating - Carpet Cleaning Vacant,rm,6,"Yonnic - (Fort Worth, TX) - Tides on Westcreek",
,Redecorating - General Cleaning,rm,6,"Yonnic - (Fort Worth, TX) - Tides on Westcreek",
,Redecorating - General Cleaning Common,rm,6,"Yonnic - (Fort Worth, TX) - Tides on Westcreek",
,Redecorating - General Cleaning Vacant,rm,6,"Yonnic - (Fort Worth, TX) - Tides on Westcreek",
,Redecorating - Painting,rm,6,"Yonnic - (Fort Worth, TX) - Tides on Westcreek",
,Redecorating - Sheetrock,rm,6,"Yonnic - (Fort Worth, TX) - Tides on Westcreek",
,Redecoration Fee,oi,2,"Guillermo - (Yukon, OK) - Yukon Heights",
,Referral Fee,m,2,"Trey - (Garland, TX) - Hills of Palos Verde",
,Referral Fees,m,18,"Emilio - (Houston, TX) - Las Palmas",
,Referral Fees And Allowances,m,4,"Will - (Overland Park, KS) - 87th Street Apartments",
,Referral - Locators,m,2,"Bryce - (Arlington, TX) - Timberlake Villas",
,Referral - Residents,m,2,"Bryce - (Arlington, TX) - Timberlake Villas",
,Referrals,m,2,"Danny - (Dallas, TX) - The Link",
,Refreshments,m,17,"Emilio - (Houston, TX) - Las Palmas",1xad
,Refrigerant,rm,2,"Paul - (Haltom City, TX) - Woods of Haltom City",
,5151Refrigerator,rm,3,"Yonnic - (San Antonio, TX) - The Kelly Apartments",
,Refrigerators,rm,2,"Guillermo - (Temple, TX) - Greenbrier Park Apartments",
,Refund,rm,2,"- (Abilene, TX) - The Quarters",
,Regional Maintenance Supervisor,pr,2,"Will - (Kansas City, MO) - Province of Briarcliff",
,Rehab Make Labor Turnover,rm,2,"Chris - (Dallas, TX) - HYA Live Oak Apartments",
,Reim - Postage & Shipping,oi,2,"Yonnic - (Shreveport, LA) - Castlewood",
,Reimbursed Electricity,ro,2,"Danny - (Manor, TX) - Flats at Shadowglen",
,Reimbursed Pest,ro,4,"Chase - (Corsicana, TX) - Oak Lawn",
,Reimbursed Pest Control,ro,2,"Danny - (Manor, TX) - Flats at Shadowglen",
,Reimbursed Sewer,rw,2,"Danny - (Manor, TX) - Flats at Shadowglen",
,Reimbursed Trash,rt,4,"Chase - (Corsicana, TX) - Oak Lawn",
,Reimbursed Valet Trash Expense,rt,2,"Danny - (Manor, TX) - Flats at Shadowglen",
,Reimbursed Water,rw,2,"Danny - (Manor, TX) - Flats at Shadowglen",
,Reimbursement Drainage,ro,4,"Dylan - (Fort Worth, TX) - The Stella",
,Reimbursement Electric,oi,4,"Dylan - (Fort Worth, TX) - The Stella",1xro
,Reimbursement Gas,ro,2,"Danny - (Houston, TX) - Ivy at the Galleria",
,Reimbursement: Legal/Court Services/Office/Mailing,oi,2,"Emilio - (Dallas, TX) - 4625 Virginia Ave",
,Reimbursement Pest Control,ro,4,"Dylan - (Fort Worth, TX) - The Stella",
,REIMBURSEMENT - REPAIR,rm,2,"Dylan - (College Station, TX) - Park Place",
,Reimbursement Sewage,rw,4,"Dylan - (Fort Worth, TX) - The Stella",
,Reimbursement Trash,ro,4,"Dylan - (Fort Worth, TX) - The Stella",1xrt
,Reimbursement Utility Fee,rt,2,"Dylan - (Fort Worth, TX) - The Stella",
,Reimbursement Water,rw,4,"Dylan - (Fort Worth, TX) - The Stella",
,Reimbursements - Gas,ro,3,"Yonnic - (Bryan, TX) - Retreat at 2818",
,Reimbursements Income,rw,3,"Yonnic - (Bryan, TX) - Retreat at 2818",
,Reimbursements - Pest,ro,3,"Yonnic - (Bryan, TX) - Retreat at 2818",
,Reimbursements - Water & Sewer,ro,3,"Yonnic - (Bryan, TX) - Retreat at 2818",
,Rekey Unit,rm,1,"paul - (Dallas, TX) - Estrella at Kiest",
,Release/Reletting Fee - Rental,oi,2,"Jon - (Copperas Cove, TX) - The Bricks",
,Relet Fee,oi,14,"Emilio - (Houston, TX) - Las Palmas",
,Reletting,oi,2,"Jon - (Dallas, TX) - 615 N Marsalis Ave",
,Reletting Fee,oi,3,"Trey - (Garland, TX) - Hills of Palos Verde",
,Reletting Fee / Accelerated Rent,oi,4,"Paul - (Killeen, TX) - Dorel Killeen",
,Reletting Fees,oi,13,"Yonnic - (Bryan, TX) - Retreat at 2818",
,Remotes,rm,4,"Greg - (Dallas, TX) - The Carolina",
,Remotes/Lock Change Fee,oi,4,"Guillermo - (Houston, TX) - Pines at Woodcreek",
,Renew al Fee,ad,2,"David - (McAllen, TX) - 3616 Harvey St",
,Renewal Bonus-Maint Staff,pr,2,"Dylan - (Houston, TX) - Park at Vittoria",
,Renewal Bonus-Office Staff,pr,2,"Dylan - (Houston, TX) - Park at Vittoria",
,Renewal Commissions,mf,4,"Danny - (Weatherford, TX) - Lone Oak",
,Renewal Concession,nr,2,"Danny - (OKC, OK) - The Teagen",
,Renewal Concessions,nr,10,"Paul - (Killeen, TX) - Dorel Killeen",
,Renewal Fees,mf,2,"Chris - (Dallas, TX) - HYA Live Oak Apartments",
,Rent,r,47,"Yonnic - (Monroe, LA) - Seasons & Woodale",1xm
,Rent Cafe Ppc,m,2,"Will - (Kansas City, MO) - Province of Briarcliff",
,Rent Cafe Seo,m,2,"Will - (Kansas City, MO) - Province of Briarcliff",
,Rent Collections,r,2,"Bryce - (Amarillo, TX) - Chasewood",
,Rent.Com,m,6,"Bryce - (Cleburne, TX) - Colonial",
,Rent Concession,nr,7,"Yonnic - (Monroe, LA) - Seasons & Woodale",
,Rent Concessions,nr,10,"Will - (Overland Park, KS) - 87th Street Apartments",
,Rent Concessions - Commercial,nr,2,"Bryce - (San Antonio, TX) - Stone Chase",
,Rent - Copy Machine,ad,2,"Guillermo - (Allen, TX) - 301 Greenville",
,Rent (Deposit),r,2,"Guillermo - (Houston, TX) - La Terraza Apartments",
,Rent Discount,nr,2,"Guillermo - (Allen, TX) - 301 Greenville",
,Rent Dynamics,oi,4,"Guillermo - (Lubbock, TX) - Cottage Point",1xad
,Rent - Equipment,ad,2,"Paul - (Lacy Lakeview, TX) - The Zoe",
,Rent - Furniture,ad,2,"Paul - (Lacy Lakeview, TX) - The Zoe",
,Rent - Gross Possible,r,2,"Dylan - (Houston, TX) - Park at Vittoria",
,Rent - Housing,r,4,"Trey - (Duncanville, TX) - Sunset Villa",
,Rent Income,r,65,"David - (Temple, TX) - Asbury Park",1xoi
,Rent Income Housing,r,2,"Chris - (Dallas, TX) - HYA Live Oak Apartments",
,Rent Income - Late Fees,oi,4,"Dylan - (Denton, TX) - Springhill Apartments",
,Rent Income Monthly,r,2,"Chris - (Dallas, TX) - HYA Live Oak Apartments",
,Rent Income - Other,r,1,"Chris - (Webster, TX) - The Townhomes on Three",
,Rent Income Other Program,r,2,"Chris - (Dallas, TX) - HYA Live Oak Apartments",
,Rent Income Resident Responsibility,r,2,"Chris - (Dallas, TX) - HYA Live Oak Apartments",
,Rent Less: Concessions,nr,2,"Emilio - (Plano, TX) - Texas Star Townhomes",
,Rent. - Online Listing Service,m,2,"Danny - (Oklahoma City, OK) - The Brickson",
,Rent Overpayment,oi,2,"Jon - (Waco, TX) - Creole Apartments",
,Rent Payments,r,2,"Chase - (Shawnee, OK) - Villa Chateau",
,Rent Plus,oi,4,"Will - (Kansas City, MO) - Province of Briarcliff",
,Rent Potential,r,2,"Danny - (Oklahoma City, OK) - The Brickson",
,Rent Promos/Discounts,nr,4,"Will - (Overland Park, KS) - 87th Street Apartments",
,Rent Refund,ad,2,"Jon - (Waco, TX) - Creole Apartments",
,Rent - Residential,r,6,"Jon - (Fairfield, TX) - East Meadows Apartments",
,Rent Subsidy,r,2,"David - (Odessa, TX) - East 12th Townhomes",
,Rent Track Referral Income,oi,2,"Bryce - (Arlington, TX) - Timberlake Villas",
,Rental,r,2,"David - (San Antonio, TX) - Robins Nest",
,Rental And Renewal Bonus,pr,2,"Danny - (Dallas, TX) - The Link",
,Rental Charges,oi,2,"Dylan - (Fort Worth, TX) - The Stella",
,Rental Collections,r,2,6. 5656 Live Oak St,
,Rental Concessions,nr,18,"Guillermo - (Yukon, OK) - Yukon Heights",
,Rental Fee Income,oi,2,"Jon - (Richardson, TX) - Winding Way",
,Rental Income Adjustment,oi,2,"Chase - (Corsicana, TX) - Oak Lawn",
,Rental Income - Utilities,rw,2,"Trey - (Dallas, TX) - 5647 Live Oak",
,Rental Insurance,oi,2,"Bryce - (Haltom City, TX) -  Loraine Place",
,Rental Management Software,ad,2,"Dylan - (Fort Worth, TX) - Bonnie Royal",
,Renter Insurance Income,oi,2,"Danny - (Manor, TX) - Flats at Shadowglen",
,Renter Insurance LTL,oi,6,"Chase - (Corsicana, TX) - Oak Lawn",
,Renter Insurance LTL Admin,oi,2,"Chase - (Corsicana, TX) - Oak Lawn",
,Renter'S Insurance,oi,13,"Danny - (Weatherford, TX) - Lone Oak",1xo
,Renter's Insurance Admin Fee,oi,4,"Guillermo - (Lubbock, TX) - Cottage Point",
,Renter'S Insurance Expense,i,4,"Bryce - (Cleburne, TX) - Colonial",
,Renter'S Insurance Fee,oi,2,"Guillermo - (Houston, TX) - Pines at Woodcreek",
,Renter'S Insurance Fees,oi,8,"Yonnic - (San Antonio, TX) - Seraphina Castle Hills",
,Renter'S Insurance Income,oi,4,"Bryce - (Cleburne, TX) - Colonial",
,Renter'S Legal Liability,oi,2,"Guillermo - (Yukon, OK) - Yukon Heights",
,Renter's Liability Insurance Income,oi,4,"Guillermo - (Lubbock, TX) - Cottage Point",
,Renter'S Protection Coverage,ad,11,"Guillermo - (Houston, TX) - Pines at Woodcreek",
,Renters Insurance,oi,20,"Dylan - (Fort Worth, TX) - Mesa Vista",3xad
,Renters Insurance Admin Fee,oi,2,"Guillermo - (Hurst, TX) - Point on Calloway",
,Renters Insurance Expense,i,8,"Will - (Copperas Cove, TX) - Las Cortes",1xad
,Renters Insurance Fee,oi,2,"Guillermo - (Hurst, TX) - Point on Calloway",
,Renters Insurance Income,oi,2,"Chase - (Corsicana, TX) - Oak Lawn",
,Renters Liability Insurance,m,2,"Dylan - (Houston, TX) - Park at Vittoria",
,Renters Liability To Landlord Insurance,oi,2,"Chris - (Dallas, TX) - HYA Live Oak Apartments",
,Renters Liability To Landlord Insurance Admin Fee,r,2,"Chris - (Dallas, TX) - HYA Live Oak Apartments",
,Rents,r,6,"Trey - (Dallas, TX) - Ascent at Midtown",
,Rents Collected,r,2,"Yonnic - (Harlingen, TX) - Timbers",
,Rents received,r,2,"Emilio - (Van Alstyne, TX) - 441 & 451 W Van Alystne",
,Repair,rm,4,"David - (Temple, TX) - Asbury Park",
,Repair Costs,oi,4,"Emilio - (Dallas, TX) - Tribeca & 2106 Bennett",
,Repair (Drywall),rm,6,"(Weslaco, TX) - 2604 S Bridge Ave",
,Repair (Lighting),rm,6,"(Weslaco, TX) - 2604 S Bridge Ave",
,Repair & Maintenance - Rental,rm,2,"Jon - (Copperas Cove, TX) - The Bricks",
,Repair Material,rm,2,"Dylan - (Fort Worth, TX) - Bonnie Royal",
,Repair Reimbursements,oi,4,"Will - (Overland Park, KS) - 87th Street Apartments",
,Repairs,rm,23,"Trey - (Dallas, TX) - Ascent at Midtown",
,Repairs / Supplies,rm,2,"Bryce - (Arlington, TX) - Timberlake Villas",
,Repairs and Maintenance,rm,15,"Trey - (Cedar Hills, TX) - 312 Hickerson St",
,Repairs and Maintenance - Other,rm,4,"Will - (Copperas Cove, TX) - Las Cortes",
,REPAIRS AND MAINTENANCE (R&M),rm,2,"David - (Texarkana, AR) - Renaissance Square",
,Repairs - Building,rm,2,"Emilio - (San Antonio, TX) - Contessa Townhomes",
,Repairs:Electrical Repair,rm,2,"Greg - (Fort Worth, TX) - 1605 5th Ave",
,Repairs: HVAC,rm,2,"Danny - (Amarillo, TX) - Westhaven Duplexes",
,"Repairs:HVAC(Heat, Ventilation,Air",rm,2,"Greg - (Fort Worth, TX) - 1605 5th Ave",
,Repairs Income,oi,3,"Dylan - (Fort Worth, TX) - Bonnie Royal",
,Repairs:Locksmith,rm,2,"Greg - (Fort Worth, TX) - 1605 5th Ave",
,Repairs & Maintenance,rm,26,"Emilio - (San Antonio, TX) - Winkle Courts Apts",
,Repairs - Make Readies,rm,2,"Paul - (Lubbock, TX) - Dimora Village",
,Repairs - Materials,rm,2,"Guillermo - (Yukon, OK) - Yukon Heights",
,Repairs - Other,rm,24,"Chase - (Shawnee, OK) - Villa Chateau",
,Repairs:Painting & Wall Repair,rm,2,"Greg - (Fort Worth, TX) - 1605 5th Ave",
,Repairs:Plumbing Repair,rm,2,"Greg - (Fort Worth, TX) - 1605 5th Ave",
,Repairs:Repairs-Other,rm,2,"Greg - (Fort Worth, TX) - 1605 5th Ave",
,Repairs Salaries,pr,2,"Trey - (Garland, TX) - Hills of Palos Verde",
,Repairs:Supplies,rm,2,"Greg - (Fort Worth, TX) - 1605 5th Ave",
,Repairs/Make Ready,rm,2,"Jon - (Dallas, TX) - 615 N Marsalis Ave",
,Repairs/Supplies,cs,2,"Chase - (Corsicana, TX) - Oak Lawn",
,Repl/Repair,rm,2,"Chase - (Corsicana, TX) - Oak Lawn",
,Replacement Keys,oi,2,"Paul - (Lubbock, TX) - Dimora Village",
,Republican Services,o,2,"Greg - (Mansfield, TX) - Mansfield Gardens",
,Reputation Management,m,10,"Danny - (Manor, TX) - Flats at Shadowglen",
,- Reserve Target,rm,2,"David - (McAllen, TX) - 3616 Harvey St",
,Reserved Parking,oi,9,"Jon - (Lewisville, TX) - Vistas on the Park",
,Reserved Parking Fees,oi,4,"Emilio - (Dallas, TX) - Bella Vista Pointe",
,Reserved Parking Income,oi,9,"Guillermo - (Lubbock, TX) - Lubbock Square Apartments",
,Resid Activities / Recreatn,m,2,"Dylan - (Houston, TX) - Park at Vittoria",
,Resident Activities,m,12,"Yonnic - (San Antonio, TX) - Seraphina Castle Hills",2xad
,Resident Activities & Events,m,4,"Emilio - (Dallas, TX) - Bella Vista Pointe",
,Resident Activities/Tenant Relations,m,16,"Emilio - (Houston, TX) - Las Palmas",
,Resident Activity,ad,2,"Guillermo - (Yukon, OK) - Yukon Heights",
,Resident Activity/Tenant Relations,m,2,"Guillermo - (Allen, TX) - 301 Greenville",
,Resident Appreciation Events,m,10,"Jon - (Tulsa, OK) - Boulder Ridge",
,Resident Charges/Payment,oi,2,"Yonnic - (Fort Worth, TX) - Polo Club",
,Resident Check/ Credit Reports,ad,2,"Guillermo - (Temple, TX) - Greenbrier Park Apartments",
,Resident Communications,ad,2,"Guillermo - (Dallas, TX) - Pearl at Midtown",
,Resident Damage Charges (Mid lease),oi,2,"David - (Kingsville, TX) - SG Apartments",
,Resident Damages Charges (Move Out),oi,2,"David - (Kingsville, TX) - SG Apartments",
,Resident Electric Charge,ro,4,"Dylan - (Denton, TX) - 1105 & 1109 Sleepy Hollow",
,Resident Events,m,2,"Danny - (Manor, TX) - Flats at Shadowglen",
,Resident Events - Tenant Retention,m,2,"Will - (Overland Park, KS) - 87th Street Apartments",
,Resident Eviction Fees,oi,2,"Emilio - (Houston, TX) - Walnut Creek",
,Resident Food & Beverage Supplies,ad,2,"Guillermo - (Garland, TX) - Meadow Creek",
,Resident Forced Insurance,ad,6,"Danny - (Weatherford, TX) - Lone Oak",
,Resident Functions,m,2,"Will - (Kansas City, MO) - Province of Briarcliff",
,Resident Functions/Parties,m,2,"Trey - (Garland, TX) - Hills of Palos Verde",
,Resident Insurance Premiums,oi,4,"Dylan - (Fort Worth, TX) - The Stella",
,Resident Liability Insurance,oi,2,"Will - (Copperas Cove, TX) - Las Cortes",
,Resident Liability Insurance Expense,ad,2,"Danny - (Manor, TX) - Flats at Shadowglen",
,Resident Life,m,2,"Guillermo - (Canyon, TX) - - Torres Evolution Canyon",
,Resident Move In/Renewal Gifts,m,4,"Emilio - (Houston, TX) - Las Palmas",
,Resident One Bill Fee,oi,2,"Danny - (Houston, TX) - Ivy at the Galleria",
,Resident Or Leasing Referral,nr,2,"David - (Kingsville, TX) - SG Apartments",
,Resident Payment Processing Fees,ad,14,"Emilio - (Houston, TX) - Las Palmas",
,Resident Portal,m,2,"Guillermo - (Houston, TX) - Pines at Woodcreek",
,Resident Portal/Software Fee,ad,2,"Danny - (Manor, TX) - Flats at Shadowglen",
,Resident Portal/Website/Crm Hosting,ad,2,"Danny - (Dallas, TX) - The Link",
,Resident Referral,m,4,"Danny - (Manor, TX) - Flats at Shadowglen",1xoi
,Resident Referral Fee,m,8,"Jon - (Tulsa, OK) - Boulder Ridge",
,Resident Referral Fees,m,13,"Guillermo - (Yukon, OK) - Yukon Heights",1xad
,Resident Referral/Retention,m,2,"Danny - (Manor, TX) - Flats at Shadowglen",
,Resident Referrals,m,6,"Guillermo - (Houston, TX) - Pines at Woodcreek",
,Resident Referrals-Referrals only,m,4,"Emilio - (Dallas, TX) - Bella Vista Pointe",
,Resident Relations,m,14,"Danny - (Manor, TX) - Flats at Shadowglen",1xad
,Resident Retention,m,29,"Yonnic - (San Antonio, TX) - Seraphina Castle Hills",1xrm; 1xmf
,"Resident Retention, Activities, And Refreshments",m,7,"Guillermo - (Lubbock, TX) - Lubbock Square Apartments",
,Resident Retention & Resident Events,m,2,"Danny - (Oklahoma City, OK) - The Brickson",
,Resident Retention-Weekly Event,m,2,"Guillermo - (Lubbock, TX) - Cottage Point",
,Resident Retention/Gifts,m,2,"Will - (Kansas City, MO) - Province of Briarcliff",
,Resident Retention/Parties,m,4,"Bryce - (Haltom City, TX) -  Loraine Place",
,Resident Safety Repairs,rm,3,"Yonnic - (Bryan, TX) - Retreat at 2818",
,Resident Screening,ad,31,"Emilio - (Houston, TX) - Las Palmas",1xm
,Resident Screening And Credit Check,ad,2,"Danny - (Manor, TX) - Flats at Shadowglen",
,Resident Screening Expenses,ad,2,"Guillermo - (Temple, TX) - Greenbrier Park Apartments",
,Resident Service Director,pr,2,"Dylan - (Houston, TX) - Park at Vittoria",
,Resident Services - Gift Cards,ad,2,"Bryce - (Arlington, TX) - Timberlake Villas",
,Resident Sewer Charge,rw,4,"Dylan - (Denton, TX) - 1105 & 1109 Sleepy Hollow",
,Resident Shield Master Policy,oi,2,"Will - (Kansas City, MO) - Province of Briarcliff",
,Resident Transfer Fee,oi,2,"Trey - (Duncanville, TX) - Sunset Villa",
,Resident Trash Charge,rt,4,"Dylan - (Denton, TX) - 1105 & 1109 Sleepy Hollow",
,Resident Water Charge,rw,4,"Dylan - (Denton, TX) - 1105 & 1109 Sleepy Hollow",
,Resident/Prospect Services - Re,ad,2,"Bryce - (Arlington, TX) - Timberlake Villas",
,Resident/Vendor Relations,m,2,"David - (Kingsville, TX) - SG Apartments",
,Residential Parking,oi,2,"Danny - (Dallas, TX) - The Link",
,Residential Rent,r,2,"Guillermo - (Temple, TX) - Greenbrier Park Apartments",
,Resman Credit Builder Fee,ad,2,"David - (Kingsville, TX) - SG Apartments",
,Resman software fee,ad,2,"David - (Kingsville, TX) - SG Apartments",
,Resurface,rm,2,"Paul - (Haltom City, TX) - Woods of Haltom City",
,Resurface (Tubs/Counters),rm,2,"Dylan - (Fort Worth, TX) - Bonnie Royal",
,Resurface (Vacant),rm,2,"Bryce - (Haltom City, TX) -  Loraine Place",
,Resurfacing,rm,13,"Emilio - (Houston, TX) - Las Palmas",
,Resurfacing Counter/Tub/Shower,rm,4,"Dylan - (Denton, TX) - 1105 & 1109 Sleepy Hollow",
,Resurfacing - Fixtures / Counters,rm,2,"Paul - (Killeen, TX) - Dorel Killeen",
,Resurfacing - Tubs Counters,rm,4,"Dylan - (Fort Worth, TX) - The Stella",
,Retirement (401K Etc),pr,2,"Greg - (Amarillo, TX) - Cross Timbers at Grand Street",
,Returned Bank Fee,oi,2,"Emilio - (Plano, TX) - Texas Star Townhomes",
,Returned Payment,oi,2,"Danny  -  (Killeen, TX) - Eastgate Village",
,Revenue Management Expense,ad,6,"Yonnic - (San Antonio, TX) - Seraphina Castle Hills",
,Risk Assessment fee,oi,2,"Emilio - (Wylie, TX) - Village East",
,Risk Fee,oi,16,"Chris - (Dallas, TX) - HYA Live Oak Apartments",
,Risk Fees,oi,4,"Bryce - (Cleburne, TX) - Colonial",
,Risk Mitigation,ad,2,"Jon - (Lewisville, TX) - Vistas on the Park",
,Rll- Renters Legal Liability,i,1,"Danny - (Temple, TX) - The District at 21 Fourteen",
,RM Electrical Labor,rm,2,"David - (Kingsville, TX) - SG Apartments",
,RM HVAC Labor,rm,2,"David - (Kingsville, TX) - SG Apartments",
,RM Light Bulbs & Fixture Repairs,rm,2,"David - (Kingsville, TX) - SG Apartments",
,"RM Locks, Keys & Security",rm,2,"David - (Kingsville, TX) - SG Apartments",
,RM Other Maint. & Repairs,rm,2,"David - (Kingsville, TX) - SG Apartments",
,RM Plumbing Labor,rm,2,"David - (Kingsville, TX) - SG Apartments",
,Roof:,rm,4,"Danny - (OKC, OK) - The Hudson",
,Roof & Building Exterior Repairs,rm,2,"Guillermo - (Yukon, OK) - Yukon Heights",
,Roof Maintenance,rm,2,"Guillermo - (Houston, TX) - Pines at Woodcreek",
,Roof R&M,rm,4,"David - (Odessa, TX) - East 12th Townhomes",
,Roof Repair,rm,16,"Jon - (Tulsa, OK) - Boulder Ridge",
,Roof Repair And Supplies,rm,2,"Will - (Overland Park, KS) - 87th Street Apartments",
,Roof Repairs,rm,14,"Yonnic - (Monroe, LA) - Seasons & Woodale",
,Roof Repairs Maintenance- Residential/,rm,2,"Emilio - (Plano, TX) - Texas Star Townhomes",
,Roof Supplies & Repairs,rm,2,"Guillermo - (Garland, TX) - Meadow Creek",
,Roofing Repair & Maintenance,rm,4,"Emilio - (Dallas, TX) - Tribeca & 2106 Bennett",
,Roofing Repairs (Non-CapEx),rm,2,"Bryce - (Haltom City, TX) -  Loraine Place",
,Rough Carpentry,rm,1,"Chris - (Webster, TX) - The Townhomes on Three",
,Rp Deposit Premium,oi,9,"Guillermo - (Lubbock, TX) - Lubbock Square Apartments",
,RUBS,rw,4,"Guillermo - (Lubbock, TX) - Coronado Crossing",
,Rubs Admin Fee,ro,4,"Chase - (Corsicana, TX) - Oak Lawn",1xo
,Rubs Admin Fee Income,ro,2,"Trey - (Garland, TX) - Hills of Palos Verde",
,RUBS - Electricity,ro,16,"Emilio - (Houston, TX) - Las Palmas",1xoi
,RUBS - Gas,ro,6,"Emilio - (Houston, TX) - Las Palmas",
,RUBS - Monthly Billing Fees,ro,16,"Emilio - (Houston, TX) - Las Palmas",1xoi; 1xrt
,RUBS - Pest,ro,16,"Emilio - (Houston, TX) - Las Palmas",2xoi
,Rubs & Recurring Fee Income,rw,8,"Jon - (Tulsa, OK) - Boulder Ridge",
,RUBS - Trash,rt,16,"Emilio - (Houston, TX) - Las Palmas",1xoi; 1xro
,Safety,rm,2,"Dylan - (Fort Worth, TX) - The Stella",
,Safety Devices,rm,4,"Guillermo - (Lubbock, TX) - Cottage Point",
,Safety & Fire Supplies,cs,2,"Dylan - (Fort Worth, TX) - The Stella",
,Safety & Fire Supplies / Maint,rm,6,"Yonnic - (San Antonio, TX) - Seraphina Castle Hills",
,Safety & Fire Supplies/Repairs,rm,2,"Danny - (Manor, TX) - Flats at Shadowglen",
,SALARIES - ADMINISTRATIVE,pr,2,"Paul - (Garland, TX) - Vista Isle",
,Salaries And Benefits,pr,2,"Chris - (San Antonio, TX) - Sunset Heights",
,Salaries Expense,pr,2,"Dylan - (Houston, TX) - Residences at Med",
,SALARIES - MAINTENANCE,pr,2,"Paul - (Garland, TX) - Vista Isle",
,SALARIES - PAYROLL TAXES,pr,2,"Paul - (Garland, TX) - Vista Isle",
,Salary - Asset Manager,pr,2,"Guillermo - (Allen, TX) - 301 Greenville",
,Salary - Asst Manager,pr,2,"Guillermo - (Allen, TX) - 301 Greenville",
,Salary - Community Director,pr,2,"David - (Kingsville, TX) - SG Apartments",
,Salary - Housekeepers,pr,2,"David - (Kingsville, TX) - SG Apartments",
,Salary - Leasing,pr,2,"Guillermo - (Allen, TX) - 301 Greenville",
,Salary - Leasing Consultant,pr,2,"Trey - (Duncanville, TX) - Sunset Villa",
,Salary - Leasing Consultants,pr,2,"David - (Kingsville, TX) - SG Apartments",
,Salary - Maint Director,pr,2,"Guillermo - (Allen, TX) - 301 Greenville",
,Salary - Maint Tech,pr,2,"Guillermo - (Allen, TX) - 301 Greenville",
,Salary - Maint. Technician,pr,2,"David - (Kingsville, TX) - SG Apartments",
,Salary - Maintenance,pr,2,"Trey - (Duncanville, TX) - Sunset Villa",
,Salary - Make Ready Tech,pr,2,"David - (Kingsville, TX) - SG Apartments",
,Salary - Property Manager,pr,4,"Trey - (Duncanville, TX) - Sunset Villa",
,Sales Tax Paid,tx,4,"Bryce - (Cleburne, TX) - Colonial",1xad
,Satellite And Internet,cs,4,"Dylan - (Fort Worth, TX) - The Stella",
,Satisfaction Survey,m,2,"Yonnic - (San Antonio, TX) - Seraphina Castle Hills",
,School District,tx,2,"Guillermo - (Garland, TX) - Meadow Creek",
,Screening And Background Checks,ad,2,"Jon - (Lewisville, TX) - Vistas on the Park",
,Screening And Income Verification,ad,2,"Will - (Kansas City, MO) - Province of Briarcliff",
,Screening Applicant Expense,ad,4,"Will - (Overland Park, KS) - 87th Street Apartments",
,Screens & Glass (Window Repair/Replacement),rm,2,"Danny - (Oklahoma City, OK) - The Brickson",
,Screens Repair/Replacement Exp,rm,2,"Will - (Overland Park, KS) - 87th Street Apartments",
,SD Eliminator Fee,oi,2,"Yonnic - (Dallas, TX) - Legacy Lofts",
,Search Engine Marketing Campaigns,m,6,"Yonnic - (San Antonio, TX) - Seraphina Castle Hills",
,Seasonal Decor,ad,1,"Chris - (Webster, TX) - The Townhomes on Three",
,Seasonal Flowers/Plants/Shrubs,rm,2,"Trey - (Garland, TX) - Hills of Palos Verde",
,Sec Equip / Repair-Under $500,cs,2,"Dylan - (Houston, TX) - Park at Vittoria",
,Section-8 Rent,r,7,"Angel - (Granbury, TX) - The Woods",2xll
,Section8,r,2,"Greg - (Fort Worth, TX) - 1605 5th Ave",
,Security,cs,12,"Dylan - (Fort Worth, TX) - The Stella",1xrm; 1xpr
,Security Alarm & Cameras,ad,3,"Yonnic - (Bryan, TX) - Retreat at 2818",
,Security Contract,cs,6,"Danny - (Weatherford, TX) - Lone Oak",
,Security Deposit Adjustment,oi,8,"Yonnic - (Monroe, LA) - Seasons & Woodale",1xpr; 1xad
,Security Deposit Forfeits,oi,2,"Guillermo - (Yukon, OK) - Yukon Heights",
,Security Deposit Forfeiture,oi,2,"Emilio - (Dallas, TX) - Bella Vista Sol",
,Security Deposit Insurance,oi,2,"Dylan - (Lubbock, TX) - Crest at Cooper",
,Security Deposit Refund,ad,2,David - (Carrollton) - Marbella Villas at Indian Creek,
,Security Deposit Refund Expense (Owner Held),ad,1,"paul - (Dallas, TX) - Estrella at Kiest",
,Security Expense,cs,6,"Guillermo - (Yukon, OK) - Yukon Heights",1xad
,Security & Fire System Monitoring,cs,2,"Emilio - (Dallas, TX) - Tribeca & 2106 Bennett",
,Security Monitoring,ad,2,"Dylan - (Fort Worth, TX) - Mesa Vista",
,Security Service,cs,10,"Danny - (Manor, TX) - Flats at Shadowglen",1xad
,Security Service Contract,cs,2,"David - (Odessa, TX) - East 12th Townhomes",
,Security Services,cs,16,"Jon - (Tulsa, OK) - Boulder Ridge",2xad
,Security System (Alarms & Cameras),ad,2,"Danny - (Oklahoma City, OK) - The Brickson",
,Security/Gates/Alarms,cs,2,David - (Carrollton) - Marbella Villas at Indian Creek,
,Security/Locks/Keys,rm,2,"Danny - (Dallas, TX) - The Link",
,Seminar / Training,ad,1,"Danny - (Temple, TX) - The District at 21 Fourteen",
,SEMINARS/STAFF TRAINING,ad,2,"Paul - (Garland, TX) - Vista Isle",
,Septic,rm,2,"Jackson - (Pilot Knob, MO) - Countryside Apartments",
,Service Fee,tr,6,"Guillermo - (Houston, TX) - Pines at Woodcreek",1xro; 1xo
,Service Fees,ad,2,"Trey - (Garland, TX) - Hills of Palos Verde",
,Service Technician,pr,8,"Danny - (Weatherford, TX) - Lone Oak",
,Sewer,w,42,"Danny - (Manor, TX) - Flats at Shadowglen",1xrw
,Sewer Income,rw,4,"David - (Odessa, TX) - East 12th Townhomes",
,Sewer Master/House Meter,w,4,"Dylan - (Fort Worth, TX) - The Stella",
,Sewer (Only),w,4,"Yonnic - (San Antonio, TX) - Seraphina Castle Hills",
,Sewer Rebill,rw,6,"Yonnic - (San Antonio, TX) - Seraphina Castle Hills",1xoi
,Sewer Recoverable,rw,2,"Jon - (Lewisville, TX) - Vistas on the Park",
,Sewer/ Stormwater,w,2,"Will - (Kansas City, MO) - Province of Briarcliff",
,Shared Income,oi,2,"Danny - (Manor, TX) - Flats at Shadowglen",
,Shawnee Housing Authority,r,2,"Chase - (Shawnee, OK) - Villa Chateau",
,Sheetrock,rm,14,"Emilio - (Houston, TX) - Las Palmas",
,Sheetrock Repairs,rm,11,"Jon - (Lewisville, TX) - Vistas on the Park",
,Sheetrock Tape &Bed,rm,2,"Chris - (Dallas, TX) - HYA Live Oak Apartments",
,Shipping Expense,ad,2,"Guillermo - (Yukon, OK) - Yukon Heights",
,Shipping/ Courier,ad,2,"Danny - (Manor, TX) - Flats at Shadowglen",
,Shop Supplies,rm,4,"Guillermo - (Lubbock, TX) - Cottage Point",
,Shopper Reports,m,2,"Will - (Kansas City, MO) - Province of Briarcliff",
,Short Term Lease Fee,oi,4,"Will - (Overland Park, KS) - 87th Street Apartments",
,Short Term Lease Premium,oi,10,"Danny - (Manor, TX) - Flats at Shadowglen",
,Siding,rm,1,"Chris - (Webster, TX) - The Townhomes on Three",
,Sign Expense,m,2,"Will - (Overland Park, KS) - 87th Street Apartments",
,Signage,m,12,"Dylan - (Fort Worth, TX) - Mesa Vista",1xrm; 1xad
,Signs,m,5,"Guillermo - (Lubbock, TX) - Lubbock Square Apartments",1xad
,"Signs, Balloons, Flags and Banners",m,4,"Emilio - (Dallas, TX) - Bella Vista Pointe",
,Signs & Maintenance,rm,2,"Trey - (Garland, TX) - Hills of Palos Verde",
,Signs/Flyers,m,1,"paul - (Dallas, TX) - Estrella at Kiest",
,Sink & Tub Replacements,rm,2,"Guillermo - (Temple, TX) - Greenbrier Park Apartments",
,Site Office Travel,ad,2,"Greg - (Arlington, TX) - Stadium West",
,Small Equipment,rm,2,"Will - (Kansas City, MO) - Province of Briarcliff",
,Small Tools,rm,6,"Jon - (Lewisville, TX) - Vistas on the Park",
,Small Tools & Equipment,rm,4,"Yonnic - (San Antonio, TX) - Seraphina Castle Hills",
,Small Tools/Equipment,rm,2,"Danny - (Manor, TX) - Flats at Shadowglen",
,Smoke Detectors,rm,2,"Trey - (Duncanville, TX) - Sunset Villa",
,Snow Removal,cs,4,"Danny - (Manor, TX) - Flats at Shadowglen","recoded from 'rm' (standardized to majority ({'rm': 4, 'cs': 5}))"
,Snow Removal- Contracted,cs,4,"Will - (Overland Park, KS) - 87th Street Apartments",
,Snow Removal Contracted Services,cs,2,"Will - (Kansas City, MO) - Province of Briarcliff",
,Snow Removal Expense,cs,4,"Will - (Overland Park, KS) - 87th Street Apartments",
,Snow Removal Supplies,rm,2,"Will - (Kansas City, MO) - Province of Briarcliff",
,Snow Removal/Ice Melt,cs,1,"paul - (Dallas, TX) - Estrella at Kiest",
,Social Media,m,4,"Paul - (Killeen, TX) - Dorel Killeen",
,Social Media Marketing,m,2,"Guillermo - (Lubbock, TX) - Cottage Point",
,Social Security Expense,pr,1,"paul - (Dallas, TX) - Estrella at Kiest",
,Software,ad,23,"Will - (Kansas City, MO) - Province of Briarcliff",
,Software Admin Fee,ad,6,- Orleans,
,Software And Applications,ad,2,"Chris - (Dallas, TX) - HYA Live Oak Apartments",
,Software And Subscriptions,ad,8,"Trey - (Duncanville, TX) - Sunset Villa",
,Software & apps,ad,2,"Emilio - (San Antonio, TX) - The 209",
,Software As A Service,ad,2,"Guillermo - (Garland, TX) - Meadow Creek",
,"Software, Computer, Etc",ad,2,"Dylan - (Fort Worth, TX) - Mesa Vista",
,Software Cost,ad,2,"David - (Odessa, TX) - East 12th Townhomes",
,Software Costs,ad,2,"Danny - (Oklahoma City, OK) - The Brickson",
,SOFTWARE FEES-YARDI MRI,ad,2,"Paul - (Garland, TX) - Vista Isle",
,"Software License, Fees &",ad,4,"Chase - (Corsicana, TX) - Oak Lawn",
,"Software License, Fees & Support",ad,2,"Chase - (Corsicana, TX) - Oak Lawn",
,Software Licenses / Maintenance Fees,ad,4,"Yonnic - (San Antonio, TX) - Seraphina Castle Hills",
,Software Licenses/Maintenance Fees,ad,2,"Danny - (Manor, TX) - Flats at Shadowglen",
,Software Rental/Support,ad,2,"Dylan - (Houston, TX) - Park at Vittoria",
,"Software-ResMan, HappyCo, PayLease, Wate",ad,4,"Emilio - (Dallas, TX) - Bella Vista Pointe",
,Software Subscription,ad,5,"Yonnic - (Monroe, LA) - Seasons & Woodale",
,Sofware,ad,2,"Yonnic - (Harlingen, TX) - Timbers",
,Solar Equipment Fee,oi,1,"paul - (Dallas, TX) - Estrella at Kiest",
,South gate,ad,2,"Yonnic - (Hallsville, TX) - Townhomes at Cider Point",
,Specialized Accounting Fee,ad,2,"Dylan - (Denton, TX) - Quincy Court",
,Spectrum,o,4,"Danny - (Killeen, TX) - 1601 E Central Expy",
,Sprinkler / Irrigation Supplies / Repairs,rm,6,"Yonnic - (San Antonio, TX) - Seraphina Castle Hills",
,Sprinler System Repair,rm,2,"Guillermo - (Houston, TX) - Pines at Woodcreek",
,Staf Training-Education,ad,6,- Orleans,
,Staff Relations,ad,2,"Trey - (Duncanville, TX) - Sunset Villa",
,Start Balance,oi,2,"Guillermo - (Hurst, TX) - Point on Calloway",
,State Employment Commission-Texas,pr,4,"Guillermo - (Houston, TX) - Pines at Woodcreek",
,State Filing Fee,ad,2,"Paul - (Lubbock, TX) - Dimora Village",
,State Income Tax,tx,2,"Dylan - (Lubbock, TX) - Crest at Cooper",
,State Unemployment Taxes (SUTA/FUTA),pr,2,"Guillermo - (Lubbock, TX) - Cottage Point",
,Stationery & Printing,ad,2,"Dylan - (Fort Worth, TX) - Bonnie Royal",
,Storage,oi,4,"Danny - (Manor, TX) - Flats at Shadowglen",
,Storage Fee,oi,2,"Guillermo - (Dallas, TX) - Pearl at Midtown",
,Storage Fees,oi,3,"Yonnic - (Bryan, TX) - Retreat at 2818",
,Storage Income,oi,8,"Danny - (Manor, TX) - Flats at Shadowglen",
,Storage Rental,oi,2,"Dylan - (Fort Worth, TX) - Mesa Vista",
,Storage Revenue,oi,2,"Will - (Overland Park, KS) - 87th Street Apartments",
,Storage Shed Income,oi,2,"Jackson - (Pilot Knob, MO) - Countryside Apartments",
,Storage Unit Rental,ad,2,"Trey - (Garland, TX) - Hills of Palos Verde",
,Storage Units,oi,2,"David - (Universal City, TX) - Falcon Apartments",
,Storm Drainage,rw,2,"Jon - (Lewisville, TX) - Vistas on the Park",
,Storm Income,rw,4,"Emilio - (Dallas, TX) - Bella Vista Pointe",1xro
,Stormwater,cs,2,"Jon - (Lewisville, TX) - Vistas on the Park",
,Stoves/Vent-Hoods,rm,2,"Guillermo - (Temple, TX) - Greenbrier Park Apartments",
,Strategic Marketing Services Fee,m,6,"Yonnic - (San Antonio, TX) - Seraphina Castle Hills",
,Strategic Planning,ad,2,"Guillermo - (Lubbock, TX) - Cottage Point",
,Street Maintenance,o,2,"Dylan - (Fort Worth, TX) - Mesa Vista",
,Structure,rm,2,"Yonnic - (Fort Worth, TX) - Polo Club",
,Student Turnover - Carpet Cleaning,oi,2,"Guillermo - (Canyon, TX) - - Torres Evolution Canyon",
,Subcontractor,rm,2,"Dylan - (Fort Worth, TX) - Bonnie Royal",
,Subfloor Repairs,rm,4,"Trey - (Garland, TX) - Hills of Palos Verde",
,Subfloor Repairs & Maint.,rm,2,"Guillermo - (Temple, TX) - Greenbrier Park Apartments",
,Subscription Fees,ad,2,"Paul - (Lubbock, TX) - Dimora Village",
,Subscriptions,ad,2,"Danny - (Manor, TX) - Flats at Shadowglen",
,Supples (R&M),rm,3,"Yonnic - (Bryan, TX) - Retreat at 2818",
,Supplies,rm,36,"Emilio - (Van Alstyne, TX) - 441 & 451 W Van Alystne",5xad
,Supplies Expense,ad,4,"Bryce - (Arlington, TX) - Timberlake Villas",1xrm
,Supplies & Materials,rm,2,"Trey - (Dallas, TX) - 5647 Live Oak",
,Supplies-Office,ad,14,"Emilio - (Houston, TX) - Las Palmas",
,Supplies R&M,rm,4,"David - (Odessa, TX) - East 12th Townhomes",
,Support,ad,2,"Chase - (Corsicana, TX) - Oak Lawn",
,Surveillance Equipment And Repairs,cs,2,"Dylan - (Fort Worth, TX) - The Stella",
,Suta Expense,pr,2,"Guillermo - (Yukon, OK) - Yukon Heights",
,Suta - State Unempl Tax,pr,2,"Dylan - (Houston, TX) - Park at Vittoria",
,SUTA/FUTA Tax Expense,pr,2,"Paul - (Haltom City, TX) - Woods of Haltom City",
,Swimming Pool Code Compliance,ad,2,"Dylan - (Fort Worth, TX) - Bonnie Royal",
,Swimming Pool Supplies,rm,2,"Will - (Kansas City, MO) - Province of Briarcliff",
,[System] Beginning Balance,oi,6,"Greg - (Dallas, TX) - The Carolina",
,T/O - Carpet Cleaning & Repair,rm,2,"Danny - (Manor, TX) - Flats at Shadowglen",
,T/O - Carpet Cleaning/Repairs,rm,2,"Will - (Kansas City, MO) - Province of Briarcliff",
,T/O - General Cleaning,rm,2,"Will - (Kansas City, MO) - Province of Briarcliff",
,T/O - Interior Repairs,rm,2,"Danny - (Manor, TX) - Flats at Shadowglen",
,T/O - Paint,rm,2,"Danny - (Manor, TX) - Flats at Shadowglen",
,T/O - Painting Contract,rm,2,"Will - (Kansas City, MO) - Province of Briarcliff",
,T/O - Painting Supplies,rm,2,"Will - (Kansas City, MO) - Province of Briarcliff",
,T/O - Supplies,rm,2,"Danny - (Manor, TX) - Flats at Shadowglen",
,T/O - Tile/Vinyl Repairs,rm,2,"Will - (Kansas City, MO) - Province of Briarcliff",
,T/O - Unit Cleaning,rm,2,"Danny - (Manor, TX) - Flats at Shadowglen",
,Ta6200100   Property Taxes,tx,2,"Chris - (Alvin, TX) - Oak Park Village",
,Taa Lease Forms/Membership,ad,9,"Guillermo - (Lubbock, TX) - Lubbock Square Apartments",
,TAA - License & Clicks,ad,2,"Jon - (Richardson, TX) - Winding Way",
,Takeover / Prorated Rents,r,2,"Yonnic - (San Antonio, TX) - Seraphina Castle Hills",
,Tax Consulting Fee,tx,2,"Jon - (Lewisville, TX) - Vistas on the Park",
,Tax Credit Fee Expense,ad,2,"Will - (Overland Park, KS) - 87th Street Apartments",
,Tax Prep,cs,2,"Danny - (Weatherford, TX) - Lone Oak",
,Tax-Property,tx,2,"1- (Houston, TX) - 2501 Delano Apartments",
,Tax Reduction Service,tx,2,"Jon - (Dallas, TX) - 615 N Marsalis Ave",
,TAX REDUCTION/EXEMPT FEE,tx,2,"Paul - (Garland, TX) - Vista Isle",
,Tax Return Preparation/Audit,ad,2,"Will - (Overland Park, KS) - 87th Street Apartments",
,Taxes,tx,33,"Trey - (Dallas, TX) - Ascent at Midtown",2xpr
,Taxes & Dues - Property Taxes,tx,6,"Yonnic - (Fort Worth, TX) - Tides on Westcreek",
,Taxes - Fees - Licenses,tx,2,"Dylan - (Houston, TX) - Park at Vittoria",
,TAXES & INSURANCE,tx,2,"David - (Midland, TX) - Ranchland Apartments",
,Taxes & Licenses,tx,7,"Yonnic - (Monroe, LA) - Seasons & Woodale",
,Taxes (Maintenance Order),rm,2,"Danny - (Oklahoma City, OK) - The Brickson",
,Taxes Paid,tx,2,"Dylan - (Greenville, TX) - Parkview Apartments",
,Taxes - Property,tx,9,"Trey - (Cedar Hills, TX) - 312 Hickerson St",
,Taxes - Real Estate,tx,8,"Dylan - (Houston, TX) - Park at Vittoria",
,Taxes/Workers Comp,pr,1,"Danny - (Temple, TX) - The District at 21 Fourteen",
,Tceq Fee,o,4,"Dylan - (Fort Worth, TX) - The Stella",
,Team Building And Events,ad,2,"Danny - (Manor, TX) - Flats at Shadowglen",
,Tech Package,oi,2,"Jackson - (Dallas, TX) - 4414 Worth St","recoded from 'ro' (standardized to majority ({'ro': 2, 'oi': 4}))"
,Technology Fee,ad,1,"Chris - (Webster, TX) - The Townhomes on Three",
,Technology Package,ro,2,"Paul - (Lacy Lakeview, TX) - The Zoe",
,Telephone,ad,70,"Emilio - (Houston, TX) - Las Palmas",6xo
,Telephone / Internet,ad,6,"Chase - (Corsicana, TX) - Oak Lawn",1xo
,Telephone And Yellow Pages,ad,3,"Bryce - (Denton, TX) - Bonnie Green Apartments",
,Telephone - Answering Service,ad,14,"Emilio - (Houston, TX) - Las Palmas",2xo
,Telephone - Base Unit Cost,ad,2,"Dylan - (Houston, TX) - Park at Vittoria",recoded from 'cs' (house rule: telephone/answering -> ad)
,Telephone - Cell Phones/Pagers,ad,6,"Paul - (Lacy Lakeview, TX) - The Zoe",
,Telephone Expense,ad,16,"Yonnic - (San Antonio, TX) - Seraphina Castle Hills",2xo
,Telephone Expenses,ad,2,"Trey - (Garland, TX) - Hills of Palos Verde",
,Telephone Income,ro,2,"David - (Waco, TX) - Cove on 21st",
,Telephone & Internet,ad,4,"Jon - (DeSoto, TX) - Canyon Oaks",
,Telephone & Internet Utility,ad,2,"Trey - (Duncanville, TX) - Sunset Villa",recoded from 'o' (house rule: telephone/answering -> ad)
,Telephone-Office,ad,4,"Guillermo - (Lubbock, TX) - Cottage Point",
,"Telephone, Regular Service",ad,2,"Yonnic - (Shreveport, LA) - Castlewood",recoded from 'o' (house rule: telephone/answering -> ad)
,Telephone Service,ad,4,"Guillermo - (Houston, TX) - Pines at Woodcreek",
,Telephone Service Bill,ad,4,"Emilio - (Dallas, TX) - Bella Vista Pointe",recoded from 'o' (house rule: telephone/answering -> ad)
,Telephone/ Internet,ad,2,"Danny - (Manor, TX) - Flats at Shadowglen",
,Telephone/Internet,ad,12,"Bryce - (Cleburne, TX) - Colonial",2xo
,TELEPHONE/INTERNET/PAGERS,ad,2,"Paul - (Garland, TX) - Vista Isle",
,Temp Help,pr,2,"Will - (Kansas City, MO) - Province of Briarcliff",
,Temp Labor,pr,2,"Jon - (Lewisville, TX) - Vistas on the Park",
,Temporary Employee - Maintenance,pr,2,"Bryce - (Haltom City, TX) -  Loraine Place",
,Temporary Help,pr,14,"Danny - (Manor, TX) - Flats at Shadowglen",1xad
,Temporary Help-Maint,pr,2,"Trey - (Garland, TX) - Hills of Palos Verde",
,Temporary Services,ad,2,"Guillermo - (Temple, TX) - Greenbrier Park Apartments",
,Temporary Signage,m,2,"Emilio - (Houston, TX) - Walnut Creek",
,Tenant Background Check,ad,8,- Orleans,
,Tenant Chargebacks,rm,3,"David - (Commerce, TX) - Mayo Townhomes",
,Tenant Charged Fines and Fees,oi,2,"2- (Houston, TX) - 5532 Eskridge",
,Tenant Charged Liability:TCL-Cleaning,oi,2,"Greg - (Fort Worth, TX) - 1605 5th Ave",
,Tenant Charged Liability:TCL-Debris Removal,oi,2,"Greg - (Fort Worth, TX) - 1605 5th Ave",
,Tenant Charged Liability:TCL-Plumbing Repair,oi,2,"Greg - (Fort Worth, TX) - 1605 5th Ave",
,Tenant Charged Liability:TCL-Repairs-Other,oi,2,"Greg - (Fort Worth, TX) - 1605 5th Ave",
,Tenant Charged Liability:TCL-Supplies,oi,2,"Greg - (Fort Worth, TX) - 1605 5th Ave",
,Tenant Charged Liability:TCL-Utilities-Water,rw,2,"Greg - (Fort Worth, TX) - 1605 5th Ave",
,Tenant Charges / Services,oi,2,"Emilio - (Houston, TX) - Las Palmas",
,Tenant Concessions-St,nr,2,"Paul - (Lubbock, TX) - Dimora Village",
,Tenant Credit Check,ad,4,"Bryce - (Haltom City, TX) -  Loraine Place",
,Tenant Damages,oi,4,"Jon - (Lewisville, TX) - Vistas on the Park",
,Tenant Electric,e,2,"Emilio - (Plano, TX) - Texas Star Townhomes",
,Tenant Electricity Expense,e,4,"Greg - (Dallas, TX) - The Carolina",
,Tenant Eviction Fee Income,oi,4,"Bryce - (Haltom City, TX) -  Loraine Place",
,Tenant Eviction Fees,ad,4,"Bryce - (Haltom City, TX) -  Loraine Place",
,Tenant Gas Expense,o,4,"Greg - (Dallas, TX) - The Carolina",
,Tenant Insurance Premium (Billed Back To Tenant),ad,2,"Danny - (Oklahoma City, OK) - The Brickson",
,Tenant Insurance Premiums Collected,oi,2,"Danny - (Oklahoma City, OK) - The Brickson",
,Tenant Insurance Revenue,oi,4,"Will - (Overland Park, KS) - 87th Street Apartments",
,Tenant Occupied Utilities,oi,5,"Yonnic - (Monroe, LA) - Seasons & Woodale",1xrw
,Tenant Occupied Utilities - Billable,o,5,"Yonnic - (Monroe, LA) - Seasons & Woodale",1xe
,Tenant Occupied Utilities - Non Billable,e,2,"Yonnic - (Shreveport, LA) - Castlewood",
,Tenant Paid - All (W/S/G/E/,rw,2,"Chase - (Corsicana, TX) - Oak Lawn",
,Tenant Paid - All (W/S/G/E/T/,rw,2,"Chase - (Corsicana, TX) - Oak Lawn",
,Tenant Paid - All (W/S/G/E/T/P),rw,2,"Chase - (Corsicana, TX) - Oak Lawn",
,Tenant Paid Eviction Fees,oi,2,"Chase - (Corsicana, TX) - Oak Lawn",
,Tenant Pest Control,oi,4,"Chase - (Corsicana, TX) - Oak Lawn",
,Tenant Protection Program,oi,4,"Trey - (Duncanville, TX) - Sunset Villa",
,Tenant Reimbursable Expense Income,oi,4,"Emilio - (Dallas, TX) - Tribeca & 2106 Bennett",1xro
,Tenant Reimbursement,rw,2,"Emilio - (Sherman, TX) - Concord Village",
,TENANT RELATIONS COMMERICAL,ad,2,"Paul - (Garland, TX) - Vista Isle",
,Tenant Rent,oi,2,"Guillermo - (Garland, TX) - Meadow Creek",
,Tenant Rent Revenue,r,2,"Guillermo - (Yukon, OK) - Yukon Heights",
,Tenant'S Electricity,ro,2,"Guillermo - (Hurst, TX) - Point on Calloway",
,Tenant'S Gas,ro,2,"Guillermo - (Hurst, TX) - Point on Calloway",
,Tenant'S Pest Control,ro,2,"Guillermo - (Hurst, TX) - Point on Calloway",
,Tenant'S Sewer,rw,2,"Guillermo - (Hurst, TX) - Point on Calloway",
,Tenant'S Storm Water Drainage,rw,2,"Guillermo - (Hurst, TX) - Point on Calloway",
,Tenant'S Water,rw,2,"Guillermo - (Hurst, TX) - Point on Calloway",
,Tenant Screening,ad,2,"David - (Temple, TX) - Asbury Park","recoded from 'rm' (standardized to majority ({'rm': 2, 'ad': 9, 'm': 2}))"
,Tenant Screening Charges,ad,2,"David - (Kingsville, TX) - SG Apartments",
,Tenant Screening Exp,ad,8,"Emilio - (Dallas, TX) - Bella Vista Pointe",
,Tenant To Landlord Liability Insurance Passthrough,oi,5,"Yonnic - (Monroe, LA) - Seasons & Woodale",
,Tenant Transfer Fees,oi,2,"Guillermo - (Lubbock, TX) - Cottage Point",
,Tenant Water Expense,w,4,"Greg - (Dallas, TX) - The Carolina",
,Termination Fees,oi,16,"Will - (Kansas City, MO) - Province of Briarcliff",
,Termite,cs,2,"Guillermo - (Houston, TX) - Pines at Woodcreek",
,Termite Bnd Renewl/Treatmnt,cs,2,"Dylan - (Houston, TX) - Park at Vittoria",
,Termite Contract,cs,2,"Paul - (Killeen, TX) - Dorel Killeen",
,Third Party Trash Removal Expense,tr,4,"Will - (Overland Park, KS) - 87th Street Apartments",
,Tile,rm,2,"Yonnic - (Fort Worth, TX) - Polo Club",
,Tile And Vinyl Repair,rm,2,"Dylan - (Fort Worth, TX) - The Stella",
,Tile + Flooring:,ad,2,"Danny - (OKC, OK) - The Hudson",
,Tile Repair,rm,2,"Guillermo - (Lubbock, TX) - Cottage Point",
,Tile Repairs,rm,2,"Trey - (Garland, TX) - Hills of Palos Verde",
,Tile/Vinyl Repair - Turn Costs,rm,2,"Dylan - (Fort Worth, TX) - The Stella",
,Tm Per Diem,ad,2,"Yonnic - (Shreveport, LA) - Castlewood",
,TO Appliances,rm,2,"David - (Kingsville, TX) - SG Apartments",
,TO Blinds / Screens,rm,2,"David - (Kingsville, TX) - SG Apartments",
,TO Cabinets,rm,2,"David - (Kingsville, TX) - SG Apartments",
,TO Cleaning,rm,2,"David - (Kingsville, TX) - SG Apartments",
,TO Contract Labor,rm,2,"David - (Kingsville, TX) - SG Apartments",
,TO Doors/Hardward,rm,2,"David - (Kingsville, TX) - SG Apartments",
,TO Electrical,rm,2,"David - (Kingsville, TX) - SG Apartments",
,TO Flooring Repairs,rm,2,"David - (Kingsville, TX) - SG Apartments",
,TO HVAC,rm,2,"David - (Kingsville, TX) - SG Apartments",
,TO Painting/sheetrock,rm,2,"David - (Kingsville, TX) - SG Apartments",
,TO Pest Control,rm,2,"David - (Kingsville, TX) - SG Apartments",
,TO Plumbing,rm,2,"David - (Kingsville, TX) - SG Apartments",
,TO Resurfacing (Countertops and Tubs),rm,2,"David - (Kingsville, TX) - SG Apartments",
,TO Trash out,rm,2,"David - (Kingsville, TX) - SG Apartments",
,TO Window/glass,rm,2,"David - (Kingsville, TX) - SG Apartments",
,Tool Purchase,rm,2,"Danny - (Oklahoma City, OK) - The Brickson",
,Tool Purchase Or Rental,rm,2,"Danny - (Oklahoma City, OK) - The Brickson",
,Tools,rm,11,"Yonnic - (Monroe, LA) - Seasons & Woodale",1xad
,Tools and General Supplies,rm,1,"Chris - (Webster, TX) - The Townhomes on Three",
,Tools And Maintenance Equipment,rm,2,"Danny - (Houston, TX) - Ivy at the Galleria",
,Tools & Equipment,rm,4,"Dylan - (Fort Worth, TX) - Mesa Vista",
,Tools/Equipment,rm,4,"Danny - (Manor, TX) - Flats at Shadowglen",
,Tools/Equipment Expense,rm,4,"Will - (Overland Park, KS) - 87th Street Apartments",
,Tools/Supplies,rm,8,"Danny - (Weatherford, TX) - Lone Oak",
,Traditional - Outreach & Events,m,4,"Paul - (Killeen, TX) - Dorel Killeen",
,Traditional - Printing Costs,m,4,"Yonnic - (San Antonio, TX) - Seraphina Castle Hills",
,Traditional - Promotional Signage,m,6,"Yonnic - (San Antonio, TX) - Seraphina Castle Hills",
,Training,ad,4,"Dylan - (Fort Worth, TX) - The Stella","recoded from 'pr' (standardized to majority ({'pr': 4, 'ad': 6}))"
,Training / Recruiting / New Hire Fees,pr,3,"Yonnic - (Bryan, TX) - Retreat at 2818",
,Training / Seminars,ad,6,"Yonnic - (San Antonio, TX) - Seraphina Castle Hills",
,Training / Seminars / Education,ad,2,"Guillermo - (Allen, TX) - 301 Greenville",
,Training And Development,pr,4,"Guillermo - (Houston, TX) - Pines at Woodcreek",
,Training and Seminars,ad,2,"Guillermo - (Allen, TX) - 301 Greenville",
,Training & Education,ad,8,"Danny - (Manor, TX) - Flats at Shadowglen",
,Training Expenses,ad,9,"Guillermo - (Lubbock, TX) - Lubbock Square Apartments",
,Training & Seminars,ad,14,"Emilio - (Houston, TX) - Las Palmas",
,Training/Certification,ad,5,"Yonnic - (Monroe, LA) - Seasons & Woodale",
,Training/Education,ad,2,"Bryce - (Cleburne, TX) - Colonial",
,Training/Seminars,ad,10,"Danny - (Weatherford, TX) - Lone Oak",
,Transfer Admin Fee,oi,2,"Guillermo - (Hurst, TX) - Point on Calloway",
,Transfer Fee,oi,49,"Yonnic - (Monroe, LA) - Seasons & Woodale",
,Transfer Fee Income,oi,2,"Guillermo - (Yukon, OK) - Yukon Heights",
,Transfer Fees,oi,18,"Danny - (Manor, TX) - Flats at Shadowglen",
,Trash Admin Fee,oi,2,"Guillermo - (Hurst, TX) - Point on Calloway",
,Trash and Recycling,tr,2,"Guillermo - (Allen, TX) - 301 Greenville",
,Trash and Waste,tr,10,4. 5027 Live Oak St,
,Trash Bill Service,tr,2,"Chris - (Dallas, TX) - HYA Live Oak Apartments",
,Trash Cleanup,tr,4,"Danny - (Killeen, TX) - 605 N Gray",
,Trash Collection,tr,17,"Bryce - (Haltom City, TX) -  Loraine Place",
,Trash Collection / Removal,tr,2,"David - (Kingsville, TX) - SG Apartments",
,Trash Collection Contract,tr,4,"David - (Odessa, TX) - East 12th Townhomes",
,Trash Collection Dumpster Rental,tr,4,"Emilio - (Dallas, TX) - Bella Vista Pointe",
,Trash Collection Fee,rt,2,"Emilio - (San Antonio, TX) - Contessa Townhomes",
,Trash Contract,tr,8,"Danny - (Weatherford, TX) - Lone Oak",
,Trash & Debris Removal,tr,2,"Jackson - (Dallas, TX) - 4414 Worth St",
,Trash Disposal,tr,4,"Jackson - (Pilot Knob, MO) - Countryside Apartments",
,Trash Expense,tr,2,"Jon - (Lewisville, TX) - Vistas on the Park",
,Trash Fee,rt,1,"paul - (Dallas, TX) - Estrella at Kiest",
,Trash Fees,rt,4,"Dylan - (Fort Worth, TX) - Bonnie Royal",
,Trash Haul Off - Operating Expense,tr,1,"paul - (Dallas, TX) - Estrella at Kiest",
,Trash Hauling Fee,rt,2,"Guillermo - (Garland, TX) - Meadow Creek",
,Trash Hauling Services,tr,10,"Jon - (Tulsa, OK) - Boulder Ridge",
,Trash Income,rt,21,"David - (Odessa, TX) - East 12th Townhomes",
,Trash Out And/Or On-Site Dumpster,tr,2,"Chris - (Dallas, TX) - HYA Live Oak Apartments",
,Trash & Pest Control,tr,2,"Danny - (Manor, TX) - Flats at Shadowglen",
,Trash Pick Up Income,rt,2,"Paul - (Dallas, TX) - Hampton Road Duplexes",
,Trash Pickup,tr,2,"Emilio - (Van Alstyne, TX) - 441 & 451 W Van Alystne",
,Trash Rebill,rt,6,"Yonnic - (San Antonio, TX) - Seraphina Castle Hills",1xoi
,Trash Recoverable,rt,2,"Jon - (Lewisville, TX) - Vistas on the Park",
,Trash - Recycling,tr,2,"Danny - (Manor, TX) - Flats at Shadowglen",
,Trash Reimb,rt,1,"Danny - (Temple, TX) - The District at 21 Fourteen",
,Trash Reimbursement,rt,4,"Greg - (Arlington, TX) - Stadium West",
,Trash Reimbursements,rt,6,"Danny - (Weatherford, TX) - Lone Oak",1xoi
,Trash Removal,tr,38,"Danny - (Manor, TX) - Flats at Shadowglen",1xrm; 1xcs
,Trash Removal Contract,tr,6,"Yonnic - (San Antonio, TX) - Seraphina Castle Hills",
,Trash Removal - Door To Door Pickup,tr,2,"Yonnic - (San Antonio, TX) - Seraphina Castle Hills",
,Trash Removal Expense,tr,4,"Greg - (Dallas, TX) - The Carolina",
,Trash Removal Income,rt,2,"Danny - (Dallas, TX) - The Link",
,TRASH REMOVAL SVCS,tr,2,"Paul - (Garland, TX) - Vista Isle",
,Trash Removal/Recycling,tr,2,"Will - (Kansas City, MO) - Province of Briarcliff",
,Trash Remove Rebill-Door To Door Pickup,rt,2,"Yonnic - (San Antonio, TX) - Seraphina Castle Hills",
,Trash - Rubs,rt,2,"Trey - (Garland, TX) - Hills of Palos Verde",
,Trash Service,tr,14,"Trey - (Duncanville, TX) - Sunset Villa",3xrt
,Trash Service Fee,rt,4,"Jon - (Richardson, TX) - Winding Way",1xoi
,Trash - Service Overage,tr,1,"paul - (Dallas, TX) - Estrella at Kiest",
,Trash Valet,tr,2,"Bryce - (Arlington, TX) - Timberlake Villas",
,Trash - Valet Fees,rt,6,"Paul - (Lacy Lakeview, TX) - The Zoe",1xoi
,Travel,ad,37,"Will - (Kansas City, MO) - Province of Briarcliff",
,Travel / Mileage Reimbursement,ad,2,"Guillermo - (Allen, TX) - 301 Greenville",
,Travel And Meals,ad,4,"Dylan - (Fort Worth, TX) - The Stella",
,Travel & Employee Retention,ad,8,"Danny - (Weatherford, TX) - Lone Oak",
,Travel Expense,ad,8,"Yonnic - (San Antonio, TX) - Seraphina Castle Hills",
,Travel Expense - L&C,ad,5,"Yonnic - (Monroe, LA) - Seasons & Woodale",
,TRAVEL EXPENSES-MGMT,ad,2,"Paul - (Garland, TX) - Vista Isle",
,Travel - Flight/Car Rental,ad,4,"Emilio - (Dallas, TX) - Pecan Grove",
,Travel - Lodging,ad,10,"Paul - (Lacy Lakeview, TX) - The Zoe",
,Travel - Meals,ad,10,"Paul - (Lacy Lakeview, TX) - The Zoe",
,Travel-Mileage,ad,14,"Will - (Kansas City, MO) - Province of Briarcliff",
,"Travel, Mileage, Meals, Etc.",ad,3,"Yonnic - (Bryan, TX) - Retreat at 2818",
,Travel Related Management,ad,2,"Jackson - (Pilot Knob, MO) - Countryside Apartments",
,Travel - Supervisory Expense,ad,2,"Dylan - (Houston, TX) - Park at Vittoria",
,Travel/Mileage Reimbursement,ad,2,"David - (Kingsville, TX) - SG Apartments",
,Traveling Maintenance Salary,pr,2,"Yonnic - (Shreveport, LA) - Castlewood",
,Traveling Property Operations Salary,pr,5,"Yonnic - (Monroe, LA) - Seasons & Woodale",
,Tree/Shrub Expense,cs,2,"Will - (Overland Park, KS) - 87th Street Apartments",
,Tub And Counter Resurfacing,rm,8,"Jon - (Tulsa, OK) - Boulder Ridge",
,Tub And Shower Resurfacing,rm,2,"Guillermo - (Temple, TX) - Greenbrier Park Apartments",
,Tub/Tile Resurface,rm,2,"Jon - (Lewisville, TX) - Vistas on the Park",
,TURN COST,rm,2,"David - (Midland, TX) - Ranchland Apartments",
,Turnkey,rm,2,"Paul - (Dallas, TX) - Pecan Tree",
,Turnkey - Appliances,rm,2,"Danny - (Dallas, TX) - The Link",
,Turnkey - Cabinet / Countertop Repairs,rm,2,"Danny - (Dallas, TX) - The Link",
,Turnkey - Carpet Clean,rm,2,"Danny - (Dallas, TX) - The Link",
,Turnkey - Drywall,rm,2,"Danny - (Dallas, TX) - The Link",
,Turnkey - Electrical,rm,2,"Danny - (Dallas, TX) - The Link",
,Turnkey - Locks & Keys,rm,2,"Danny - (Dallas, TX) - The Link",
,Turnkey - Plumbing,rm,2,"Danny - (Dallas, TX) - The Link",
,Turnkey - Tile Repairs,rm,2,"Danny - (Dallas, TX) - The Link",
,Turnkey - Tub / Sink Resurface,rm,2,"Danny - (Dallas, TX) - The Link",
,Turnover,cs,4,"Danny - (Stillwater, OK) - Milestone Stillwater",1xad
,Turnover - Appliance Repair,rm,2,"Bryce - (Cleburne, TX) - Colonial",
,Turnover - Carpet/Flooring Repairs,rm,4,"Bryce - (Cleburne, TX) - Colonial",
,Turnover Cleaning,rm,4,"Danny - (Dallas, TX) - The Link",
,Turnover - Cleaning Labor,ad,2,"Yonnic - (Shreveport, LA) - Castlewood",
,Turnover - Cleaning Supplies,rm,5,"Yonnic - (Monroe, LA) - Seasons & Woodale",1xad
,Turnover - Counter Resurfacing,rm,5,"Yonnic - (Monroe, LA) - Seasons & Woodale",1xad
,Turnover-Doors/Garage,cs,4,"Chase - (Corsicana, TX) - Oak Lawn",1xrm
,Turnover-Electrical,cs,4,"Chase - (Corsicana, TX) - Oak Lawn",1xrm
,Turnover Expenses,ad,4,"David - (McAllen, TX) - 3616 Harvey St",1xrm
,Turnover - Flooring Labor,rm,5,"Yonnic - (Monroe, LA) - Seasons & Woodale",1xad
,Turnover - Hardware,rm,5,"Yonnic - (Monroe, LA) - Seasons & Woodale",1xad
,Turnover-Janitorial Service,cs,4,"Chase - (Corsicana, TX) - Oak Lawn",1xrm
,Turnover - Labor,rm,5,"Yonnic - (Monroe, LA) - Seasons & Woodale",1xad
,Turnover - Paint Labor,rm,5,"Yonnic - (Monroe, LA) - Seasons & Woodale",1xad
,Turnover Paint Supplies,rm,2,"Danny - (Dallas, TX) - The Link",
,Turnover-Painting,rm,6,"Chase - (Corsicana, TX) - Oak Lawn",1xcs
,Turnover-Plumbing,cs,2,"Chase - (Corsicana, TX) - Oak Lawn",
,Turnover-Plumbing Repairs/Supplies,rm,2,"Chase - (Corsicana, TX) - Oak Lawn",
,TURNOVER - REPAIRS,rm,2,"Paul - (Garland, TX) - Vista Isle",
,Turnover - Resurfacing,rm,6,"Bryce - (Cleburne, TX) - Colonial",1xcs
,Turnover Supplies,rm,2,"Danny - (Dallas, TX) - The Link",
,Turnover - Utility,e,5,"Yonnic - (Monroe, LA) - Seasons & Woodale",
,Turnover-Wall Covering,rm,2,"Chase - (Corsicana, TX) - Oak Lawn",
,Turnover-Window Covering,rm,2,"Chase - (Corsicana, TX) - Oak Lawn",
,Turnover/Make-Ready,rm,2,"Trey - (McKinney, TX) - 301 E Lamar St",
,Tv/Cable Commissions,ro,4,"Dylan - (Fort Worth, TX) - The Stella",1xoi
,TX Unemployment Tax Expense,pr,1,"paul - (Dallas, TX) - Estrella at Kiest",
,Umbrella & Other Insurance,i,2,"Guillermo - (Dallas, TX) - Pearl at Midtown",
,Unapplied Lease Payments,oi,2,"Danny - (Amarillo, TX) - Westhaven Duplexes",
,Unauthorized Pet Charges,oi,2,"Guillermo - (Baton Rouge, LA) - Terraces at Perkins Rowe",
,Uncategorized Expense,ad,2,"Emilio - (Hillsboro, TX) - Walnut Manor",
,Uniform,ad,4,"Danny - (Manor, TX) - Flats at Shadowglen",1xpr
,Uniform Expense,ad,2,"Will - (Overland Park, KS) - 87th Street Apartments",recoded from 'cs' (house rule: uniforms -> ad)
,Uniform & Linen Services,ad,4,"Emilio - (Dallas, TX) - Bella Vista Pointe",
,Uniform Rental / Purchase,ad,6,"Yonnic - (San Antonio, TX) - Seraphina Castle Hills",
,Uniforms,ad,23,"Yonnic - (Monroe, LA) - Seasons & Woodale",recoded from 'rm' (house rule: uniforms -> ad)
,Uniforms (Administrative),ad,2,"Dylan - (Houston, TX) - Park at Vittoria",
,Uniforms & Clothing,ad,6,- Orleans,
,Uniforms (Maintenance),ad,2,"Dylan - (Houston, TX) - Park at Vittoria",recoded from 'rm' (house rule: uniforms -> ad)
,Uniforms - Maintenance Staff,ad,6,"Emilio - (Houston, TX) - Las Palmas",
,Uniforms - Office Staff,ad,8,"Paul - (Lacy Lakeview, TX) - The Zoe",
,Uniforms/Name Badges,ad,2,"Jon - (Lewisville, TX) - Vistas on the Park",
,Unit Make Ready Expense,rm,4,"Will - (Overland Park, KS) - 87th Street Apartments",
,Unit Preparation,rm,2,"Jon - (DeSoto, TX) - Canyon Oaks",
,Unit Repairs & Supplies,rm,2,"Danny - (Dallas, TX) - The Link",
,Unit Transfer Fee,oi,2,"Guillermo - (Garland, TX) - Meadow Creek",
,Unit Trash Out (Floor/Items/Etc),rm,4,"Guillermo - (Lubbock, TX) - Cottage Point",
,Unit Turn Carpet Cleaning,oi,2,"Danny - (Weatherford, TX) - Lone Oak",
,Unit Turnover General,rm,2,"Danny - (Dallas, TX) - The Link",
,Unreconciled Petty Cash Expenses,ad,6,- Orleans,
,Unreported Collection Loss,bd,2,"Yonnic - (Dallas, TX) - Legacy Lofts",
,Untransferred Utilities Fee,oi,9,"Guillermo - (Lubbock, TX) - Lubbock Square Apartments",1xro
,Untrasferred Utilities Fee,oi,2,"Guillermo - (Houston, TX) - Pines at Woodcreek",
,Up Front Concessions,nr,2,"Danny - (OKC, OK) - The Teagen",
,Upgrade Premium,ll,2,"Emilio - (Houston, TX) - Las Palmas",
,Ut5800100   Electricity,e,2,"Chris - (Alvin, TX) - Oak Park Village",
,Utilites,w,2,"Yonnic - (Lawton, OK) - Oak Lawn",
,Utilities,w,49,"Trey - (Cedar Hills, TX) - 312 Hickerson St",3xo; 1xe
,Utilities - Common Area,e,6,"Yonnic - (Fort Worth, TX) - Tides on Westcreek",1xo
,Utilities - Electric,e,8,"Dylan - (Fort Worth, TX) - Mesa Vista",1xro
,Utilities-Electricity,e,21,"Bryce - (Denton, TX) - The Cluster Apartments",
,Utilities: Garbage / Recycling,tr,2,"Emilio - (Dallas, TX) - 4625 Virginia Ave",
,Utilities - Gas,o,20,"David - (Greenville, TX) - Kingridge",
,Utilities INCOME,ro,2,"Emilio - (Dallas, TX) - Bella Vista Sol",
,Utilities Income- RUBS,rw,2,"3- (Houston, TX) - 2801 Carrolton Apartments",
,Utilities - Other,o,12,"Will - (Kansas City, MO) - Province of Briarcliff",3xw
,Utilities Other/ Sales Tax,o,4,"Dylan - (Denton, TX) - 1105 & 1109 Sleepy Hollow",
,Utilities - Other/Misc,o,4,"Will - (Overland Park, KS) - 87th Street Apartments",
,Utilities-Sewer,w,8,"Bryce - (Denton, TX) - The Cluster Apartments",
,Utilities - Telephone/Internet,ad,1,"Chris - (Webster, TX) - The Townhomes on Three",recoded from 'e' (house rule: telephone/answering -> ad)
,Utilities - Trash,tr,20,"Dylan - (Fort Worth, TX) - Mesa Vista",1xrt
,Utilities - Trash Furniture Removal,tr,2,"Danny - (OKC, OK) - The Teagen",
,Utilities - Trash Removal,tr,7,"Yonnic - (Fort Worth, TX) - Tides on Westcreek",
,Utilities - Utility Billing,w,1,"Chris - (Webster, TX) - The Townhomes on Three",
,Utilities - Utility Billing Service,o,6,"Yonnic - (Fort Worth, TX) - Tides on Westcreek",1xw
,UTILITIES - VACANT,e,2,"Paul - (Garland, TX) - Vista Isle",
,Utilities - Vacant Electric,e,1,"Chris - (Webster, TX) - The Townhomes on Three",
,Utilities - Vacants,e,6,"Yonnic - (Fort Worth, TX) - Tides on Westcreek",
,Utilities - Valet Trash Service,tr,6,"Yonnic - (Fort Worth, TX) - Tides on Westcreek",
,Utilities-Water,w,24,"Bryce - (Denton, TX) - The Cluster Apartments",
,Utilities: Water / Drainage,w,2,"Emilio - (Dallas, TX) - 4625 Virginia Ave",
,UTILITIES - WATER/SEWAGE,w,2,"Paul - (Garland, TX) - Vista Isle",
,Utilities - Water/Sewer,w,3,"David - (Greenville, TX) - Kingridge",
,Utility Admin,oi,4,"Emilio - (Dallas, TX) - Bella Vista Pointe",
,Utility Admin Fee,rw,2,"Jon - (Richardson, TX) - Winding Way",
,Utility Admin Fee Income,ro,2,"David - (Odessa, TX) - East 12th Townhomes",
,Utility Admin Fees,ro,2,"Danny - (Dallas, TX) - The Link",
,Utility Administration Fee,rw,2,"David - (Kingsville, TX) - SG Apartments","recoded from 'oi' (standardized to majority ({'oi': 2, 'ro': 2, 'rw': 26}))"
,Utility Allocation Billing Fees,o,2,"Emilio - (Dallas, TX) - Tribeca & 2106 Bennett",
,Utility Allocations,w,2,"Jon - (Richardson, TX) - Winding Way",
,Utility Bill Back,rw,2,"Yonnic - (Lawton, OK) - Oak Lawn",
,Utility Billback - Electricity,ro,2,"Paul - (Haltom City, TX) - Woods of Haltom City",
,Utility Billback - Gas,ro,2,"Paul - (Haltom City, TX) - Woods of Haltom City",
,Utility Billback Income-O,rw,2,"Jon - (Lewisville, TX) - Vistas on the Park",
,Utility Billback - Trash,rt,2,"Paul - (Haltom City, TX) - Woods of Haltom City",
,Utility Billback - Water,rw,2,"Paul - (Haltom City, TX) - Woods of Haltom City",
,Utility Billing Fee,o,45,"Emilio - (Houston, TX) - Las Palmas",7xro; 2xoi; 2xrw; 1xrm; 1xw
,Utility Billing Fee Expense,o,3,"Yonnic - (Bryan, TX) - Retreat at 2818",
,Utility Billing Fees,o,11,"Guillermo - (Lubbock, TX) - Lubbock Square Apartments",
,Utility Billing Service,ad,8,"Danny - (Weatherford, TX) - Lone Oak",1xcs; 1xo
,Utility Charge,oi,2,"Greg - (Fort Worth, TX) - 1605 5th Ave",
,Utility Charge Back,rw,2,"Jon - (Waco, TX) - Creole Apartments",
,Utility Chargeback Fee,rw,8,"Danny - (Weatherford, TX) - Lone Oak",1xro; 1xoi
,Utility Collections Income,ro,4,"Greg - (Dallas, TX) - The Carolina",
,Utility Consulting,ad,2,"Danny - (Dallas, TX) - The Link",
,Utility Convenience Fee,oi,6,"Will - (Overland Park, KS) - 87th Street Apartments",1xro; 1xrw
,Utility Cost,w,2,"Dylan - (Greenville, TX) - Parkview Apartments",
,Utility: Electric,ro,4,"Greg - (Dallas, TX) - The Carolina",
,Utility- Electric Income,ro,2,"David - (Universal City, TX) - Falcon Apartments",
,Utility - Electricity (Bills For All Vacant Units),e,2,"Danny - (Oklahoma City, OK) - The Brickson",
,Utility - Electricity (House Accounts),e,2,"Danny - (Oklahoma City, OK) - The Brickson",
,Utility Expense - Rental,w,2,"Jon - (Copperas Cove, TX) - The Bricks",
,Utility Expenses:CAM Electric,e,2,"Greg - (Fort Worth, TX) - 1605 5th Ave",
,Utility Expenses:CAM Garbage & Recycling,tr,2,"Greg - (Fort Worth, TX) - 1605 5th Ave",
,Utility Expenses:CAM Water,w,2,"Greg - (Fort Worth, TX) - 1605 5th Ave",
,Utility Expenses:Electricity,e,2,"Greg - (Fort Worth, TX) - 1605 5th Ave",
,Utility Expenses:Water,w,2,"Greg - (Fort Worth, TX) - 1605 5th Ave",
,Utility Fee,rw,2,"Emilio - (Dallas, TX) - Tribeca & 2106 Bennett",
,Utility: Gas,ro,4,"Greg - (Dallas, TX) - The Carolina",
,Utility - Gas Income,ro,2,"David - (Universal City, TX) - Falcon Apartments",
,Utility Income,rw,17,"David - (Temple, TX) - Asbury Park",3xro; 1xoi
,Utility Income - Electric,ro,2,"Guillermo - (Garland, TX) - Meadow Creek",
,Utility Income - Program Water / Sewer / Electric,ro,2,"Chris - (Dallas, TX) - HYA Live Oak Apartments",
,Utility Income - Sewer,rw,2,"Will - (Kansas City, MO) - Province of Briarcliff",
,Utility Income (Tenants),rw,2,"Dylan - (Greenville, TX) - Parkview Apartments",
,Utility Income - Trash,rt,2,"Will - (Kansas City, MO) - Province of Briarcliff",
,Utility Income - Vacant Electric,ro,2,"Will - (Kansas City, MO) - Province of Briarcliff",
,Utility Income - Water,rw,4,"Will - (Kansas City, MO) - Province of Briarcliff",
,Utility Income - Water / Sewer / Electric,rw,2,"Chris - (Dallas, TX) - HYA Live Oak Apartments",
,Utility Late Fee,o,5,"Yonnic - (Monroe, LA) - Seasons & Woodale",
,Utility Meter Reading,w,2,"Jon - (Lewisville, TX) - Vistas on the Park",
,Utility - Natural Gas,o,2,"Danny - (Oklahoma City, OK) - The Brickson",
,Utility: Other,ro,4,"Greg - (Dallas, TX) - The Carolina",
,Utility Pass Thru,ro,5,"Yonnic - (Monroe, LA) - Seasons & Woodale",
,Utility Pass Thru Trash,rt,5,"Yonnic - (Monroe, LA) - Seasons & Woodale",
,Utility Pass Thru Water,rw,5,"Yonnic - (Monroe, LA) - Seasons & Woodale",
,Utility-Pest,rw,2,"David - (Universal City, TX) - Falcon Apartments",
,Utility- Pest Income,ro,2,"David - (Universal City, TX) - Falcon Apartments",
,Utility Processing Expense,w,4,"Bryce - (Cleburne, TX) - Colonial",1xo
,Utility Processing Fee,o,10,"Jon - (Tulsa, OK) - Boulder Ridge",2xw
,Utility Rebill Service Fees,w,4,"Paul - (Killeen, TX) - Dorel Killeen",1xo
,Utility Rebill Services,o,2,"Danny - (Manor, TX) - Flats at Shadowglen",
,Utility Reimb Income,oi,2,"Guillermo - (Yukon, OK) - Yukon Heights",
,Utility Reimbursement,rw,8,"Yonnic - (San Antonio, TX) - Seraphina Castle Hills","recoded from 'ro' (standardized to majority ({'ro': 10, 'rw': 17}))"
,Utility Reimbursement-Electric,ro,4,"Will - (Overland Park, KS) - 87th Street Apartments",
,Utility Reimbursement Fee,ro,8,"Dylan - (College Station, TX) - Park Place",2xrw
,Utility Reimbursement-Gas,ro,2,"Yonnic - (Dallas, TX) - Legacy Lofts",
,Utility Reimbursement Income,oi,4,"Trey - (Cedar Hills, TX) - 312 Hickerson St",1xrw
,Utility Reimbursement-Misc,ro,2,"Yonnic - (Dallas, TX) - Legacy Lofts",
,Utility Reimbursement - Sewer,rw,2,"Danny - (Dallas, TX) - The Link",
,Utility Reimbursement-Trash,rt,4,"Will - (Overland Park, KS) - 87th Street Apartments",
,Utility Reimbursement-Water/Sewer,rw,4,"Will - (Overland Park, KS) - 87th Street Apartments",
,Utility Reimbursements,rw,2,"Chris - (San Antonio, TX) - Sunset Heights",
,Utility Revenue Share,ro,2,"Paul - (Lubbock, TX) - Dimora Village",
,Utility RUBS,rw,2,"Danny - (Amarillo, TX) - Westhaven Duplexes",
,Utility Service Admin Fee,mf,2,"Chase - (Shawnee, OK) - Villa Chateau",
,Utility Service Fee,o,2,"Danny - (Manor, TX) - Flats at Shadowglen",
,Utility Set Up,oi,2,"Yonnic - (Dallas, TX) - Legacy Lofts",
,Utility Set Up / Admin Fee,ro,2,"Paul - (Killeen, TX) - Dorel Killeen",
,Utility Setup Fee,oi,2,"David - (Kingsville, TX) - SG Apartments",
,Utility - Trash,rt,2,"David - (Universal City, TX) - Falcon Apartments",
,Utility-Trash Income,rt,2,"David - (Universal City, TX) - Falcon Apartments",
,Utility - Utility Billing Cost (Rubs Expenses),o,2,"Danny - (Oklahoma City, OK) - The Brickson",
,Utility - Utility Expenses,e,2,"Danny - (Oklahoma City, OK) - The Brickson",
,Utility: Water And Sewer,rw,4,"Greg - (Dallas, TX) - The Carolina",
,Utility Water Charge,rw,2,"Jon - (DeSoto, TX) - Canyon Oaks",
,Utility- Water Income,rw,2,"David - (Universal City, TX) - Falcon Apartments",
,Utility - Water & Sewer,w,2,"Danny - (Oklahoma City, OK) - The Brickson",
,Vacancies,v,2,"Guillermo - (Yukon, OK) - Yukon Heights",
,Vacancy-Admin,nr,2,"Danny - (Manor, TX) - Flats at Shadowglen",
,Vacancy - Down Units,nr,2,"Yonnic - (Dallas, TX) - Legacy Lofts","recoded from 'v' (standardized to majority ({'v': 2, 'nr': 5}))"
,Vacancy - Employee Units,nr,2,"Yonnic - (Dallas, TX) - Legacy Lofts",
,Vacancy Loss,v,86,"Emilio - (Houston, TX) - Las Palmas",1xnr
,Vacancy Loss - Admin. Units,nr,2,"David - (Kingsville, TX) - SG Apartments",
,Vacancy Loss - Commercial,v,2,"Paul - (Killeen, TX) - Dorel Killeen",recoded from 'oi' (vacancy loss -> v)
,Vacancy-Model,v,2,"Danny - (Manor, TX) - Flats at Shadowglen",
,Vacancy - Model Units,nr,2,"Yonnic - (Dallas, TX) - Legacy Lofts",
,Vacancy - Office/Maintenance,nr,2,"Yonnic - (Dallas, TX) - Legacy Lofts",
,Vacancy Residential,v,2,"Dylan - (Lubbock, TX) - Crest at Cooper",
,Vacant Electric,e,4,"Jon - (Lewisville, TX) - Vistas on the Park",
,Vacant Electric Expense,e,2,"Emilio - (Dallas, TX) - Bella Vista Pointe",
,Vacant Electric Utlity,e,6,"Trey - (Duncanville, TX) - Sunset Villa",
,Vacant Electricity,ro,2,"Guillermo - (Hurst, TX) - Point on Calloway",
,Vacant Service Fee,oi,2,"Guillermo - (Hurst, TX) - Point on Calloway",
,Vacant Utilities,e,2,"Danny - (Manor, TX) - Flats at Shadowglen",
,Valet Trash,rt,6,"Chris - (Dallas, TX) - HYA Live Oak Apartments",
,Valet Trash Collection,tr,2,"Paul - (Katy, TX) - Everson",
,Valet Trash Contract,tr,2,"Danny - (Manor, TX) - Flats at Shadowglen",
,Valet Trash Fee,rt,4,"Danny - (Weatherford, TX) - Lone Oak",
,Valet Trash Income,rt,6,"Danny - (Manor, TX) - Flats at Shadowglen",1xoi
,Valet Trash Service,tr,6,"Chris - (Dallas, TX) - HYA Live Oak Apartments",
,Valet Trash Service Income,rt,2,"David - (Odessa, TX) - East 12th Townhomes",
,Valet Waste Income,rt,2,"Guillermo - (Houston, TX) - Pines at Woodcreek",
,Vcr-Vacant Electric Billing,e,4,"Greg - (Arlington, TX) - Stadium West",
,Vehicle Maintenance,rm,5,"Yonnic - (Monroe, LA) - Seasons & Woodale",1xad
,Vending Collection Income,oi,2,"Trey - (Duncanville, TX) - Sunset Villa",
,Vending Income,oi,14,"Emilio - (Houston, TX) - Las Palmas",
,Vending Machine Income,oi,3,"Yonnic - (Monroe, LA) - Seasons & Woodale",
,Vendor Discounts,mf,2,"Chase - (Shawnee, OK) - Villa Chateau",
,Vendor Late Fee,ad,2,"Jon - (Lewisville, TX) - Vistas on the Park",
,Vendor Markups/ Discounts,ad,2,"Emilio - (Sherman, TX) - Concord Village",
,Vendor Rebate/Credit,oi,1,"Chris - (Webster, TX) - The Townhomes on Three",
,Vendor Rebates,oi,4,"Paul - (Killeen, TX) - Dorel Killeen",
,Vendor Referral/Rebate Income,oi,5,"Yonnic - (Monroe, LA) - Seasons & Woodale",
,Village East Laundry,oi,2,"Emilio - (Wylie, TX) - Village East",
,Vinyl Repairs,rm,2,"Trey - (Garland, TX) - Hills of Palos Verde",
,Violation Fee,oi,2,"Guillermo - (Hurst, TX) - Point on Calloway",
,Violation Fees,oi,4,"Dylan - (Fort Worth, TX) - The Stella",
,Violations,oi,10,"Emilio - (Houston, TX) - Las Palmas",
,Virtual Office,ad,2,"Jon - (Dallas, TX) - 615 N Marsalis Ave",
,Vision Insurance,pr,4,"Guillermo - (Yukon, OK) - Yukon Heights",
,Visual And Creative Services,m,6,"Yonnic - (San Antonio, TX) - Seraphina Castle Hills",
,WAGE RELATED,pr,2,"Yonnic - (Fort Worth, TX) - Polo Club",
,Wages,pr,15,"Yonnic - (Bryan, TX) - Retreat at 2818",
,"Wages, Salary -",pr,2,"Chase - (Corsicana, TX) - Oak Lawn",
,"Wages, Salary - Maintenance",pr,2,"Chase - (Corsicana, TX) - Oak Lawn",
,"Wages, Salary - Manager",pr,4,"Chase - (Corsicana, TX) - Oak Lawn",
,Waived Nsf Fee Income,oi,3,"Guillermo - (Lubbock, TX) - Lubbock Square Apartments",
,Waiver Fees,oi,2,"Trey - (Garland, TX) - Hills of Palos Verde",
,Wall & Ceiling Repairs,rm,2,"Guillermo - (Yukon, OK) - Yukon Heights",
,Wall/Sheetrock Repairs,rm,2,"Guillermo - (Temple, TX) - Greenbrier Park Apartments",
,Walls/Sheetrock,rm,2,"Danny - (Manor, TX) - Flats at Shadowglen",
,Washer / Dryer Rental Contract,cs,2,"Paul - (Killeen, TX) - Dorel Killeen",
,Washer / Dryer Rental Income,oi,2,"Paul - (Killeen, TX) - Dorel Killeen",
,Washer and Dryer Property Rental Fe,cs,2,"Guillermo - (Allen, TX) - 301 Greenville",
,Washer and Dryer Rental,oi,2,"Guillermo - (Allen, TX) - 301 Greenville",
,Washer and Dryer Rental - Full Size,oi,2,"Guillermo - (Allen, TX) - 301 Greenville",
,Washer Dryer Collection Income,oi,2,"Emilio - (Dallas, TX) - Tribeca & 2106 Bennett",
,Washer-Dryer Fee,oi,2,"Paul - (Lubbock, TX) - Dimora Village",
,Washer Dryer Rent,oi,3,"Yonnic - (Monroe, LA) - Seasons & Woodale",
,Washer-Dryer Rental,cs,4,"Paul - (Lubbock, TX) - Dimora Village",1xoi
,Washer Dryer Rental Fee,oi,2,"Guillermo - (Garland, TX) - Meadow Creek",
,Washer/Dryer,oi,2,"Danny - (OKC, OK) - The Teagen",
,Washer/Dryer Fees,cs,3,"Yonnic - (Bryan, TX) - Retreat at 2818",
,Washer/Dryer Rent,oi,2,"Trey - (Garland, TX) - Hills of Palos Verde",
,Washer/Dryer Rental,oi,5,"Yonnic - (Bryan, TX) - Retreat at 2818",
,Washer/Dryer Rental INCOME,oi,2,"Emilio - (Dallas, TX) - Bella Vista Pointe",
,Waste,tr,8,"Emilio - (San Antonio, TX) - Winkle Courts Apts",
,Waste Removal,tr,2,"Dylan - (Fort Worth, TX) - Mesa Vista",
,Water,w,120,"Danny - (Manor, TX) - Flats at Shadowglen",3xrw
,Water / Sewer,w,6,"Danny - (Manor, TX) - Flats at Shadowglen",
,Water / Sewer Rebill-Parkmerced (Do Not Use),w,2,"Bryce - (San Antonio, TX) - Stone Chase",
,Water / Sewer Reimbursement,rw,2,"Bryce - (Arlington, TX) - Timberlake Villas",
,Water / Sewer - Submeter Read,w,2,"Bryce - (Arlington, TX) - Timberlake Villas",
,Water Admin Fee,rw,2,"Danny - (Weatherford, TX) - Lone Oak",
,Water-All Bills Paid,w,4,"Guillermo - (Lubbock, TX) - Cottage Point",
,Water And Sewer,w,21,"David - (Temple, TX) - Asbury Park",
,Water And Sewer Expense,w,2,"Danny - (Dallas, TX) - The Link",
,Water and Sewer expense/Billing Svc Fee,w,4,"Emilio - (Dallas, TX) - Bella Vista Pointe",
,Water And Sewer - Public Service Meter,w,4,"Will - (Overland Park, KS) - 87th Street Apartments",
,Water Backflow Testing And Repair,rm,2,"Danny - (Houston, TX) - Ivy at the Galleria",
,Water Bill Service,w,2,"Chris - (Dallas, TX) - HYA Live Oak Apartments",
,Water - Bissonnet,w,2,"Guillermo - (Houston, TX) - Houston Westlake Village",
,Water Charge,rw,2,"Emilio - (San Antonio, TX) - Contessa Townhomes",
,"Water,Coffee,Tea & Pop",ad,2,"Guillermo - (Yukon, OK) - Yukon Heights",
,Water Damage - Extractions,rm,2,"Danny - (Dallas, TX) - The Link",
,Water Extraction,rm,2,"Guillermo - (Temple, TX) - Greenbrier Park Apartments",
,Water Fees,rw,2,"Guillermo - (Temple, TX) - Greenbrier Park Apartments",
,Water Heater,rm,2,"Danny - (Manor, TX) - Flats at Shadowglen",
,Water Heater Repairs/Supplies,rm,2,"Trey - (Garland, TX) - Hills of Palos Verde",
,Water Income,rw,25,"David - (Odessa, TX) - East 12th Townhomes",
,Water - Irrigation,w,6,"Paul - (Killeen, TX) - Dorel Killeen",
,Water - Kings Gate,w,2,"Guillermo - (Houston, TX) - Houston Westlake Village",
,Water Master/House Meter,w,4,"Dylan - (Fort Worth, TX) - The Stella",
,Water Occupied Income,rw,2,"Danny - (Dallas, TX) - The Link",
,Water (Only),w,4,"Yonnic - (San Antonio, TX) - Seraphina Castle Hills",
,Water Recoverable,rw,2,"Jon - (Lewisville, TX) - Vistas on the Park",
,Water Reimb,rw,4,"David - (Commerce, TX) - Mayo Townhomes",
,Water Reimbursements,rw,8,"Danny - (Weatherford, TX) - Lone Oak",1xoi
,Water & Sanitation,w,10,"Bryce - (Haltom City, TX) -  Loraine Place",
,Water Set Up Fee,rw,2,"Dylan - (Houston, TX) - Park at Vittoria",
,Water & Sewage,w,2,"Dylan - (Fort Worth, TX) - Bonnie Royal",
,Water & Sewer,w,43,"Yonnic - (Monroe, LA) - Seasons & Woodale",
,Water & Sewer 1st,w,2,"David - (Kingsville, TX) - SG Apartments",
,Water & Sewer - Common Usage,w,2,"Guillermo - (Lubbock, TX) - Cottage Point",
,Water & Sewer Revenue,rw,2,"Jon - (Richardson, TX) - Winding Way",
,Water & Sewer- Utilities,w,2,"Dylan - (Houston, TX) - Residences at Med",
,Water & Sewer Utility,rw,6,"Emilio - (Dallas, TX) - Tribeca & 2106 Bennett",
,Water & Trash Income,rt,2,"Jon - (DeSoto, TX) - Canyon Oaks",
,Water Treatment,cs,4,"Guillermo - (Dallas, TX) - Pearl at Midtown",1xw
,Water Treatment - Chilled Water,w,2,"Guillermo - (Baton Rouge, LA) - Terraces at Perkins Rowe",
,Water Utility Reimbursements,oi,2,"Guillermo - (Lubbock, TX) - Cottage Point",
,Water & Wastewater,w,9,"Guillermo - (Lubbock, TX) - Lubbock Square Apartments",
,Water/ Sewer - Rubs,rw,2,"Trey - (Garland, TX) - Hills of Palos Verde",
,water/sewer 2nd,w,2,"David - (Kingsville, TX) - SG Apartments",
,Water/Sewer Etc.,rw,2,"Dylan - (Houston, TX) - Park at Vittoria",
,Water/Sewer Line Repairs,rm,4,"Guillermo - (Houston, TX) - Pines at Woodcreek",
,Water/Sewer Rebill,rw,6,"Yonnic - (San Antonio, TX) - Seraphina Castle Hills",1xoi
,Water/Sewer Reimbursements,rw,4,"Greg - (Arlington, TX) - Stadium West",
,Water/Sewer Rubs Income,rw,2,"Paul - (Dallas, TX) - Hampton Road Duplexes",
,Water/Sewer Utility Income,rw,2,"Dylan - (Lubbock, TX) - Crest at Cooper",
,Water/Sewer/ Trash,w,2,"Emilio - (Sherman, TX) - Concord Village",
,Water/Sewer/Garbage,w,2,"Angel - (Granbury, TX) - The Woods",
,Water/Sewer/Storm Water,oi,2,"Trey - (Dallas, TX) - Ascent at Midtown",
,Water/Sewer/Trash,rw,4,David - (Carrollton) - Marbella Villas at Indian Creek,1xw
,Water/Trash,rw,2,"Chase - (Shawnee, OK) - Villa Chateau",
,WATER/UTILITY REIMBURSEMENTS,oi,2,"Paul - (Garland, TX) - Vista Isle",
,Web Domain & Email,ad,2,"Danny - (Oklahoma City, OK) - The Brickson",
,Web Site,m,2,"Dylan - (Fort Worth, TX) - Bonnie Royal",
,Website,m,21,"Emilio - (Houston, TX) - Las Palmas",1xrm
,Website Creation/Maintenance,ad,2,"Will - (Overland Park, KS) - 87th Street Apartments",
,Website Design,m,2,"Emilio - (Garland, TX) - Orchard Hills",
,Website Hosting,m,4,"Guillermo - (Lubbock, TX) - Cottage Point",
,Website Legal Compliance,m,2,"Will - (Kansas City, MO) - Province of Briarcliff",
,Website Management,m,2,"Danny - (Manor, TX) - Flats at Shadowglen",
,Website/Internet Listings & Ads,m,4,"Emilio - (Dallas, TX) - Bella Vista Pointe",
,Wifi & Internet Services,cs,6,"Jon - (Tulsa, OK) - Boulder Ridge",1xo
,Wind Buy Down,i,2,"Jon - (Lewisville, TX) - Vistas on the Park",
,Window / Screen / Glass Repair,rm,6,"Yonnic - (San Antonio, TX) - Seraphina Castle Hills",
,Window Covering Repair,rm,2,"Danny - (Manor, TX) - Flats at Shadowglen",
,Window Coverings,rm,4,"David - (Temple, TX) - Asbury Park",
,Window Coverings Repair/Repl,rm,2,"Danny - (Manor, TX) - Flats at Shadowglen",
,Window Coverings/Miniblinds,rm,4,"Guillermo - (Lubbock, TX) - Cottage Point",
,Window Dressing/Treatment R&M,rm,2,"David - (Odessa, TX) - East 12th Townhomes",
,Window Repair/Replacement Exp,rm,4,"Will - (Overland Park, KS) - 87th Street Apartments",
,Window Repairs,rm,3,"Yonnic - (Bryan, TX) - Retreat at 2818",
,Window Replacement,rm,2,"Jackson - (Pilot Knob, MO) - Countryside Apartments",
,Window'S,rm,2,"David - (Temple, TX) - Asbury Park",
,Window Screen Replacement,rm,2,"Emilio - (Houston, TX) - Walnut Creek",
,Windows,rm,4,"Will - (Kansas City, MO) - Province of Briarcliff",
,Windows And Doors,rm,2,"Dylan - (Fort Worth, TX) - The Stella",
,Windows & Doors,rm,2,"Danny - (Oklahoma City, OK) - The Brickson",
,"Windows, Doors & Glass",rm,2,"Guillermo - (Temple, TX) - Greenbrier Park Apartments",
,"Windows, Doors, & Glass Repairs",rm,2,"Guillermo - (Temple, TX) - Greenbrier Park Apartments",
,Windows & Glass,rm,2,"Guillermo - (Lubbock, TX) - Cottage Point",
,"Windows, Screens Cleaning & Repair",rm,2,"Guillermo - (Yukon, OK) - Yukon Heights",
,Windows-Screens-Storm Window,rm,2,"Dylan - (Houston, TX) - Park at Vittoria",
,Windows/Doors,rm,4,"Trey - (Duncanville, TX) - Sunset Villa",
,Windows/Glass,rm,2,"Jon - (Lewisville, TX) - Vistas on the Park",
,Windows/Window Screen,rm,2,"Dylan - (Fort Worth, TX) - Bonnie Royal",
,Work Comp Insurance,pr,5,"Yonnic - (Monroe, LA) - Seasons & Woodale",
,Work truck:,rm,2,"Danny - (OKC, OK) - The Hudson",
,Worker'S Comp Insurance,pr,6,"Guillermo - (Yukon, OK) - Yukon Heights",
,Worker'S Comp Insurance Premium,pr,2,"Danny - (Dallas, TX) - The Link",
,Worker's Compensation,pr,25,"Emilio - (Houston, TX) - Las Palmas",
,Worker Wages - TX,pr,2,"Dylan - (College Station, TX) - Park Place",
,Workers Comp,pr,6,- Orleans,
,Workers Comp - Admin.,pr,2,"Danny - (Manor, TX) - Flats at Shadowglen",
,Workers Comp - Administrative,pr,2,"Danny - (Manor, TX) - Flats at Shadowglen",
,Workers' Comp Insurance,pr,2,"David - (Odessa, TX) - East 12th Townhomes",
,Workers Comp - Maintenance,pr,2,"Danny - (Manor, TX) - Flats at Shadowglen",
,Workers Compensation,pr,8,"Trey - (Duncanville, TX) - Sunset Villa",
,Workers' Compensation Ins,pr,2,"Dylan - (Houston, TX) - Park at Vittoria",
,Workers Compensation Insurance,pr,8,"Will - (Overland Park, KS) - 87th Street Apartments",
,Workmans Comp Insurance,pr,12,"Jon - (Tulsa, OK) - Boulder Ridge",
,Workmens Compensation,pr,4,"Dylan - (Fort Worth, TX) - The Stella",
,Workplace Safety Supplies,rm,4,"Guillermo - (Houston, TX) - Pines at Woodcreek",
,Writ Of Possession,rm,2,"Jon - (Waco, TX) - Creole Apartments",
,- Write-Off,bd,2,"Dylan - (Houston, TX) - Park at Vittoria",
,Write Off Rent Recovery,bd,2,"Danny - (Manor, TX) - Flats at Shadowglen",
,Write Off'S,bd,2,"Danny - (Oklahoma City, OK) - The Brickson",
,Write-offs,bd,4,"David - (Universal City, TX) - Falcon Apartments",
,Write Offs Collection Loss,bd,4,"Dylan - (Fort Worth, TX) - The Stella",1xoi
,WRITE OFFS-OTHER,bd,2,"Paul - (Garland, TX) - Vista Isle",
,WRITE OFFS-RENT,bd,2,"Paul - (Garland, TX) - Vista Isle",
,Yard Services - Bi-weekly,cs,2,"Paul - (Denton, TX) - Maple Tree Townhomes",
,Yardi Software Access Fees,ad,4,"Will - (Overland Park, KS) - 87th Street Apartments",
,Zillow,m,8,"Will - (Kansas City, MO) - Province of Briarcliff",
01000,01000 - Cobtand Supplies : Marketing arena&,m,2,"Danny - (Dallas, TX) - Magnolia on Gaston",
01020,01020 - Adveresirn - Internet,m,2,"Danny - (Dallas, TX) - Magnolia on Gaston",
03010,03010 - Binds,rm,2,"Danny - (Dallas, TX) - Magnolia on Gaston",
03120,03120 - Gate - Remcdas I Swipes 6 FOSS,rm,2,"Danny - (Dallas, TX) - Magnolia on Gaston",
03271,03271 - Bettenes,rm,2,"Danny - (Dallas, TX) - Magnolia on Gaston",
03345,03345 • Sheetock Repairs,rm,2,"Danny - (Dallas, TX) - Magnolia on Gaston",
03360,03360 - Tub Gluing,rm,2,"Danny - (Dallas, TX) - Magnolia on Gaston",
04070,04070 - Does 8. 50scrip6ord,ad,2,"Danny - (Dallas, TX) - Magnolia on Gaston",
04219,04219 - Ftesident Serices • Deposit entrance,ad,2,"Danny - (Dallas, TX) - Magnolia on Gaston",
07030.,07030. Properly Tame,tx,2,"Danny - (Dallas, TX) - Magnolia on Gaston",
08100,08100 - Maintenance Supervisor,pr,2,"Danny - (Dallas, TX) - Magnolia on Gaston",
1,1 Rent,r,2,"Bryce - (Arlington, TX) - Timberlake Villas",
1,1 Room Auxiliary Charge,rw,2,"David - (Kingsville, TX) - SG Apartments",
15000-,15000- Properly lAirrpement Fees,mf,2,"Danny - (Dallas, TX) - Magnolia on Gaston",
2,2 Loss to Lease,ll,2,"Bryce - (Arlington, TX) - Timberlake Villas",
2,2 Room Auxiliary Charge,rw,2,"David - (Kingsville, TX) - SG Apartments",
2025,2025 CAD,tx,2,"Guillermo - (Houston, TX) - Houston Westlake Village",
2025,2025 Taxes Paid,tx,2,"Guillermo - (Canyon, TX) - - Torres Evolution Canyon",
3,3 Carport,oi,2,"Bryce - (Arlington, TX) - Timberlake Villas",
31100,31100 · Other Income / Expenses,oi,2,"Jackson - (Whitehouse, TX)- The Villas at Hamilton Park",
3144,3144 Rub) 91009',rw,2,"Danny - (Dallas, TX) - Magnolia on Gaston",
33011,33011 - Leases Under Schedule,ll,15,"(Jacksonville, TX) - Pebble Brook",
33020,33020 - Vacancy Loss,v,15,"(Jacksonville, TX) - Pebble Brook",
33040,33040 - Bad Debt Loss,bd,15,"(Jacksonville, TX) - Pebble Brook",
33050,33050 - Discounts & Concessions,nr,15,"(Jacksonville, TX) - Pebble Brook",
33320,33320 - Parking,oi,15,"(Jacksonville, TX) - Pebble Brook",
33350,33350 - Cable Tv & Internet,ro,15,"(Jacksonville, TX) - Pebble Brook",
33420,33420 - Interest Income,oi,6,"(Marshall, TX) - Harvest Creek",
33430,33430 - Deposit Forfeitures,oi,15,"(Jacksonville, TX) - Pebble Brook",
33490,33490 - Laundry Revenue,oi,6,"(Jacksonville, TX) - Pebble Brook",
33590,33590 - Application Fees,oi,15,"(Jacksonville, TX) - Pebble Brook",
33600,33600 - Non-Refundable Pet Fees,oi,15,"(Jacksonville, TX) - Pebble Brook",
33610,33610 - Late & Nsf Charges,oi,15,"(Jacksonville, TX) - Pebble Brook",
33680,33680 - Deposit Waiver Fee,oi,3,"(Athens, TX) - Deer Park",
33750,33750 - Misc Tenant Charges,oi,15,"(Jacksonville, TX) - Pebble Brook",
33760,33760 - Corporate Rentals,oi,3,"(Wichita Falls, TX) - Brook Hollow",
33810,33810 - Electric Reimbursements,ro,3,"(Marshall, TX) - Harvest Creek",
33820,33820 - Water Sewer Reimbursements,rw,3,"(Marshall, TX) - Harvest Creek",
33840,33840 - Pest Control Reimbursements,ro,3,"(Marshall, TX) - Harvest Creek",
33850,33850 - Trash Reimbursements,rt,3,"(Marshall, TX) - Harvest Creek",
3910.0000,3910.0000 - Discounts,nr,2,"Bryce - (Houston, TX) - Fairfield Cove",
4,4 Storage Space Rental,oi,2,"Bryce - (Arlington, TX) - Timberlake Villas",
4000,4000 Net Rental Income - Other,oi,4,"Greg - (Garland, TX) - Gardens on Walnut",1xr
4000-000,4000-000 Base Unit Rent,r,2,"Danny - (Tulsa, OK) - Metro Plex",
4000-001,4000-001 - Gross Potential Rent,r,4,"Dylan - (Fort Worth, TX) - Trail Lakes",
4000-002,4000-002 - (Loss) / Gain To Lease,ll,4,"Dylan - (Fort Worth, TX) - Trail Lakes",
4000-003,4000-003 - Bad Debt / Write-Off Uncollectible Rent,bd,4,"Dylan - (Fort Worth, TX) - Trail Lakes",
4000-004,4000-004 - Concession,nr,4,"Dylan - (Fort Worth, TX) - Trail Lakes",
4000-006,4000-006 - Employee Unit Rent Allowance,nr,2,"Chris - (Hurst, TX) - Arbor Park",
4000-007,4000-007 - Resident / Leasing Referral,nr,2,"Dylan - (Fort Worth, TX) - Trail Lakes",
4000-011,4000-011 - Vacancy Loss,v,4,"Dylan - (Fort Worth, TX) - Trail Lakes",
4000-014,4000-014 - Preferred Employer / Military Discount,nr,2,"Dylan - (Fort Worth, TX) - Trail Lakes",
40000,40000 · Gross Potential Rent,r,2,"Dylan - (College Station, TX)  - Quarters on Luther",
40000,40000 Market Rent,r,2,"Paul - (Fort Worth, TX) - Rio Apartments",
40001,40001 GROSS POTEN,r,2,"Danny - (Tulsa, OK) - Waterford",
40002,40002 GROSS RENTA,ll,2,"Danny - (Tulsa, OK) - Waterford",
40003,40003 LOSS TO PROM,ll,2,"Danny - (Tulsa, OK) - Waterford",
40004,40004 LOSS TO PROM,ll,2,"Danny - (Tulsa, OK) - Waterford",
40005,40005 NON-REVENUE,nr,2,"Danny - (Tulsa, OK) - Waterford",
40006,40006 LOSS TO VACA,v,2,"Danny - (Tulsa, OK) - Waterford",
40007,40007 GAIN/LOSS TO,ll,2,"Danny - (Tulsa, OK) - Waterford",
40008,40008 DELINQUENT R,bd,2,"Danny - (Tulsa, OK) - Waterford",
4001,4001 Market Rent,r,2,"Guillermo - (Canyon, TX) - - Torres Evolution Canyon",
4001.000,4001.000 - Gross Potential Rent,r,2,"Guillermo - (San Antonio, TX) - Lyra",
4001.000,4001.000 RENTAL INCOME - Other,oi,2,"Greg- (Arlington, TX) - Pine Ridge Apartments",
4001.0000,4001.0000 - Gross Potential Rent,r,18,"- (Longview, TX) - Highland Village",
4001.001,4001.001 Gross Potential Rent,r,3,"Jackson - (Balch Springs, TX) - Shepherd Lane Apartments",
4001.001,4001.001 Net Rental Income,r,2,"Yonnic - (Dallas, TX) - Casa de Arroyo",
4001.002,4001.002 Gross Potential Re,r,2,"Guillermo - (Hurst, TX) - Point on Calloway",
4001.002,4001.002 Gross Potential Rent,r,2,"Yonnic - (Dallas, TX) - Casa de Arroyo",
4001.002,4001.002 Subsidy Rent,r,3,"Jackson - (Balch Springs, TX) - Shepherd Lane Apartments",
4001.003,4001.003 (Loss) / Gain to Ol,ll,2,"Guillermo - (Hurst, TX) - Point on Calloway",
4001.003,4001.003 (Loss) / Gain to Old Lease,ll,5,"Yonnic - (Dallas, TX) - Casa de Arroyo",
4001.004,4001.004 Bad Debt / Write-,bd,2,"Guillermo - (Hurst, TX) - Point on Calloway",
4001.004,4001.004 Bad Debt / Write-Off Uncollectable Rent,bd,5,"Yonnic - (Dallas, TX) - Casa de Arroyo",
4001.005,4001.005 Delinquent Rent,bd,3,"Jackson - (Balch Springs, TX) - Shepherd Lane Apartments",
4001.005,4001.005 Rent Concessions,nr,4,"Yonnic - (Dallas, TX) - Casa de Arroyo",
4001.006,4001.006 Delinquencies,bd,4,"Yonnic - (Dallas, TX) - Casa de Arroyo",
4001.008,4001.008 Employee Unit Ren,nr,2,"Guillermo - (Hurst, TX) - Point on Calloway",
4001.009,4001.009 Resident Or Leasin,nr,2,"Guillermo - (Hurst, TX) - Point on Calloway",
4001.009,4001.009 Resident Or Leasing Referral,nr,2,"Yonnic - (Dallas, TX) - Casa de Arroyo",
4001.010,4001.010 Housing Rent Abat,nr,2,"Guillermo - (Hurst, TX) - Point on Calloway",
4001.011,4001.011 Prepaid Rent Adjustment,nr,2,"Yonnic - (Dallas, TX) - Casa de Arroyo",
4001.013,4001.013 Vacancy Loss,v,7,"Yonnic - (Dallas, TX) - Casa de Arroyo",
4001.014,4001.014 Vacancy Loss - Ad,v,2,"Guillermo - (Hurst, TX) - Point on Calloway",
4001.019,4001.019 Rent Concessions,nr,3,"Jackson - (Balch Springs, TX) - Shepherd Lane Apartments",
4001.021,4001.021 Rent Concessions - Utility Credit,nr,3,"Jackson - (Balch Springs, TX) - Shepherd Lane Apartments",
40010,40010 - Application Fee,oi,2,"Danny - (Dallas, TX) - Magnolia on Gaston",
40010,40010 UNCOLLECTAB,nr,2,"Danny - (Tulsa, OK) - Waterford",
4002,4002 Gross Potential Rent,r,5,"Yonnic - (San Antonio, TX) - The Kelly Apartments",
4002,4002 Market Rent,r,2,"Bryce - (DeSoto, TX) - Wooded Creek Apartments",
4002.000,4002.000 - Loss/Gain To Lease,ll,4,"Guillermo - (San Antonio, TX) - Lyra",
4002.0000,4002.0000 - Gain/Loss To Lease,ll,18,"- (Longview, TX) - Highland Village",
40020,40020 - Damages Charged to Residents,oi,2,"Danny - (Dallas, TX) - Magnolia on Gaston",
40023,40023 - Paid Reimbursement,oi,2,"Danny - (Dallas, TX) - Magnolia on Gaston",
4003,4003 Gain (Loss) To Lease,ll,5,"Yonnic - (San Antonio, TX) - The Kelly Apartments",
40030-,40030- 54/13 Termination Fee,oi,2,"Danny - (Dallas, TX) - Magnolia on Gaston",
4004,4004 - Rent,r,2,"Dylan - (Houston, TX) - Northbrooke",
4005,4005 (Loss) / Gain to Lease,ll,2,"Bryce - (DeSoto, TX) - Wooded Creek Apartments",
4005,4005 Market Rent,r,6,"Bryce - (OKC, OK) - 717 Ventura South",
4005,4005 Vacancy Loss,v,5,"Yonnic - (San Antonio, TX) - The Kelly Apartments",
4005.000,4005.000 - Market Rent,r,3,"Guillermo - (Moore, OK) - Southwinds Apartments",
40050,40050 Gain to Lease,ll,2,"Paul - (Fort Worth, TX) - Rio Apartments",
40057,40057 - AssetProteet,oi,2,"Danny - (Dallas, TX) - Magnolia on Gaston",
4006,4006 Concessions,nr,3,"Yonnic - (San Antonio, TX) - The Kelly Apartments",
4006,4006 - Loss/Gain To Lease,ll,2,"Bryce - (Addison, TX) - Jade Addison",
4006.000,4006.000 - Gain/Loss to Lease,ll,3,"Guillermo - (Moore, OK) - Southwinds Apartments",
40060,"40060 - Keys, Locks, Lock Changes",oi,2,"Danny - (Dallas, TX) - Magnolia on Gaston",
40070,40070 - Late Fees,oi,2,"Danny - (Dallas, TX) - Magnolia on Gaston",
4008,4008 Utility Set Up Fee-Recovery,rw,2,"Guillermo - (Canyon, TX) - - Torres Evolution Canyon",
4009,4009 Bad Debt/Write Off Uncollectable,bd,5,"Yonnic - (San Antonio, TX) - The Kelly Apartments",
401,401 K Match,pr,4,"Chris - (Baytown, TX) - Ranch at Rolling Brook",
401.00,401.00 Resident Fees (Rent),r,2,"Jon - (Dallas, TX) - Iris Memory Care of Turtle Creek",
401.10,401.10 Partial Resident Fees - Move-Ins,r,2,"Jon - (Dallas, TX) - Iris Memory Care of Turtle Creek",
401.20,401.20 Partial Resident Fees - Move-Outs,r,2,"Jon - (Dallas, TX) - Iris Memory Care of Turtle Creek",
4010,4010 Bad Debt Recovery,bd,5,"Yonnic - (San Antonio, TX) - The Kelly Apartments",
4010,4010   GROSS MARKET RENT,r,4,"Dylan - (Temple, TX) - Chappell Hill & Park at Chappell Hill",
4010,4010 Gross Potential R,r,4,"Yonnic - (Houston, TX) - Fall Lakes",
4010,4010 Gross Potential Rent,r,9,"Greg - (Houston, TX) - Hidden Park",
4010,4010 Market Rent,r,2,Guillermo - (Baton Rouge) - Eden Point,
4010,4010 Market Rental Income,r,5,"Dylan - (Fort Worth, TX) - Woods of Eastchase",
4010,4010 Rental Income- Current Month,r,2,"Jackson - (College Station, TX) - Anderson Point",
4010-0000,4010-0000 Market Rent,r,5,"Yonnic - (Austin, TX) - Alma North Plaza",
4010.000,4010.000 - Rent,r,2,"Guillermo - (Tulsa, OK ) - Waterside Apartments",
4010.0000,4010.0000 - Market Rent,r,4,"Bryce - (Houston, TX) - The Lofts at 3402",
4010.0002,4010.0002 - Concessions,nr,4,"Bryce - (Houston, TX) - The Lofts at 3402",
4010.0003,4010.0003 - Employee Apartments,nr,4,"Bryce - (Houston, TX) - The Lofts at 3402",
4010.0004,4010.0004 - Loss/Gain To Lease,ll,4,"Bryce - (Houston, TX) - The Lofts at 3402",
4010.0005,4010.0005 - Prepaid Rental Income,nr,4,"Bryce - (Houston, TX) - The Lofts at 3402",1xbd
4010.0009,4010.0009 - Write Off Loss,bd,4,"Bryce - (Houston, TX) - The Lofts at 3402","recoded from 'nr' (standardized to majority ({'nr': 4, 'bd': 6}))"
4010.0013,4010.0013 - One Time Concession,nr,2,"Bryce - (Houston, TX) - The Lofts at 3402",
40100,40100 · Less - Vacancies,v,2,"Dylan - (College Station, TX)  - Quarters on Luther",
40100,40100 Loss to Lease,ll,2,"Paul - (Fort Worth, TX) - Rio Apartments",
401001,401001 · Market-Gross Mkt Rent Potential,r,2,"Guillermo - (Lubbock, TX) - Thrive in Lubbock",
401003,401003 · Market - Gain/Loss to Lease,ll,2,"Guillermo - (Lubbock, TX) - Thrive in Lubbock",
401015,401015 · Vacancy Loss,v,2,"Guillermo - (Lubbock, TX) - Thrive in Lubbock",
401030,401030 · Recurring Concessions,nr,2,"Guillermo - (Lubbock, TX) - Thrive in Lubbock",
401042,401042 · Models,nr,2,"Guillermo - (Lubbock, TX) - Thrive in Lubbock",
401046,401046 · Employee Units,nr,2,"Guillermo - (Lubbock, TX) - Thrive in Lubbock",
401062,401062 · Bad Debt Recovery - Rent,bd,2,"Guillermo - (Lubbock, TX) - Thrive in Lubbock",
401093,401093 · Double Occupancy Fees,oi,2,"Guillermo - (Lubbock, TX) - Thrive in Lubbock",
401095,401095 · Furniture Rental Charges-Unit,oi,2,"Guillermo - (Lubbock, TX) - Thrive in Lubbock",
4011,4011 Market Rental Income - Other,r,2,"Dylan - (Arlington, TX) - Sweet Redemption",
4011,4011 Resident / Leasing Referral,nr,3,"Yonnic - (San Antonio, TX) - The Kelly Apartments",
4011-000,4011-000 Commerical Income - Additional Rent,oi,2,"Danny - (Tulsa, OK) - Metro Plex",
4011.000,4011.000 - Vacancy Loss,v,4,"Guillermo - (San Antonio, TX) - Lyra",
4011.0000,4011.0000 - Vacancy Loss,v,18,"- (Longview, TX) - Highland Village",
4011.100,4011.100 - Month To Month Rent,oi,4,"Guillermo - (San Antonio, TX) - Lyra",
40110,40110 · Less - Models,nr,2,"Dylan - (College Station, TX)  - Quarters on Luther",
401113,401113 · Pet Rent,oi,2,"Guillermo - (Lubbock, TX) - Thrive in Lubbock",
401122,401122 · Residential Parking,oi,2,"Guillermo - (Lubbock, TX) - Thrive in Lubbock",
401125,401125 · Short Term Lease Premium,oi,2,"Guillermo - (Lubbock, TX) - Thrive in Lubbock",
401130,401130 · Storage Income,oi,2,"Guillermo - (Lubbock, TX) - Thrive in Lubbock",
40115,40115 - Eviction Chaos / Legal Fees,oi,2,"Danny - (Dallas, TX) - Magnolia on Gaston",
401163,401163 · Less Bad Debt - Other,oi,2,"Guillermo - (Lubbock, TX) - Thrive in Lubbock",
4012,4012   LEASE RENT PREMIUM,ll,4,"Dylan - (Temple, TX) - Chappell Hill & Park at Chappell Hill",
40120,40120 · Less- Allowances & Concessions,nr,2,"Dylan - (College Station, TX)  - Quarters on Luther",
40120,40120 - Oter Referral Fees,oi,2,"Danny - (Dallas, TX) - Magnolia on Gaston",
4013.000,4013.000 - Employee Discounts,nr,2,"Guillermo - (Tulsa, OK ) - Waterside Apartments",
40130,40130 · Less- Bad Debt,bd,2,"Dylan - (College Station, TX)  - Quarters on Luther",
4014,4014 - Concession-Upfront,nr,2,"Bryce - (Addison, TX) - Jade Addison",
4014,4014 - Concessions - Upfront,nr,2,"Dylan - (Houston, TX) - Northbrooke",
4015,4015 - Courtesy Patrol Officer Discount,nr,2,"Dylan - (Houston, TX) - Northbrooke",
4015,4015 - Gain/Loss To Old Lease,ll,2,"Jon - (Waco, TX) - Red Oak Townhomes",
4015,4015   LESS: LOST TO LEASE,ll,4,"Dylan - (Temple, TX) - Chappell Hill & Park at Chappell Hill",
4015,4015 Subsidy Rent,r,5,"Dylan - (Fort Worth, TX) - Woods of Eastchase",
4016,4016 - Bad Debt | Write Off,bd,2,"Dylan - (Houston, TX) - Northbrooke",
4017,4017 - Bad Debt Write Offs,bd,2,"Bryce - (Addison, TX) - Jade Addison",
402.00,402.00 Community Fees,oi,2,"Jon - (Dallas, TX) - Iris Memory Care of Turtle Creek",
4020,4020 Gain/Loss To Lease,ll,7,"Dylan - (Fort Worth, TX) - Woods of Eastchase",
4020,4020   LESS: VACANCY,v,4,"Dylan - (Temple, TX) - Chappell Hill & Park at Chappell Hill",
4020,4020 Loss to Old Lease,ll,6,"Yonnic - (Houston, TX) - Fall Lakes",
4020,4020 Loss/Gain Lease,ll,9,"Bryce - (OKC, OK) - 717 Ventura South",
4020,4020 Loss/Gain To Lease,ll,4,"Jon - (San Antonio, TX) - Salado Creek Villas",
4020-0000,4020-0000 Loss/Gain to Lease,ll,5,"Yonnic - (Austin, TX) - Alma North Plaza",
4020.0000,4020.0000 - Concession-Special Promotion,nr,6,"- (Longview, TX) - Highland Village",
4021,4021 - Vacancy Loss,v,2,"Jon - (Waco, TX) - Red Oak Townhomes",
402103,402103 · Application Fee Income,oi,2,"Guillermo - (Lubbock, TX) - Thrive in Lubbock",
402104,402104 · Cleaning & Damage Fee Income,oi,2,"Guillermo - (Lubbock, TX) - Thrive in Lubbock",
402110,402110 · Gate Card Income,oi,2,"Guillermo - (Lubbock, TX) - Thrive in Lubbock",
402122,402122 · Late Fees,oi,2,"Guillermo - (Lubbock, TX) - Thrive in Lubbock",
402124,402124 · Lease Cancellation Fees,oi,2,"Guillermo - (Lubbock, TX) - Thrive in Lubbock",
402125,402125 · Legal Fees to Tenants,oi,2,"Guillermo - (Lubbock, TX) - Thrive in Lubbock",
402128,402128 · NSF Fees,oi,2,"Guillermo - (Lubbock, TX) - Thrive in Lubbock",
402131,402131 · Tenant Insurance,oi,2,"Guillermo - (Lubbock, TX) - Thrive in Lubbock",
402134,402134 · Transfer Fees,oi,2,"Guillermo - (Lubbock, TX) - Thrive in Lubbock",
402161,402161 · Miscellaneous Income,oi,2,"Guillermo - (Lubbock, TX) - Thrive in Lubbock",
4023,4023 - Bad Debt - Rent,bd,2,"Jon - (Waco, TX) - Red Oak Townhomes",
4024,4024 - Promotion/Concessions,nr,2,"Jon - (Waco, TX) - Red Oak Townhomes",
4025,4025 Subsidy Rent,r,2,"Jackson - (College Station, TX) - Anderson Point",
4025,4025 - Uncollectible Rent - Bad Debt,bd,2,"Jon - (Waco, TX) - Red Oak Townhomes",
4025.000,4025.000 - Staff Occupied,nr,3,"Guillermo - (Moore, OK) - Southwinds Apartments",
40250,40250 Vacancy Loss,v,2,"Paul - (Fort Worth, TX) - Rio Apartments",
403.00,403.00 Respite Care,oi,2,"Jon - (Dallas, TX) - Iris Memory Care of Turtle Creek",
4030,4030   LESS: CONCESSIONS,nr,4,"Dylan - (Temple, TX) - Chappell Hill & Park at Chappell Hill",
4030,4030 Vacancy Loss,v,5,"Dylan - (Fort Worth, TX) - Woods of Eastchase",
4031.000,4031.000 TRANSFER FEE,oi,2,"Greg- (Arlington, TX) - Pine Ridge Apartments",
4032,4032 Delinquency,bd,4,"Bryce - (OKC, OK) - 717 Ventura South",
40320,40320 Courtesy Officer Discount,nr,2,"Paul - (Fort Worth, TX) - Rio Apartments",
40340,40340 Down Units,nr,2,"Paul - (Fort Worth, TX) - Rio Apartments",
4035,4035 Bad Debt / Write-Off,bd,4,"Bryce - (OKC, OK) - 717 Ventura South",
4035,4035 Bad Debt / Write-Off U,bd,3,"Greg - (Houston, TX) - Encanto",
4035,4035 Bad Debt/Write-Off Uncollectable Rent,bd,4,"Jon - (San Antonio, TX) - Salado Creek Villas",
4035,4035 Delinquent Rent,bd,2,"Bryce - (Mineral Wells, TX) - The Dalton",
404.00,404.00 Addtl Care Fees - 2-Person Assist,oi,2,"Jon - (Dallas, TX) - Iris Memory Care of Turtle Creek",
4040,4040 Delinquent Rent,bd,2,"Dylan - (Arlington, TX) - Sweet Redemption",
4040,4040   LESS: MODEL,nr,4,"Dylan - (Temple, TX) - Chappell Hill & Park at Chappell Hill",
4040,4040 Vacancy Loss,v,13,"Bryce - (OKC, OK) - 717 Ventura South",
4040.000,4040.000 - One-Time Special Or Allowance,nr,4,"Guillermo - (San Antonio, TX) - Lyra",
40400,40400 · Application Fees,oi,2,"Dylan - (College Station, TX)  - Quarters on Luther",
40400,40400 One Time Rental Concession,nr,2,"Paul - (Fort Worth, TX) - Rio Apartments",
404005,404005 · Reimbursed Electricity Expense,ro,2,"Guillermo - (Lubbock, TX) - Thrive in Lubbock",
404025,404025 · Reimbursed Water/Sewer Expense,rw,2,"Guillermo - (Lubbock, TX) - Thrive in Lubbock",
404035,404035 · Reimb. Utility Rebill Svc Fees,ro,2,"Guillermo - (Lubbock, TX) - Thrive in Lubbock",
4041,4041 - Cleaning / Damages,oi,2,"Jon - (Waco, TX) - Red Oak Townhomes",
4043,4043 Concessions- One Time,nr,5,"Dylan - (Fort Worth, TX) - Woods of Eastchase",
4045,4045 Vacany Loss (Office/Model),nr,2,"Jackson - (College Station, TX) - Anderson Point",
4045.0000,4045.0000 - Recovery Of Bad Debt,bd,12,"- (Longview, TX) - Crestview",
40460,40460 · Convenience Fee,oi,2,"Dylan - (College Station, TX)  - Quarters on Luther",
4047,4047 Vacany Loss (Down),nr,2,"Jackson - (College Station, TX) - Anderson Point",
4050,4050 Concessions,nr,4,"Dylan - (Arlington, TX) - Sweet Redemption",
4050,4050   LESS: WRITEOFFS,bd,4,"Dylan - (Temple, TX) - Chappell Hill & Park at Chappell Hill",
405001,405001 - Royalties,oi,2,"Paul - (Fort Worth, TX) - Aden Crest",
405002,405002 - Tax Royalties,oi,2,"Paul - (Fort Worth, TX) - Aden Crest",
40510,40510 Bad Debt Write-Off,bd,2,"Paul - (Fort Worth, TX) - Rio Apartments",
40520,40520 · Damages Recovered,oi,2,"Dylan - (College Station, TX)  - Quarters on Luther",
4054,4054 Employee / Admin Credit,nr,2,"Jackson - (College Station, TX) - Anderson Point",
40540,40540 · Electricity Reimbursement,ro,2,"Dylan - (College Station, TX)  - Quarters on Luther",
4055,4055 Move in concession,nr,2,"Jon - (San Antonio, TX) - Salado Creek Villas",
40580,40580 · Keys/Locks/Gate Charges,oi,2,"Dylan - (College Station, TX)  - Quarters on Luther",
4060,4060 Concession or Move In,nr,3,"Greg - (Houston, TX) - Encanto",
4060,4060 Concession Or Move In Special,nr,6,"Bryce - (OKC, OK) - 717 Ventura South",
40600,40600 · Late Charges,oi,2,"Dylan - (College Station, TX)  - Quarters on Luther",
40605,40605 Bad Debt Recovered,bd,2,"Paul - (Fort Worth, TX) - Rio Apartments",
4061,4061 - Utility Reimbursements,rw,2,"Jon - (Waco, TX) - Red Oak Townhomes","recoded from 'oi' (standardized to majority ({'rw': 4, 'oi': 2, 'ro': 4}))"
40640,40640 · Miscellaneous Income,oi,2,"Dylan - (College Station, TX)  - Quarters on Luther",
4065,4065 Discount Given,nr,4,"Bryce - (OKC, OK) - 717 Ventura South",
40660,40660 · Pet / Admin Fees,oi,2,"Dylan - (College Station, TX)  - Quarters on Luther",
40715,40715 · Renters Insurance,oi,2,"Dylan - (College Station, TX)  - Quarters on Luther",
40730,40730 · Sublease Income,oi,2,"Dylan - (College Station, TX)  - Quarters on Luther",
40740,40740 · Short Term Lease Income,oi,2,"Dylan - (College Station, TX)  - Quarters on Luther",
4080,4080 Employee Allowances,nr,5,"Dylan - (Fort Worth, TX) - Woods of Eastchase",
4080,4080 Resident Or Leasing Re,nr,5,"Greg - (Houston, TX) - Hidden Park",
4081,4081 - Late Charges,oi,2,"Jon - (Waco, TX) - Red Oak Townhomes",
4090.000,4090.000 - Rent Allowance/Concession,nr,3,"Guillermo - (Moore, OK) - Southwinds Apartments",
4091,4091 - Nsf Charges,oi,2,"Jon - (Waco, TX) - Red Oak Townhomes",
4091.000,4091.000 - Bad Debt-Move Outs,bd,3,"Guillermo - (Moore, OK) - Southwinds Apartments",
4095,4095 Bad Debt Write-off,bd,1,"Jon - (Sherman, TX) - Northridge Villas",
4095,4095 Bad Debt Writeoff,bd,4,"Dylan - (Fort Worth, TX) - Woods of Eastchase",
4100,4100 - Market Rent,r,2,"Guillermo - (Lubbock, TX) - The Boulders at Lakeridge",
4100,4100 - Mtm Fee,oi,2,"Dylan - (Houston, TX) - Northbrooke",
4100,4100 OTHER INCOME - Other,oi,2,"Jackson - (College Station, TX) - Anderson Point",
4100,4100 · Rents Received,r,2,"David - (Canton, TX) - Canton Place",
4100,4100 Vacancy Loss,v,6,"Yonnic - (Houston, TX) - Fall Lakes",
4100-000,4100-000 Pet Fees,oi,2,"Danny - (Tulsa, OK) - Metro Plex",
4100-001,4100-001 - Electric Income,ro,4,"Dylan - (Fort Worth, TX) - Trail Lakes",
4100-002,4100-002 - Water Income,rw,4,"Dylan - (Fort Worth, TX) - Trail Lakes",
4100-004,4100-004 - Trash Income,rt,4,"Dylan - (Fort Worth, TX) - Trail Lakes",
4100-005,4100-005 - Valet Trash,rt,2,"Dylan - (Fort Worth, TX) - Trail Lakes",
4100-006,4100-006 - Pest Control Income,oi,4,"Dylan - (Fort Worth, TX) - Trail Lakes",
4100-007,4100-007 - Cable/Internet Income,ro,2,"Chris - (Hurst, TX) - Arbor Park",
4100-008,4100-008 - Utility Billing Fee,ro,4,"Dylan - (Fort Worth, TX) - Trail Lakes",
4100-009,4100-009 - Sewer Income,rw,4,"Dylan - (Fort Worth, TX) - Trail Lakes",
4100.000,4100.000 - Late Charges,oi,4,"Guillermo - (San Antonio, TX) - Lyra",
4100.0000,4100.0000 - Escrow Deposit Forfeitures,oi,18,"- (Longview, TX) - Highland Village",
41000-000,41000-000     Market Rent,r,2,"Yonnic - (San Antonio, TX) - Landera",
4100100,4100100   Apartment Income,r,1,0e66e893-T12__Property_Name__Month_Year__Processor.xlsx,
4100100,4100100   Market Rent,r,12,"Chris - (Alvin, TX) - Hillcrest Village",
4100101,4100101   Gain/Loss to Lease,ll,15,0e66e893-T12__Property_Name__Month_Year__Processor.xlsx,
4100103,4100103   Employee Units,nr,12,"Chris - (Alvin, TX) - Hillcrest Village",
4100105,4100105   Model Units,nr,3,0e66e893-T12__Property_Name__Month_Year__Processor.xlsx,"recoded from 'v' (standardized to majority ({'v': 3, 'nr': 4}))"
4100106,4100106   Vacancy Loss,v,13,0e66e893-T12__Property_Name__Month_Year__Processor.xlsx,
4100107,4100107   Concessions,nr,11,0e66e893-T12__Property_Name__Month_Year__Processor.xlsx,
4100108,4100108  Non-Recuning Concesions,nr,6,"Chris - (Baytown, TX) - Ranch at Rolling Brook",
4100108,4100108   Non-Recurring Concesions,nr,8,"Chris - (Alvin, TX) - Oak Park Village",
4100109,4100109  Write-Offs,bd,10,"Chris - (Alvin, TX) - Hillcrest Village",
4100112,4100112   Net Prepaids,bd,13,0e66e893-T12__Property_Name__Month_Year__Processor.xlsx,1xnr
4100112,4100112   Net Prepalds,nr,2,"Chris - (Sealy, TX) - Edgewood",
4100113,4100113   Net Delinquency,bd,15,0e66e893-T12__Property_Name__Month_Year__Processor.xlsx,
4100200,4100200   Month to Month,oi,13,0e66e893-T12__Property_Name__Month_Year__Processor.xlsx,
41003,41003 PET INCOME,oi,2,"Danny - (Tulsa, OK) - Waterford",
41004,41004 LAUNDRY INCO,oi,2,"Danny - (Tulsa, OK) - Waterford",
4100400,4100400  Deposit Forfeiture,oi,4,"Chris - (Baytown, TX) - Ranch at Rolling Brook",
4100400,4100400  Gale Fee,oi,4,"Chris - (Baytown, TX) - Ranch at Rolling Brook",
4100400,4100400  Gate Fee,oi,2,"Chris - (Houston, TX) - Harpers Mill Apartments",
41005,41005 NSF/LATE CHA,oi,2,"Danny - (Tulsa, OK) - Waterford",
41006,41006 APPLICATION F,oi,2,"Danny - (Tulsa, OK) - Waterford",
4100600,4100600   Cleaning fee/Damage Fee,oi,11,0e66e893-T12__Property_Name__Month_Year__Processor.xlsx,
41007,41007 ADMINISTRATIV,oi,2,"Danny - (Tulsa, OK) - Waterford",
4100700,4100700   Carport Parking,oi,5,0e66e893-T12__Property_Name__Month_Year__Processor.xlsx,
4100700,4100700  Reserve Parking,oi,2,"Chris - (Houston, TX) - Harpers Mill Apartments",
41008,41008 WATER - REIMB,rw,2,"Danny - (Tulsa, OK) - Waterford",
4100800,4100800   Pet Fee,oi,15,0e66e893-T12__Property_Name__Month_Year__Processor.xlsx,
41009,41009 TRASH - REIMB,rt,2,"Danny - (Tulsa, OK) - Waterford",
4100900,4100900   Deposit Forfeiture,oi,11,0e66e893-T12__Property_Name__Month_Year__Processor.xlsx,
4101,4101 Current Month Rent,r,2,"Yonnic - (Elk City, OK) - Granite Landing Apartments",
4101,4101 Gross Potential Rent,r,2,"Bryce - (San Antonio, TX) - Reserve at Lone Oak",
4101,4101 Late fees,oi,5,"Yonnic - (San Antonio, TX) - The Kelly Apartments",
4101,4101 - Water Reimbursement,rw,2,"Bryce - (Addison, TX) - Jade Addison",
4101.001,4101.001 Application Fees,oi,7,"Yonnic - (Dallas, TX) - Casa de Arroyo",
41010-000,41010-000     Gain / Loss To Lease,ll,2,"Yonnic - (San Antonio, TX) - Landera",
4101000,4101000   Laundry Income,oi,10,"Chris - (Alvin, TX) - Hillcrest Village",
4101100,4101100   Late Charges,oi,15,0e66e893-T12__Property_Name__Month_Year__Processor.xlsx,
4101200,4101200   NSF Charges,oi,15,0e66e893-T12__Property_Name__Month_Year__Processor.xlsx,
41013,41013 CABLE COMMIS,ro,2,"Danny - (Tulsa, OK) - Waterford",
4101400,4101400   Application Fees,oi,15,0e66e893-T12__Property_Name__Month_Year__Processor.xlsx,
4101500,4101500   Washer/Dryer Income,oi,1,0e66e893-T12__Property_Name__Month_Year__Processor.xlsx,
4101600,4101600   Administrative Fee,oi,15,0e66e893-T12__Property_Name__Month_Year__Processor.xlsx,
41018,41018 MOVE-OUT CH,oi,2,"Danny - (Tulsa, OK) - Waterford",
4101800,4101800   Water Reimbursement,rw,1,0e66e893-T12__Property_Name__Month_Year__Processor.xlsx,
4101830,4101830   Trash Reimbursement,rt,1,0e66e893-T12__Property_Name__Month_Year__Processor.xlsx,
4101835,4101835   Valet Trash Reimbursement,oi,1,0e66e893-T12__Property_Name__Month_Year__Processor.xlsx,
4101850,4101850   Pest Control Income,oi,1,0e66e893-T12__Property_Name__Month_Year__Processor.xlsx,
4101860,4101860   Utility Income-RUBS,oi,1,0e66e893-T12__Property_Name__Month_Year__Processor.xlsx,
41019,41019 LEASE TERMIN,oi,2,"Danny - (Tulsa, OK) - Waterford",
4101900,4101900   Reletting Fees,oi,7,0e66e893-T12__Property_Name__Month_Year__Processor.xlsx,
4101900,4101900   Retelling Fees,oi,8,"Chris - (Alvin, TX) - Oak Park Village",
4102,4102 - Late Fee,oi,2,"Dylan - (Houston, TX) - Northbrooke",
4102,4102 Market Rent,r,2,"Emilio - (Arlington, TX) - Chalet Apartments",
4102,4102 - Trash Reimbursement,rt,2,"Bryce - (Addison, TX) - Jade Addison",
4102-000,4102-000 Application Fees,oi,2,"Danny - (Tulsa, OK) - Metro Plex",
4102.001,4102.001 Laundry Room Income,oi,2,"Yonnic - (Dallas, TX) - Casa de Arroyo",
41020,41020 Month to Month Fees,oi,2,"Paul - (Fort Worth, TX) - Rio Apartments",
41020,41020 RENTERS INSU,oi,2,"Danny - (Tulsa, OK) - Waterford",
4102000,4102000  Transfer Fee,oi,2,"Chris - (Sealy, TX) - Edgewood",
4102100,4102100  Arrears Rent Collected,oi,12,"Chris - (Alvin, TX) - Oak Park Village",
41023,41023 BLINDS INCOM,oi,2,"Danny - (Tulsa, OK) - Waterford",
41024,41024 KEYS/LOCKS F,oi,2,"Danny - (Tulsa, OK) - Waterford",
4102400,4102400   Electric Commission,oi,14,"Chris - (Alvin, TX) - Oak Park Village",
41025,41025 LEGAL FEES,oi,2,"Danny - (Tulsa, OK) - Waterford",
41026,41026 LIQUIDATED DA,oi,2,"Danny - (Tulsa, OK) - Waterford",
4103,4103 Loss/Gain to Market,ll,2,"Bryce - (San Antonio, TX) - Reserve at Lone Oak",
4103,4103 Month-To-Month Fees,oi,5,"Yonnic - (San Antonio, TX) - The Kelly Apartments",
4103,4103 Pet Fees,oi,2,"Jon - (Anadarko, OK) - The Crossings in Anadarko",
4103,4103 RENT INCOME,r,2,"Guillermo - (Dallas, TX) - Eclipse of White Rock",
4103,4103 RENT POTENTIAL,r,6,"Dylan - (Houston, TX) - The 910",
4103,4103 - Sewer Reimbursement,rw,2,"Bryce - (Addison, TX) - Jade Addison",
4103,4103 Vacancy Loss,v,2,"Emilio - (Arlington, TX) - Chalet Apartments",
4103-000,4103-000 NSF & Late Fees,oi,2,"Danny - (Tulsa, OK) - Metro Plex",
4103.0000,4103.0000 - Late Fee/Nsf Income,oi,18,"- (Longview, TX) - Highland Village",
4103.001,4103.001 Late Charge Fees,oi,4,"Yonnic - (Dallas, TX) - Casa de Arroyo","recoded from 'ro' (standardized to majority ({'oi': 76, 'ro': 4}))"
4103.001,4103.001 Late Fees,oi,3,"Jackson - (Balch Springs, TX) - Shepherd Lane Apartments",
41030,41030 M.A.R.S INCOM,oi,2,"Danny - (Tulsa, OK) - Waterford",
41032,41032 MTM CHARGES,oi,2,"Danny - (Tulsa, OK) - Waterford",
41033,41033 TRANSFER FEE,oi,2,"Danny - (Tulsa, OK) - Waterford",
41034,41034 SHORT-TERM L,oi,2,"Danny - (Tulsa, OK) - Waterford",
41039,41039 MISCELLANEO,oi,2,"Danny - (Tulsa, OK) - Waterford",
4104,4104 Concessions,nr,2,"Bryce - (San Antonio, TX) - Reserve at Lone Oak",
4104,4104 - Electricity Reimbursement,ro,2,"Bryce - (Addison, TX) - Jade Addison",
4104,4104 (Loss) / Gain To Lease,ll,2,"Emilio - (Arlington, TX) - Chalet Apartments",
4104,4104 LOSS/GAIN TO LEASE,ll,6,"Dylan - (Houston, TX) - The 910",
4104,4104 - Nsf Fee,oi,2,"Dylan - (Houston, TX) - Northbrooke",
4104-000,4104-000 Parking/Garage Income,oi,2,"Danny - (Tulsa, OK) - Metro Plex",
4104.0000,4104.0000 - Nonrefundable Cleaning/Pet Deposit,oi,8,"- (Porter, TX) - Montgomery Pines",
4104.001,4104.001 Utility Administrat,ro,2,"Guillermo - (Hurst, TX) - Point on Calloway",
4104.001,4104.001 Utility Administration Fee,rw,2,"Yonnic - (Dallas, TX) - Casa de Arroyo","recoded from 'ro' (standardized to majority ({'oi': 2, 'ro': 2, 'rw': 26}))"
4104.002,4104.002 Utility Pest Contro,ro,2,"Guillermo - (Hurst, TX) - Point on Calloway",
4104.002,4104.002 Utility Pest Control Fees,ro,2,"Yonnic - (Dallas, TX) - Casa de Arroyo",
41040,41040 Application Fees,oi,2,"Paul - (Fort Worth, TX) - Rio Apartments",
41040,41040 ONE-TIME PET,oi,2,"Danny - (Tulsa, OK) - Waterford",
41042,41042 PEST CONTRO,oi,2,"Danny - (Tulsa, OK) - Waterford",
41046,41046 ELECTRIC - RE,ro,2,"Danny - (Tulsa, OK) - Waterford",
41047,41047 R.U.B.S SERVIC,oi,2,"Danny - (Tulsa, OK) - Waterford",
41049,41049 ACCESS FOB IN,oi,2,"Danny - (Tulsa, OK) - Waterford",
4105,4105 Administration Fee,oi,2,"Jackson - (College Station, TX) - Anderson Point",
4105,4105 Application Fees,oi,5,"Yonnic - (San Antonio, TX) - The Kelly Apartments",
4105,4105 · Deposits Received,oi,2,"David - (Canton, TX) - Canton Place",
4105,4105 Pet Rent,oi,2,"Yonnic - (Elk City, OK) - Granite Landing Apartments",
4105,4105 - Utility Billing Fees,ro,2,"Bryce - (Addison, TX) - Jade Addison",
4105,4105 VACANCY LOSS,v,6,"Dylan - (Houston, TX) - The 910",
4105-000,4105-000 Utility Income,rw,2,"Danny - (Tulsa, OK) - Metro Plex","recoded from 'ro' (standardized to majority ({'rw': 17, 'ro': 4}))"
4105.0000,4105.0000 - Application Fee Income,oi,18,"- (Longview, TX) - Highland Village",
4105.001,4105.001 Utility Billback - Pest control,ro,3,"Jackson - (Balch Springs, TX) - Shepherd Lane Apartments",
41050,41050 Administrative / Holding Fees,oi,2,"Paul - (Fort Worth, TX) - Rio Apartments",
4106,4106 - Application Fees,oi,2,"Dylan - (Houston, TX) - Northbrooke",
4106,4106 Ending Prepay,bd,2,"Emilio - (Arlington, TX) - Chalet Apartments",
4106,4106 Month To Month Fees,oi,4,"David - (Grand Prairie, TX) - Serrano Creek",
4106-000,4106-000 Water Income,rw,2,"Danny - (Tulsa, OK) - Metro Plex",
4106.0000,4106.0000 - Vending Income,oi,4,"- (Longview, TX) - Crestview",
4106.001,4106.001 Utility Billback - El,ro,2,"Guillermo - (Hurst, TX) - Point on Calloway",
4106.001,4106.001 Utility Billback - Electric,rw,2,"Yonnic - (Dallas, TX) - Casa de Arroyo",
41060,41060 Lease Termination / Reletting Fee,oi,2,"Paul - (Fort Worth, TX) - Rio Apartments",
4107,4107 Beginning Arrears,bd,2,"Emilio - (Arlington, TX) - Chalet Apartments",
4107,4107 Delinquency/ Bad Debt/ Recovery,bd,2,"Bryce - (San Antonio, TX) - Reserve at Lone Oak",
4107,4107 - Gas Reimbursement,ro,2,"Bryce - (Addison, TX) - Jade Addison",
4107,4107 Legal Reimbursm,oi,2,"Jon - (Anadarko, OK) - The Crossings in Anadarko",
4107,4107 NSF Fees,oi,3,"Yonnic - (San Antonio, TX) - The Kelly Apartments",
4107,4107 Section 8,oi,4,"David - (Grand Prairie, TX) - Serrano Creek",
4107,4107 VACANT UNIT DOWN,nr,2,"Dylan - (Houston, TX) - The 910",
4107.0000,4107.0000 - Buy Out Fees,oi,12,"- (Longview, TX) - Highland Village",
4107.002,4107.002 Utility Billback - Water & Sewer,rw,3,"Jackson - (Balch Springs, TX) - Shepherd Lane Apartments",
4107.002,4107.002 Utility Water & Se,rw,2,"Guillermo - (Hurst, TX) - Point on Calloway",
4107.002,4107.002 Utility Water & Sewer,rt,2,"Yonnic - (Dallas, TX) - Casa de Arroyo",
41070,41070 Late Fees,oi,2,"Paul - (Fort Worth, TX) - Rio Apartments",
4108,4108 Application Fees,oi,6,"Jon - (Anadarko, OK) - The Crossings in Anadarko",
4108-000,4108-000 Lease Cancellation Income,oi,2,"Danny - (Tulsa, OK) - Metro Plex",
4108.0000,4108.0000 - Move Out Expense Recovery,oi,18,"- (Longview, TX) - Highland Village",
4108.001,4108.001 Utility Gas Fee,ro,2,"Guillermo - (Hurst, TX) - Point on Calloway",
4108.0500,4108.0500 - Miscellaneous Income,oi,18,"- (Longview, TX) - Highland Village",
4109,4109 NSF Fees,oi,2,"Jon - (Anadarko, OK) - The Crossings in Anadarko",
4109,4109 Reletting / Termination Fees,oi,5,"Yonnic - (San Antonio, TX) - The Kelly Apartments",
4109-000,4109-000 Security Deposit Forfeitures,oi,2,"Danny - (Tulsa, OK) - Metro Plex",
4109.001,4109.001 Utility Trash Servic,rt,2,"Guillermo - (Hurst, TX) - Point on Calloway",
4109.001,4109.001 Utility Trash Service Fee,oi,2,"Yonnic - (Dallas, TX) - Casa de Arroyo",
41090,41090 Risk Fee,oi,2,"Paul - (Fort Worth, TX) - Rio Apartments",
4109000,4109000   Amenity Fee,oi,1,0e66e893-T12__Property_Name__Month_Year__Processor.xlsx,
4109000,4109000   Miscellaneous Income,oi,8,"Chris - (Alvin, TX) - Oak Park Village",
41091-000,41091-000     One-Time Concessions,nr,2,"Yonnic - (San Antonio, TX) - Landera",
4109400,4109400  Loss Rents,oi,2,"Chris - (Houston, TX) - Harpers Mill Apartments",
4109900,4109900   Interest Income,oi,10,"Chris - (Alvin, TX) - Hillcrest Village",
4110,4110 - Administrative Fees,oi,2,"Dylan - (Houston, TX) - Northbrooke",
4110,4110 Application Fee,oi,2,"Jackson - (College Station, TX) - Anderson Point",
4110,4110 Application Fees,oi,11,"Bryce - (OKC, OK) - 717 Ventura South",
4110,4110 - Base Rent,r,2,"Guillermo - (Lubbock, TX) - The Boulders at Lakeridge",
4110,4110 Gross Potential Rent,r,81,"Paul - (Corsicana, TX) - Northwood Village Apartments",
4110,4110 Late Fees,oi,6,"Jon - (Anadarko, OK) - The Crossings in Anadarko",
4110,4110   LAUNDRY,oi,4,"Dylan - (Temple, TX) - Chappell Hill & Park at Chappell Hill",
4110,4110 Loss / Gain to Lease,ll,2,Guillermo - (Baton Rouge) - Eden Point,
4110,4110 Market Rent,r,2,"Emilio - (Garland, TX) - The Retreat at Faulkner Point",
4110.000,4110.000 GROSS RENT,r,2,"Greg- (Arlington, TX) - Pine Ridge Apartments",
4110.000,4110.000 - Late Fees,oi,3,"Guillermo - (Moore, OK) - Southwinds Apartments",
41100-000,41100-000     Vacancy Loss,v,2,"Yonnic - (San Antonio, TX) - Landera",
41105,41105 Market rent,r,2,"David - (Waco, TX) - Eleven06 on 35",
4111,4111 Accelerated Rent Charges,oi,2,"Jackson - (College Station, TX) - Anderson Point",
4111,4111 Administration Fees,oi,5,"Yonnic - (San Antonio, TX) - The Kelly Apartments",
4111,4111 MTM Rent Charg,oi,2,"Jon - (Anadarko, OK) - The Crossings in Anadarko",
4111-000,4111-000 Vending Machines,oi,2,"Danny - (Tulsa, OK) - Metro Plex",
4111.00,4111.00 Market Rent - Other,r,2,"Emilio - (Dallas, TX) - The Apollo at Bishop Ridge",
4111.001,"4111.001 Gate, Key & Lock",oi,2,"Guillermo - (Hurst, TX) - Point on Calloway",
41110,41110 NSF Fees,oi,2,"Paul - (Fort Worth, TX) - Rio Apartments",
41110-000,41110-000     Employee Units,nr,2,"Yonnic - (San Antonio, TX) - Landera",
41115-000,41115-000     Courtesy Officer Units,nr,2,"Yonnic - (San Antonio, TX) - Landera",
4112,4112 - Carport Income,oi,2,"Dylan - (Houston, TX) - Northbrooke",
4112,4112 Employee Rent Discount,nr,2,"Bryce - (San Antonio, TX) - Reserve at Lone Oak",
4112,4112 Vacancy Loss,v,4,"Emilio - (Garland, TX) - The Retreat at Faulkner Point",
4112-000,4112-000 Month to Month Fee Income,oi,2,"Danny - (Tulsa, OK) - Metro Plex",
4112.01,4112.01 Vacancy Loss,v,2,"Emilio - (Dallas, TX) - The Apollo at Bishop Ridge",
41120,41120 Legal Fee Recovery,oi,2,"Paul - (Fort Worth, TX) - Rio Apartments",
41120-000,41120-000     Model & Storage Units,nr,2,"Yonnic - (San Antonio, TX) - Landera",
4113,4113 Attorney's Fees/Court Fees,oi,2,"Jackson - (College Station, TX) - Anderson Point",
4113,4113 - Key | Lock | Gate | Fob,oi,2,"Dylan - (Houston, TX) - Northbrooke",
4113,4113 Loss to Lease,ll,4,"Emilio - (Garland, TX) - The Retreat at Faulkner Point",
4113,4113 PrepaidRent,oi,2,"Greg - (Haltom City, TX) - Haltom Oaks",
4113.00,4113.00 Loss to Lease,ll,2,"Emilio - (Dallas, TX) - The Apollo at Bishop Ridge",
4113.0000,4113.0000 - Carport/Garage Rental Income,oi,2,"- (Porter, TX) - Montgomery Pines",
4113.001,4113.001 Vending Machine Income,oi,2,"Yonnic - (Dallas, TX) - Casa de Arroyo",
4114,4114 COMMERCIAL COMMON AREA MAINTENANCE,nr,2,"Dylan - (Houston, TX) - The 910",
4114,4114 - Income - Washer & Dryer Rental,oi,2,"Dylan - (Houston, TX) - Northbrooke",
4114-000,4114-000 Short Term Fee,oi,2,"Danny - (Tulsa, OK) - Metro Plex",
4114.001,4114.001 Tenant Eviction Fe,oi,2,"Guillermo - (Hurst, TX) - Point on Calloway",
4114.001,4114.001 Tenant Eviction Fee Income,oi,2,"Yonnic - (Dallas, TX) - Casa de Arroyo",
4115,4115 Administrative Fees,oi,2,"Jon - (San Antonio, TX) - Salado Creek Villas",
4115,4115 Rent Subsidy,r,2,"Greg - (San Antonio, TX ) - Lodge at Timberhill",
4115,4115 Subsidy Rent,r,2,"Yonnic - (Sulphur Springs, TX) - The Choir",
4115,4115 Subsidy/Housing Rent,r,2,"Emilio - (Garland, TX) - The Retreat at Faulkner Point",
4115,4115   WASHER/DRYER INCOME,oi,4,"Dylan - (Temple, TX) - Chappell Hill & Park at Chappell Hill",
4115-000,4115-000 Other Fees,oi,2,"Danny - (Tulsa, OK) - Metro Plex",
4115-0000,4115-0000 Rent: Subsidies,r,5,"Yonnic - (Austin, TX) - Alma North Plaza",
4115.000,4115.000 - NSF Fees,oi,3,"Guillermo - (Moore, OK) - Southwinds Apartments",
41150,41150 Damage Fee,oi,2,"Paul - (Fort Worth, TX) - Rio Apartments",
41150-000,41150-000     Bad Debt - Rent,bd,2,"Yonnic - (San Antonio, TX) - Landera",
41155-000,41155-000     Bad Debt Recovery - Rent,bd,2,"Yonnic - (San Antonio, TX) - Landera",
4116,4116 Application Fees,oi,2,"Emilio - (Arlington, TX) - Chalet Apartments",
4116.002,4116.002 Lease Termination,oi,2,"Guillermo - (Hurst, TX) - Point on Calloway",
4116.002,4116.002 Lease Termination Fees,oi,2,"Yonnic - (Dallas, TX) - Casa de Arroyo",
41160,41160 Resident Violations,oi,2,"Paul - (Fort Worth, TX) - Rio Apartments",
4117-000,4117-000 FOB Deposit,oi,2,"Danny - (Tulsa, OK) - Metro Plex",
4117.0000,4117.0000 - Storage Rental,oi,2,"- (Porter, TX) - Montgomery Pines",
41170,41170 Amenity Charge,ro,2,"Paul - (Fort Worth, TX) - Rio Apartments",
4118,4118 - Credit Card Fees,oi,2,"Dylan - (Houston, TX) - Northbrooke",
4118,4118 Late Fees,oi,2,"Emilio - (Arlington, TX) - Chalet Apartments",
4118-000,4118-000 Monthly Pet Fee,oi,2,"Danny - (Tulsa, OK) - Metro Plex",
41180,41180 Gate Card/Keys/Locks Fee Income,oi,2,"Paul - (Fort Worth, TX) - Rio Apartments",
4119,4119 P& Fees,oi,3,"Yonnic - (San Antonio, TX) - The Kelly Apartments",
4119,4119 Pet Fees,oi,2,"Emilio - (Dallas, TX) - The Newport",
4119,4119 Pet Rent,oi,4,"David - (Grand Prairie, TX) - Serrano Creek",
4119.00,4119.00 Bad Debts Write Off,bd,4,"Emilio - (Garland, TX) - The Retreat at Faulkner Point",
4119.001,4119.001 Property Damage L,oi,2,"Guillermo - (Hurst, TX) - Point on Calloway",
4119.01,4119.01 Bad Debts,bd,2,"Emilio - (Dallas, TX) - The Apollo at Bishop Ridge",
4119.02,4119.02 Bad Debt Recovery,bd,2,"Emilio  - (Fort Worth, TX) - Leuda-May Apartments",
4119.03,4119.03 Bad Debt Recovery,bd,2,"Emilio - (Dallas, TX) - The Apollo at Bishop Ridge",
4119.04,4119.04 Bad Debt - Other Income,bd,2,"Emilio - (Dallas, TX) - The Apollo at Bishop Ridge",
4120,4120 Bad Debt Recovery/Select Deposit,bd,2,"Jon - (San Antonio, TX) - Salado Creek Villas",
4120,4120 Damage Charge to Tenants,oi,2,"Jackson - (College Station, TX) - Anderson Point",
4120,4120 (Loss) / Gain to Lease,ll,3,"Paul - (Corsicana, TX) - Northwood Village Apartments",
4120,4120 (Loss) / Gain to Old Lease,ll,70,"Yonnic - (Sulphur Springs, TX) - The Choir",
4120,4120 (Loss)/Gain To Old,ll,2,"Bryce - (San Antonio, TX) - Broadstone Collonade",
4120,4120 Loss Gain to Lease,ll,2,"Greg - (Haltom City, TX) - Haltom Oaks",
4120,4120   SERVICE FEE,oi,4,"Dylan - (Temple, TX) - Chappell Hill & Park at Chappell Hill",
4120,4120 - Unclaimed Deposits,oi,2,"Dylan - (Houston, TX) - Northbrooke",
4120,4120 Vacancy Loss,v,2,Guillermo - (Baton Rouge) - Eden Point,
4120.000,4120.000 - Application Fee Income,oi,4,"Guillermo - (San Antonio, TX) - Lyra",
4120.000,4120.000 LESS: LOSS/GAIN TO LEASE,bd,2,"Greg- (Arlington, TX) - Pine Ridge Apartments",
4120.000,4120.000 - Month to Month Fees,oi,3,"Guillermo - (Moore, OK) - Southwinds Apartments",
4120.01,4120.01 Concession (One Time),nr,4,"Emilio - (Garland, TX) - The Retreat at Faulkner Point",
4120.01,4120.01 Customer Service Concessions,nr,2,"Emilio - (Dallas, TX) - The Apollo at Bishop Ridge",recoded from 'oi' (concession-named -> nr)
4120.02,4120.02 Concession (Recurring),nr,4,"Emilio - (Garland, TX) - The Retreat at Faulkner Point",
4120.03,4120.03 Concession (Upfront Move in Specials),nr,4,"Emilio - (Garland, TX) - The Retreat at Faulkner Point",
4120.05,4120.05 Employee Discounts,nr,2,"Emilio  - (Fort Worth, TX) - Leuda-May Apartments",
4120.07,4120.07 Prior Period Adjustment Credit,nr,2,"Emilio  - (Fort Worth, TX) - Leuda-May Apartments",
4120.09,4120.09 Concession (Resident Referral),nr,2,"Emilio  - (Fort Worth, TX) - Leuda-May Apartments",
4120.100,4120.100 - Pet Fees,oi,4,"Guillermo - (San Antonio, TX) - Lyra",
4120.200,4120.200 - Administrative Fees,oi,4,"Guillermo - (San Antonio, TX) - Lyra",
41200,41200 (Loss) / Gain to Old Lease,ll,2,"David - (Waco, TX) - Eleven06 on 35",
4121,4121 - Application Fees,oi,2,"Jon - (Waco, TX) - Red Oak Townhomes",
4121,4121 Damages,oi,4,"David - (Grand Prairie, TX) - Serrano Creek",
4121,4121 Laundry Income,oi,5,"Yonnic - (San Antonio, TX) - The Kelly Apartments",
4121,4121 Master Insurance Policy,oi,2,"Emilio - (Arlington, TX) - Chalet Apartments",
4121,4121 Month to Month Fee,oi,2,"Emilio  - (Fort Worth, TX) - Leuda-May Apartments",
4121.00,4121.00 Month to Month Fee,oi,2,"Emilio - (Dallas, TX) - The Apollo at Bishop Ridge",
41215,41215 Parking Income,oi,2,"Paul - (Fort Worth, TX) - Rio Apartments",
4122,4122 Adminisration Fees,oi,4,"David - (Grand Prairie, TX) - Serrano Creek",
4122,4122 - Termination Fees,oi,2,"Dylan - (Houston, TX) - Northbrooke",
41220,41220 Pet Rent Income,oi,2,"Paul - (Fort Worth, TX) - Rio Apartments",
4123,4123 Gain to Lease,ll,4,"Emilio - (Garland, TX) - The Retreat at Faulkner Point",
4123.00,4123.00 Gain to Lease,ll,2,"Emilio - (Dallas, TX) - The Apollo at Bishop Ridge",
4124,4124 - Damage Charges | Cleaning,oi,2,"Dylan - (Houston, TX) - Northbrooke",
4124,4124 Discounts,nr,4,"David - (Grand Prairie, TX) - Serrano Creek",
4124,4124 Pest Control,oi,2,"Emilio - (Arlington, TX) - Chalet Apartments",
4124.000,4124.000 - Lease Termination Fees,oi,4,"Guillermo - (San Antonio, TX) - Lyra",
41240,41240 Non-Refundable Pet Fees,oi,2,"Paul - (Fort Worth, TX) - Rio Apartments",
4125,4125 Insufficient Notice Pena,oi,5,"Greg - (Houston, TX) - Hidden Park",
4125,4125 Insufficient Notice Penalty,oi,4,"Bryce - (OKC, OK) - 717 Ventura South",
4125,4125 Subsidized Housing Income,r,2,"Emilio - (Arlington, TX) - Chalet Apartments",
4125,4125 Vacancy Loss  Administration,v,2,Guillermo - (Baton Rouge) - Eden Point,
4125,4125   WATER/SEWER BILLINGS,rw,4,"Dylan - (Temple, TX) - Chappell Hill & Park at Chappell Hill",
4125.000,4125.000 - Pet Fees,oi,3,"Guillermo - (Moore, OK) - Southwinds Apartments",
4125.0000,4125.0000 - Cable/Utilities/Phone Revenue,oi,4,"- (Paris, TX) - Town Parc",
4125.001,4125.001 Transfer Fees,oi,4,"Yonnic - (Dallas, TX) - Casa de Arroyo",
41250,41250 Liability Waiver Fee,oi,2,"Paul - (Fort Worth, TX) - Rio Apartments",
4126,4126 Laundry Income,oi,2,"Emilio - (Arlington, TX) - Chalet Apartments",
4126,4126   PEST CONTROL,oi,4,"Dylan - (Temple, TX) - Chappell Hill & Park at Chappell Hill",
4127,4127   RLL,oi,4,"Dylan - (Temple, TX) - Chappell Hill & Park at Chappell Hill",
41270,41270 Laundry/Vending Income,oi,2,"Paul - (Fort Worth, TX) - Rio Apartments",
4128,4128   CATV/HSI/TEL,oi,4,"Dylan - (Temple, TX) - Chappell Hill & Park at Chappell Hill",
4128,4128 - Eviction | Attorney Fees,oi,2,"Dylan - (Houston, TX) - Northbrooke",
4128,4128 Leap Security Deposit Replacement,oi,2,"Emilio - (Arlington, TX) - Chalet Apartments",
4129,4129 - Personal Content,oi,2,"Dylan - (Houston, TX) - Northbrooke",
4129,4129 Pet Rent,oi,2,"Emilio - (Arlington, TX) - Chalet Apartments",
4130,4130 Admin Fee,oi,2,"Guillermo - (Canyon, TX) - - Torres Evolution Canyon",
4130,4130   GARAGE RENT,oi,4,"Dylan - (Temple, TX) - Chappell Hill & Park at Chappell Hill",
4130,4130 Key Fees,oi,2,"Jackson - (College Station, TX) - Anderson Point",
4130,4130 Late Fees,oi,9,"Bryce - (OKC, OK) - 717 Ventura South",
4130,4130 Loss to Employee,nr,4,"Yonnic - (Houston, TX) - Fall Lakes",1xll
4130,4130 Loss To Employee Units,nr,2,"Guillermo - (Dallas, TX) - Casa Bonita","recoded from 'll' (standardized to majority ({'nr': 2, 'll': 2}))"
4130,4130 Other Concession,nr,2,"Jon - (Anadarko, OK) - The Crossings in Anadarko",
4130,4130 Other Concession Credits,nr,4,"David - (Grand Prairie, TX) - Serrano Creek",
4130,4130 Vacancy Loss  Down Unit(s),nr,2,Guillermo - (Baton Rouge) - Eden Point,
4130.000,4130.000 - Application Fees,oi,3,"Guillermo - (Moore, OK) - Southwinds Apartments",
4130.000,4130.000 - Laundry Room Income,oi,2,"Guillermo - (Tulsa, OK ) - Waterside Apartments",
4130.001,4130.001 Security Deposit Adjustments,oi,2,"Yonnic - (Dallas, TX) - Casa de Arroyo",
4130.100,4130.100 - Washer Dryer Revenue,oi,2,"Guillermo - (San Antonio, TX) - Lyra",
4131,4131 Covered/Extra Parking Income,oi,3,"Yonnic - (San Antonio, TX) - The Kelly Apartments",
4131,4131 - Deposit Alternative,oi,2,"Dylan - (Houston, TX) - Northbrooke",
4133,4133 Employee Discounts,nr,4,"David - (Grand Prairie, TX) - Serrano Creek",
4134,4134 Application Fees,oi,2,"Guillermo - (Canyon, TX) - - Torres Evolution Canyon",
4134,4134 Credit for Work or,nr,2,"Jon - (Anadarko, OK) - The Crossings in Anadarko",
4134,4134 Write-off to Uncollectible - Rent,bd,2,Guillermo - (Baton Rouge) - Eden Point,
4135,4135 - Income - Internet Fee,oi,2,"Dylan - (Houston, TX) - Northbrooke",
4135,4135 Late Fees,oi,2,"Jackson - (College Station, TX) - Anderson Point",
4135,4135 Lease Termination Fees,oi,9,"Bryce - (OKC, OK) - 717 Ventura South",
4135,4135   STORAGE RENTAL,oi,2,"Dylan - (Temple, TX) - Chappell Hill & Park at Chappell Hill",
4135,4135 Write-off to Uncollectible - Other Revenue,oi,2,Guillermo - (Baton Rouge) - Eden Point,
4136,4136 Late Charges,oi,2,"Guillermo - (Canyon, TX) - - Torres Evolution Canyon",
4136,4136 - Pet Rent,oi,2,"Dylan - (Houston, TX) - Northbrooke",
4137,4137 Damages,oi,5,"Yonnic - (San Antonio, TX) - The Kelly Apartments",
4137,4137 - Pet Fee,oi,2,"Dylan - (Houston, TX) - Northbrooke",
4139,4139 Miscellaneous Income,oi,2,"Guillermo - (Canyon, TX) - - Torres Evolution Canyon",
4139,4139 Transfer Fees,oi,3,"Yonnic - (San Antonio, TX) - The Kelly Apartments",
4140,4140 Damages & Cleaning Charges,oi,2,"Jon - (San Antonio, TX) - Salado Creek Villas",
4140,4140 Nsf Check Fee,oi,9,"Bryce - (OKC, OK) - 717 Ventura South",
4140,4140 Nsf Fees,oi,2,"Guillermo - (Canyon, TX) - - Torres Evolution Canyon",
4140,4140 Quarters Allowance,nr,2,Guillermo - (Baton Rouge) - Eden Point,
4140,4140   SECURITY DEPOSIT FORFEITS,oi,4,"Dylan - (Temple, TX) - Chappell Hill & Park at Chappell Hill",
4140.000,4140.000 - Lease Terminations,oi,3,"Guillermo - (Moore, OK) - Southwinds Apartments",
4140.000,4140.000 - Reserved/ Covered Parking Fees,oi,4,"Guillermo - (San Antonio, TX) - Lyra",
4141,4141 Trash Service Fee,rt,2,"Jackson - (College Station, TX) - Anderson Point","recoded from 'oi' (standardized to majority ({'rt': 38, 'oi': 2}))"
4141.001,4141.001 Month to Month Fe,oi,2,"Guillermo - (Hurst, TX) - Point on Calloway",
4141.001,4141.001 Month to Month Fees,oi,5,"Yonnic - (Dallas, TX) - Casa de Arroyo",
4142,4142 One-Time Pet Fees,oi,2,"Guillermo - (Canyon, TX) - - Torres Evolution Canyon",
4142.001,4142.001 NSF Check Fees,oi,4,"Yonnic - (Dallas, TX) - Casa de Arroyo",
4143,4143 Pest Control Reimbursements,ro,3,"Yonnic - (San Antonio, TX) - The Kelly Apartments",
4143,4143 Resident Damage Assessments- Quarterly,oi,2,"Guillermo - (Canyon, TX) - - Torres Evolution Canyon",
4144,4144 Utility Admin Fee,oi,5,"Yonnic - (San Antonio, TX) - The Kelly Apartments",
4144.001,4144.001 Renter Insurance,oi,4,"Yonnic - (Dallas, TX) - Casa de Arroyo",
4145,4145 Concessions,nr,2,Guillermo - (Baton Rouge) - Eden Point,
4145,4145 Electric Reimbursements,ro,5,"Yonnic - (San Antonio, TX) - The Kelly Apartments",
4145,4145 Lease Termination Fees,oi,2,"Jackson - (College Station, TX) - Anderson Point",
4145,4145 Security Deposit Forfeiture,oi,2,"Jon - (San Antonio, TX) - Salado Creek Villas",
4145,4145 - Utility Connection Charge - Transfer Fee,oi,2,"Dylan - (Houston, TX) - Northbrooke",
4146,4146 - Bad Debt Recovery,bd,2,"Dylan - (Houston, TX) - Northbrooke",
4146,4146 Trash & Cleaning Fees,oi,2,"Guillermo - (Canyon, TX) - - Torres Evolution Canyon",
4147,4147 - Electric Reimb,ro,2,"Dylan - (Houston, TX) - Northbrooke",
4147,4147 Gas Reimbursements,oi,2,"Emilio - (Dallas, TX) - The Newport","recoded from 'ro' (standardized to majority ({'oi': 2, 'ro': 2}))"
4147,4147 Resident Transfer Fees,oi,2,"Guillermo - (Canyon, TX) - - Torres Evolution Canyon",
4148,4148 - Water & Sewer Reimb,rw,2,"Dylan - (Houston, TX) - Northbrooke",
4149,4149 Monthly Pet Rent,oi,2,"Guillermo - (Canyon, TX) - - Torres Evolution Canyon",
4149,4149 Water/Sewer Reimbursements,rw,5,"Yonnic - (San Antonio, TX) - The Kelly Apartments",
4150,4150 Eviction & Court Related Fees,oi,2,"Jon - (San Antonio, TX) - Salado Creek Villas",
4150,4150 Gross Potential Rent,r,2,"Yonnic -  (Waco, TX) - West Campus Lofts",
4150,"4150   LATE, NSF, MISC INCOME",oi,4,"Dylan - (Temple, TX) - Chappell Hill & Park at Chappell Hill",
4150,4150 Month to Month Premium,oi,2,"Jackson - (College Station, TX) - Anderson Point",
4150,4150 Reserved Parking Fee,oi,5,"Greg - (Houston, TX) - Hidden Park",
4150-000,4150-000 Recovery of Bad Debt Income,bd,2,"Danny - (Tulsa, OK) - Metro Plex",
4150.000,4150.000 - Damages,oi,3,"Guillermo - (Moore, OK) - Southwinds Apartments",
4150.000,4150.000 - Miscellaneous Income,oi,4,"Guillermo - (San Antonio, TX) - Lyra",
4150.001,4150.001 Carport / Reserved,oi,2,"Guillermo - (Hurst, TX) - Point on Calloway",
4150.001,4150.001 Carport / Reserved Parking Income,oi,2,"Yonnic - (Dallas, TX) - Casa de Arroyo",
4150.01,4150.01 Common Area Maintenance,oi,2,"Emilio - (Dallas, TX) - The Apollo at Bishop Ridge",
4150.100,4150.100 - Cable/Internet Charges,ro,2,"Guillermo - (San Antonio, TX) - Lyra",
4150.200,4150.200 - Renters Insurance Charges,oi,4,"Guillermo - (San Antonio, TX) - Lyra",
4150.300,4150.300 - Transfer Fee,oi,4,"Guillermo - (San Antonio, TX) - Lyra",
4150.400,"4150.400 - Keys, Cards And Remotes",oi,4,"Guillermo - (San Antonio, TX) - Lyra",
4150.600,4150.600 - Technology Fee,oi,2,"Guillermo - (San Antonio, TX) - Lyra",
4151,4151 CONCESSIONS,nr,8,"Dylan - (Houston, TX) - The 910",
4151,4151 Refuse Reimbursements,oi,5,"Yonnic - (San Antonio, TX) - The Kelly Apartments",1xro
4151.001,4151.001 Non-refundable Pe,oi,2,"Guillermo - (Hurst, TX) - Point on Calloway",
4151.001,4151.001 Non-refundable Pet Fees,oi,3,"Jackson - (Balch Springs, TX) - Shepherd Lane Apartments",
4151.002,4151.002 Pet Rent,oi,2,"Guillermo - (Hurst, TX) - Point on Calloway",
4152,4152 ADMIN-SHOP-CORP-MO,nr,4,"Jackson - (Lufkin, TX) - Falling Water",
4152,4152 ADMIN-SHOP-CORP-MODEL,nr,2,"Dylan - (Houston, TX) - The 910",
4152,4152 Interest Income,oi,3,"Yonnic - (San Antonio, TX) - The Kelly Apartments",
4153,4153 Perks Package,oi,3,"Yonnic - (San Antonio, TX) - The Kelly Apartments",
4153,4153 Short Term Lease Premium,oi,2,"Guillermo - (Canyon, TX) - - Torres Evolution Canyon",
4153,4153 WRITE OFF LOSS,bd,6,"Dylan - (Houston, TX) - The 910",
4154,4154 Student Turnover - Interior Paint/Dry Wall Reimbur,oi,2,"Guillermo - (Canyon, TX) - - Torres Evolution Canyon",
4155,4155 EMPLOYEE HOUSING,nr,6,"Dylan - (Houston, TX) - The 910",
4155,4155 - Income - Pest Control,oi,2,"Dylan - (Houston, TX) - Northbrooke",
4155,4155 Move-Out Cleaning Charges,oi,2,"Jackson - (College Station, TX) - Anderson Point",
4156,4156 - Income - Trash,rt,2,"Dylan - (Houston, TX) - Northbrooke",
4160,4160 Key & Lock Fee,oi,2,"Jon - (San Antonio, TX) - Salado Creek Villas",
4160,4160 (Loss) / Gain to Old Lease,ll,2,"Yonnic -  (Waco, TX) - West Campus Lofts",
4160,4160   NON-REFUNDABLE FEES,oi,4,"Dylan - (Temple, TX) - Chappell Hill & Park at Chappell Hill",
4160,4160 NSF Bank Fees,oi,2,"Jackson - (College Station, TX) - Anderson Point",
4160,4160 Reimbursement,ro,2,"Guillermo - (Canyon, TX) - - Torres Evolution Canyon",
4160,4160 Utilities Reimb.- Water,rw,4,"Bryce - (OKC, OK) - 717 Ventura South",
4160.000,4160.000 MISCELLANEOUS LOSS,oi,2,"Greg- (Arlington, TX) - Pine Ridge Apartments",
4160.000,4160.000 - Utility Reimb/Water,rw,4,"Guillermo - (San Antonio, TX) - Lyra",
4161,4161 Student Turnover - Miscellaneous Reimbursement,oi,2,"Guillermo - (Canyon, TX) - - Torres Evolution Canyon",
4161,4161 Utilities Reimb.- Gas,ro,4,"Bryce - (OKC, OK) - 717 Ventura South",
4161.000,4161.000 - Electric Reimbursement,ro,3,"Guillermo - (Moore, OK) - Southwinds Apartments",
4161.000,4161.000 - Utility Reimb/Electric,ro,4,"Guillermo - (San Antonio, TX) - Lyra",
4162,4162 Interest Earned Income,oi,2,"Jackson - (College Station, TX) - Anderson Point",
4162.000,4162.000 - Utility Reimb/Trash,rt,4,"Guillermo - (San Antonio, TX) - Lyra",
4162.000,4162.000 - Water Reimbursement,rw,3,"Guillermo - (Moore, OK) - Southwinds Apartments",
4163,4163 Utilities Reimb.- Trash,rt,4,"Bryce - (OKC, OK) - 717 Ventura South",
4163.000,4163.000 - Utility Reimb/Pest Control,ro,4,"Guillermo - (San Antonio, TX) - Lyra",
4164,4164 Miscellaneous Income,oi,2,"Jackson - (College Station, TX) - Anderson Point",
4164,4164 Utilities Reimb.- Pest Control,ro,4,"Bryce - (OKC, OK) - 717 Ventura South",
4165,4165   CORPORATE RENTALS,oi,4,"Dylan - (Temple, TX) - Chappell Hill & Park at Chappell Hill",
4165,4165 Late Fees,oi,2,"Jon - (San Antonio, TX) - Salado Creek Villas",
4165,4165 Pet Fees,oi,2,"Jackson - (College Station, TX) - Anderson Point",
4165.000,4165.000 - Pest Control Reimbursement,ro,3,"Guillermo - (Moore, OK) - Southwinds Apartments",
4165.000,4165.000 - Valet Trash,rt,2,"Guillermo - (San Antonio, TX) - Lyra",
4167,4167 Facility Fee,oi,4,"Bryce - (OKC, OK) - 717 Ventura South",
4167,4167 Pet Rent,oi,2,"Jackson - (College Station, TX) - Anderson Point",
4168,4168   MAID SERVICE,oi,4,"Dylan - (Temple, TX) - Chappell Hill & Park at Chappell Hill",
4170,4170   BAD DEBT COLLECTIONS,bd,4,"Dylan - (Temple, TX) - Chappell Hill & Park at Chappell Hill",1xoi
4170,4170 Concessions,nr,2,"Yonnic -  (Waco, TX) - West Campus Lofts",
4170,4170 Lease Termination Fees,oi,2,"Jon - (San Antonio, TX) - Salado Creek Villas",
4170.000,4170.000 - Deposits Forfeited,oi,3,"Guillermo - (Moore, OK) - Southwinds Apartments",
4170.000,4170.000 - Security Deposit Forfeiture,oi,4,"Guillermo - (San Antonio, TX) - Lyra",
4175,4175 Month to Month Premium,oi,2,"Jon - (San Antonio, TX) - Salado Creek Villas",
4180,4180 - Damage Waiver,oi,2,"Dylan - (Houston, TX) - Northbrooke",
4180,4180   INTEREST INCOME,oi,4,"Dylan - (Temple, TX) - Chappell Hill & Park at Chappell Hill",
4180,4180 NSF Check Fee,oi,2,"Jon - (San Antonio, TX) - Salado Creek Villas",
4180,4180 Resident Credit Reporting,oi,2,"Jackson - (College Station, TX) - Anderson Point",
4181,4181 - Rlip/Damage Waiver,i,2,"Dylan - (Houston, TX) - Northbrooke",
4185,4185 Pet Fees Nonrefundable,oi,2,"Jon - (San Antonio, TX) - Salado Creek Villas",
4187,4187 Pet Rent,oi,2,"Jon - (San Antonio, TX) - Salado Creek Villas",
4188.001,4188.001 Transfer Fees,oi,3,"Jackson - (Balch Springs, TX) - Shepherd Lane Apartments",
4190,4190 Admin Fee,oi,9,"Bryce - (OKC, OK) - 717 Ventura South",
4190,4190 Re-Let Fees,oi,2,"Jon - (San Antonio, TX) - Salado Creek Villas",
4191,4191 Utilities RUBS- Electric,ro,2,"Jackson - (College Station, TX) - Anderson Point",
4193,4193 ePremium,oi,2,"Jon - (San Antonio, TX) - Salado Creek Villas",
4194,4194 Pest Control Income,oi,2,"Jon - (San Antonio, TX) - Salado Creek Villas",
4194.001,4194.001 Miscellaneous Inco,oi,2,"Guillermo - (Hurst, TX) - Point on Calloway",
4195,4195 Plus: Prepaid Rent,nr,2,"Yonnic -  (Waco, TX) - West Campus Lofts","recoded from 'bd' (standardized to majority ({'nr': 6, 'bd': 2}))"
4195,4195 Transfer Fees,oi,2,"Jon - (San Antonio, TX) - Salado Creek Villas",
4195.001,4195.001 Cleaning Charges /,oi,2,"Guillermo - (Hurst, TX) - Point on Calloway",
4196.001,4196.001 Resident Damage,oi,2,"Guillermo - (Hurst, TX) - Point on Calloway",
4197.001,4197.001 Administration Fee,oi,2,"Guillermo - (Hurst, TX) - Point on Calloway",
4197.001,4197.001 Administration Fees,oi,2,"Yonnic - (Dallas, TX) - Casa de Arroyo",
4197.001,4197.001 Lease Termination Fees,oi,3,"Jackson - (Balch Springs, TX) - Shepherd Lane Apartments",
4198,4198 Bad Debt Recovery,ad,2,"Guillermo - (Canyon, TX) - - Torres Evolution Canyon",
4198.002,4198.002 Miscellaneous Income,oi,3,"Jackson - (Balch Springs, TX) - Shepherd Lane Apartments",
4199,4199 Credit Builder Income,oi,2,"Jon - (San Antonio, TX) - Salado Creek Villas",
4199,4199 Miscellaneous Income,oi,2,"Emilio - (Dallas, TX) - The Newport",
4199,4199 Utility Reimbursements - Residents,ro,2,"Guillermo - (Canyon, TX) - - Torres Evolution Canyon",
4199.001,4199.001 Other Rental Inco,oi,2,"Guillermo - (Hurst, TX) - Point on Calloway",
4199.001,4199.001 Other Rental Income,oi,2,"Yonnic - (Dallas, TX) - Casa de Arroyo",
420.00,420.00 Ancillary Services,oi,2,"Jon - (Dallas, TX) - Iris Memory Care of Turtle Creek",
4200,4200 Concessions for P,nr,4,"Yonnic - (Houston, TX) - Fall Lakes",
4200,4200 Concessions For Promotions,nr,2,"Guillermo - (Dallas, TX) - Casa Bonita",
4200,4200 - Gain to Lease,ll,2,"Guillermo - (Lubbock, TX) - The Boulders at Lakeridge",
4200,4200 JP Filing Fees,oi,3,"Greg - (Houston, TX) - Encanto",
4200-000,4200-000 Rent Offsets,nr,2,"Danny - (Tulsa, OK) - Metro Plex",
4200-001,4200-001 - Late Fee Income,oi,4,"Dylan - (Fort Worth, TX) - Trail Lakes",
4200-002,4200-002 - Application Fee Income,oi,4,"Dylan - (Fort Worth, TX) - Trail Lakes",
4200-003,4200-003 - Administrative Fee Income,oi,4,"Dylan - (Fort Worth, TX) - Trail Lakes",
4200-004,4200-004 - Month To Month Fees,oi,2,"Chris - (Hurst, TX) - Arbor Park",
4200-005,4200-005 - Early Lease Termination,oi,2,"Chris - (Hurst, TX) - Arbor Park",
4200-006,4200-006 - Pet Fee Income,oi,4,"Dylan - (Fort Worth, TX) - Trail Lakes",
4200-007,4200-007 - Untransferred Utilities Fee,oi,2,"Dylan - (Fort Worth, TX) - Trail Lakes",
4200-008,4200-008 - Maint & Repairs Income,oi,4,"Dylan - (Fort Worth, TX) - Trail Lakes",
4200-009,4200-009 - Cleaning Income,oi,2,"Dylan - (Fort Worth, TX) - Trail Lakes",
4200-010,4200-010 - Storage Income,oi,2,"Dylan - (Fort Worth, TX) - Trail Lakes",
4200-011,4200-011 - Laundry Income,oi,4,"Dylan - (Fort Worth, TX) - Trail Lakes",
4200-016,4200-016 - Tenant Eviction Fees,oi,4,"Dylan - (Fort Worth, TX) - Trail Lakes",
4200-017,4200-017 - Credit Builder Income,oi,4,"Dylan - (Fort Worth, TX) - Trail Lakes",
4200-019,4200-019 - Renter'S Insurance Billback,oi,4,"Dylan - (Fort Worth, TX) - Trail Lakes",
4200-021,4200-021 - Nsf Check Fees,oi,4,"Dylan - (Fort Worth, TX) - Trail Lakes",
4200-023,4200-023 - Reserved Parking Income,oi,2,"Chris - (Hurst, TX) - Arbor Park",
4200-024,4200-024 - Amenity Fee Income,oi,4,"Dylan - (Fort Worth, TX) - Trail Lakes",
4200-025,4200-025 - Former Resident Collections,oi,4,"Dylan - (Fort Worth, TX) - Trail Lakes",1xbd
4200-027,4200-027 - Pet Rent Income,oi,4,"Dylan - (Fort Worth, TX) - Trail Lakes",
4200-028,4200-028 - Deposit Insurance Income,oi,4,"Dylan - (Fort Worth, TX) - Trail Lakes",
4200-031,4200-031 - Insufficient Notice/Reletting Fee,oi,4,"Dylan - (Fort Worth, TX) - Trail Lakes",
4200-032,4200-032 - Risk Fee,oi,2,"Chris - (Hurst, TX) - Arbor Park",
4200-034,4200-034 - Washer/Dryer Rental Income,oi,2,"Dylan - (Fort Worth, TX) - Trail Lakes",
4200-035,4200-035 - Rent Bill Fee,oi,4,"Dylan - (Fort Worth, TX) - Trail Lakes",
42000,42000 Application Fees,oi,2,"Greg - (Lubbock, TX) - Westlake Apartments",
42001,42001 Water & Sewer Reimbursement,rw,2,"Paul - (Fort Worth, TX) - Rio Apartments",
42003,42003 Trash Reimbursement,rt,2,"Paul - (Fort Worth, TX) - Rio Apartments",
42004,42004 Electric Reimbursement,ro,2,"Paul - (Fort Worth, TX) - Rio Apartments",
42005,42005 Vacant Recovery Admin Fee,ro,2,"Paul - (Fort Worth, TX) - Rio Apartments",
42006,42006 Utility Admin Fee,ro,2,"Paul - (Fort Worth, TX) - Rio Apartments",
4201,4201 Application Fees,oi,4,"Emilio - (Garland, TX) - The Retreat at Faulkner Point",
4201,4201 - Cleaning Fee,oi,2,"Bryce - (Addison, TX) - Jade Addison",
4201-000,4201-000 Bad Debts - Rents,bd,2,"Danny - (Tulsa, OK) - Metro Plex",
4201.00,4201.00 Application Fees,oi,2,"Emilio - (Dallas, TX) - The Apollo at Bishop Ridge",
420101,420101 - Rental Income - Subsidy / Third Party,r,2,"Paul - (Fort Worth, TX) - Aden Crest",
4202,4202 NSF Fees,oi,4,"Emilio - (Garland, TX) - The Retreat at Faulkner Point",
4202,4202 - Settlement Fee/Move Out Fee,oi,2,"Bryce - (Addison, TX) - Jade Addison",
4202,4202 Water & Sewer,rw,2,"Bryce - (San Antonio, TX) - Reserve at Lone Oak",
4202-000,4202-000 Bad Debts - Damages,bd,2,"Danny - (Tulsa, OK) - Metro Plex",
4202.00,4202.00 NSF Fees,oi,2,"Emilio - (Dallas, TX) - The Apollo at Bishop Ridge",
4203,4203 Late Fees,oi,4,"Emilio - (Garland, TX) - The Retreat at Faulkner Point",
4203,4203 Trash & Recycling,rt,2,"Bryce - (San Antonio, TX) - Reserve at Lone Oak",
4203.00,4203.00 Late Fees,oi,2,"Emilio - (Dallas, TX) - The Apollo at Bishop Ridge",
42030,42030 Pest Control Fee,oi,2,"Paul - (Fort Worth, TX) - Rio Apartments","recoded from 'ro' (standardized to majority ({'oi': 26, 'ro': 2}))"
420301,420301 - Application Fee,oi,2,"Paul - (Fort Worth, TX) - Aden Crest",
4204,4204 - Application Fee,oi,2,"Bryce - (Addison, TX) - Jade Addison",
4204,4204 Cleaning,oi,2,"Emilio - (Garland, TX) - The Retreat at Faulkner Point",
4204.00,4204.00 Damages Cleaning,oi,2,"Emilio - (Dallas, TX) - The Apollo at Bishop Ridge",
42040,42040 Cable/Phone/Internet Income,ro,2,"Paul - (Fort Worth, TX) - Rio Apartments",
4205,4205 Electric Reimbursement,ro,4,"Emilio - (Garland, TX) - The Retreat at Faulkner Point",
4205,4205 - Nsf Fee,oi,2,"Bryce - (Addison, TX) - Jade Addison",
4205,4205 Pest Control,ro,2,"Bryce - (San Antonio, TX) - Reserve at Lone Oak",
4205,4205 Vacancies,v,2,"Bryce - (DeSoto, TX) - Wooded Creek Apartments",
4206,4206 Natural Gas,ro,2,"Emilio  - (Fort Worth, TX) - Leuda-May Apartments",
4206.00,4206.00 U/R - Gas,ro,2,"Emilio - (Dallas, TX) - The Apollo at Bishop Ridge",
4207,4207 Cable,ro,2,"Bryce - (San Antonio, TX) - Reserve at Lone Oak",
4207,4207 - Short Term Lease Fee,oi,2,"Bryce - (Addison, TX) - Jade Addison",
4207,4207 Water & Sewer,rw,2,"Emilio - (Garland, TX) - The Retreat at Faulkner Point",
4207.00,4207.00 U/R - Water & Sewer,rw,2,"Emilio - (Dallas, TX) - The Apollo at Bishop Ridge",
42070,42070 Credit Builder Income,oi,2,"Paul - (Fort Worth, TX) - Rio Apartments",
4208,4208 Security Deposit Forfeit,oi,2,"Emilio - (Garland, TX) - The Retreat at Faulkner Point",
4209,4209 - Late Fee,oi,2,"Bryce - (Addison, TX) - Jade Addison",
4209,4209 Pet Rent,oi,4,"Emilio - (Garland, TX) - The Retreat at Faulkner Point",
4209.00,4209.00 Pet Rent,oi,2,"Emilio - (Dallas, TX) - The Apollo at Bishop Ridge",
4210,4210 Bad Debt / Write-Off,bd,2,"Greg - (Haltom City, TX) - Haltom Oaks",
4210,4210 Bad Debt / Write-Off Uncollectable Rent,bd,56,"Paul - (Corsicana, TX) - Northwood Village Apartments",
4210,4210 Deliquency,bd,2,"Yonnic -  (Waco, TX) - West Campus Lofts",
4210,4210 - Loss to Lease,ll,2,"Guillermo - (Lubbock, TX) - The Boulders at Lakeridge",
4210,4210 Pet Fees,oi,9,"Bryce - (OKC, OK) - 717 Ventura South",
4210,4210 Rental Concessions,nr,2,"Bryce - (DeSoto, TX) - Wooded Creek Apartments",
4210,4210 - Transfer Fee,oi,2,"Bryce - (Addison, TX) - Jade Addison",
4210,4210 Utility Billing Fee,ro,2,"Bryce - (San Antonio, TX) - Reserve at Lone Oak",
42100,42100 - Market Rent,r,2,"Dylan - (Houston, TX) - Corridor at Westchase",
42100,42100 Vacancy Loss,v,2,"David - (Waco, TX) - Eleven06 on 35",
4211,4211 - Lease Violation Fee,oi,2,"Bryce - (Addison, TX) - Jade Addison",
4211.0000,4211.0000 - Interest Income,oi,18,"- (Longview, TX) - Highland Village",
4212,4212 Curr Rent Not Rec'd,bd,2,"- (Garland, TX) - Colonial",
4212,4212 Laundry Facilities,oi,2,"Emilio  - (Fort Worth, TX) - Leuda-May Apartments",
4212,4212 - Pet Fee (Nonrefundable),oi,2,"Bryce - (Addison, TX) - Jade Addison",
4212.00,4212.00 Laundry Facilities,oi,2,"Emilio - (Dallas, TX) - The Apollo at Bishop Ridge",
4213,4213 - Reletting Fee,oi,2,"Bryce - (Addison, TX) - Jade Addison",
4213.00,4213.00 Termination Penalty,oi,2,"Emilio - (Dallas, TX) - The Apollo at Bishop Ridge",
4214,4214 - Administrative Fee,oi,2,"Bryce - (Addison, TX) - Jade Addison",
4214.0002,4214.0002 - Office Administrative Fee,oi,2,"Bryce - (Addison, TX) - Jade Addison",
4215,4215 Employee Credit,nr,2,"Bryce - (DeSoto, TX) - Wooded Creek Apartments",
4215,4215 Pet Rent,oi,4,"Bryce - (OKC, OK) - 717 Ventura South",
4215,4215 Recaptured prior month Rent,oi,2,"- (Garland, TX) - Colonial",
4215.00,4215.00 Interest Income,oi,2,"Emilio - (Dallas, TX) - The Apollo at Bishop Ridge",
4216,4216 - Credit Collections & Legal Fees,oi,2,"Bryce - (Addison, TX) - Jade Addison",
4216,4216 Damages,oi,4,"Emilio - (Garland, TX) - The Retreat at Faulkner Point",
4216.00,4216.00 Damages Other,oi,2,"Emilio - (Dallas, TX) - The Apollo at Bishop Ridge",
4216.50,4216.50 Damages,oi,2,"Emilio - (Dallas, TX) - The Apollo at Bishop Ridge",
4217,4217 Utility Admin Fee,oi,4,"Emilio - (Garland, TX) - The Retreat at Faulkner Point",1xro
4217.00,4217.00 U/R - Billing Fee,ro,2,"Emilio - (Dallas, TX) - The Apollo at Bishop Ridge",
4218,4218 Conditional Fee,oi,2,"Emilio  - (Fort Worth, TX) - Leuda-May Apartments",
4218,4218 - Security Deposit Forfeit,oi,2,"Bryce - (Addison, TX) - Jade Addison",
4218.00,4218.00 Conditional Approval Fee,oi,2,"Emilio - (Dallas, TX) - The Apollo at Bishop Ridge",
4219,4219 - Community Fee,oi,2,"Bryce - (Addison, TX) - Jade Addison",
4219,4219 Eviction Reimbursement,oi,4,"Emilio - (Garland, TX) - The Retreat at Faulkner Point",
4219.00,4219.00 Eviction / Attorney Fees,oi,2,"Emilio - (Dallas, TX) - The Apollo at Bishop Ridge",
422.00,422.00 Misc. Income,oi,2,"Jon - (Dallas, TX) - Iris Memory Care of Turtle Creek",
4220,4220 Cable Fee,ro,2,"Emilio - (Garland, TX) - The Retreat at Faulkner Point",
4220,4220 Electric Reimbursement,ro,4,"Bryce - (OKC, OK) - 717 Ventura South",
4220,4220 Vacancy Loss,v,77,"Paul - (Corsicana, TX) - Northwood Village Apartments",
4220-0000,4220-0000 Vacancy: Model/Admin,v,3,"Guillermo - (Fort Worth, TX) - The Flats at Brentwood",
42200,42200 - Gain/Loss To Lease,ll,2,"Dylan - (Houston, TX) - Corridor at Westchase",
422001,422001 - Late Charge Income,oi,2,"Paul - (Fort Worth, TX) - Aden Crest",
4221.00,4221.00 Services - City Trash Removal,rt,2,"Emilio - (Dallas, TX) - The Apollo at Bishop Ridge",
4221.01,4221.01 Valet Trash,rt,2,"Emilio - (Garland, TX) - The Retreat at Faulkner Point",
422101,422101 - Returned Check Fee,oi,2,"Paul - (Fort Worth, TX) - Aden Crest",
4222,4222 Reletting Fee,oi,2,"Emilio - (Garland, TX) - The Retreat at Faulkner Point",
4222.00,4222.00 Reletting Fee,oi,2,"Emilio - (Dallas, TX) - The Apollo at Bishop Ridge",
422201,422201 - Broken Lease Fees,oi,2,"Paul - (Fort Worth, TX) - Aden Crest",
422301,422301 - Damage Fees,oi,2,"Paul - (Fort Worth, TX) - Aden Crest",
4224,4224 Admin Fee,oi,4,"Emilio - (Garland, TX) - The Retreat at Faulkner Point",
4224.00,4224.00 Admin Fee,oi,2,"Emilio - (Dallas, TX) - The Apollo at Bishop Ridge",
4225,4225 W/D Rental,oi,2,"Emilio - (Garland, TX) - The Retreat at Faulkner Point",
4225-0000,4225-0000 Vacancy: Down Units,nr,5,"Yonnic - (Austin, TX) - Alma North Plaza",
4225.000,4225.000 - Cable Income,ro,3,"Guillermo - (Moore, OK) - Southwinds Apartments",
4226,4226 Pest Control,oi,4,"Emilio - (Garland, TX) - The Retreat at Faulkner Point",
4226.00,4226.00 Services - Pest Control,ro,2,"Emilio - (Dallas, TX) - The Apollo at Bishop Ridge",
422601,422601 - Administration Fee,oi,2,"Paul - (Fort Worth, TX) - Aden Crest",
4228,4228 Pet Fee,oi,4,"Emilio - (Garland, TX) - The Retreat at Faulkner Point",
4229,4229 Rent Correction Credit,nr,2,"Bryce - (San Antonio, TX) - Reserve at Lone Oak",
4229.00,4229.00 Cable Commission,oi,2,"Emilio - (Dallas, TX) - The Apollo at Bishop Ridge",
4230,4230 Rent Write Offs,bd,2,"Bryce - (DeSoto, TX) - Wooded Creek Apartments",
4230,4230 Transfer Fees,oi,5,"Greg - (Houston, TX) - Hidden Park",
4230-0000,4230-0000 Concessions - New Residents,nr,5,"Yonnic - (Austin, TX) - Alma North Plaza",
423001,423001 - Forfeited Security Deposits,oi,2,"Paul - (Fort Worth, TX) - Aden Crest",
423002,423002 - Pet Fee Non-Refundable,oi,2,"Paul - (Fort Worth, TX) - Aden Crest",
42302,42302 Rent Concessions Recurring,nr,2,"David - (Waco, TX) - Eleven06 on 35",
42309,42309  Renewal Concession,nr,2,"David - (Waco, TX) - Eleven06 on 35",
4232-0000,4232-0000 Concessions - Renewal,nr,2,"Yonnic - (Austin, TX) - Alma North Plaza",
4233,4233 Asset Protection Liability,oi,2,"Emilio - (Garland, TX) - The Retreat at Faulkner Point",
4233.00,4233.00 Renters Insurance Income,oi,2,"Emilio  - (Fort Worth, TX) - Leuda-May Apartments",
4233.01,4233.01 Risk Release Renter's Liability,oi,2,"Emilio  - (Fort Worth, TX) - Leuda-May Apartments",
4234,4234 Parking Income,oi,2,"Emilio  - (Fort Worth, TX) - Leuda-May Apartments",
4235-0000,4235-0000 Concessions - One Time,nr,5,"Yonnic - (Austin, TX) - Alma North Plaza",
4236,4236 Keys & Locks,oi,2,"Emilio - (Garland, TX) - The Retreat at Faulkner Point",
4236,4236 Keys/Locks/Remotes/Passes,oi,2,"Emilio  - (Fort Worth, TX) - Leuda-May Apartments",
4237,4237 Credit Builder,oi,4,"Emilio - (Garland, TX) - The Retreat at Faulkner Point",
4237.00,4237.00 Services - Credit Builder,ro,2,"Emilio - (Dallas, TX) - The Apollo at Bishop Ridge",
4239-0000,4239-0000 COVID-19 Recapture,nr,2,"Yonnic - (Austin, TX) - Alma North Plaza",
4240,4240 - Credit Fees,oi,2,"Bryce - (Addison, TX) - Jade Addison",
4240,4240 Month to Month Premiu,oi,5,"Greg - (Houston, TX) - Hidden Park",
4240,4240 Month To Month Premium,oi,4,"Bryce - (OKC, OK) - 717 Ventura South",
424001,424001 - Cleaning Fees,oi,2,"Paul - (Fort Worth, TX) - Aden Crest",
4250,4250 Rent Concessions,nr,58,"Paul - (Corsicana, TX) - Northwood Village Apartments",
4250,4250 Rent Concessions - Move In,nr,2,"Bryce - (San Antonio, TX) - Broadstone Collonade",
4250-0000,4250-0000 Bad Debt - Rent,bd,5,"Yonnic - (Austin, TX) - Alma North Plaza",
4250-0000,4250-0000 Market Rent,r,4,"Danny - (Arlington, TX) - The Sherry",
42500,42500 Bad Debt / Write-Off Uncollectable Rent,bd,2,"David - (Waco, TX) - Eleven06 on 35",
425001,425001 - Vending & Laundry Income,oi,2,"Paul - (Fort Worth, TX) - Aden Crest",
425002,425002 - Cable Revenue,oi,2,"Paul - (Fort Worth, TX) - Aden Crest",
4251-0000,4251-0000 Bad Debt - Rent Recoveries,bd,5,"Yonnic - (Austin, TX) - Alma North Plaza",
42510,42510 Bad Debty Recovery Fee,bd,2,"David - (Waco, TX) - Eleven06 on 35",
4255,4255 Bad Debt / Write-Off Uncollectable Rent,bd,2,"Yonnic -  (Waco, TX) - West Campus Lofts",
4255,4255 Concessions - Renewals,nr,2,"Greg - (Haltom City, TX) - Haltom Oaks",
4255,4255 Referral Fees,nr,2,"Chris  - (Dallas, TX) - The Wesley Apartments",
4255,4255 Rent Concessions - Renewals,nr,19,"Yonnic - (Sulphur Springs, TX) - The Choir",
4258,4258 Concessions - Utility Credit,nr,2,"Greg - (Haltom City, TX) - Haltom Oaks",
4258,4258 Rent Concessions - Utility Credit,nr,15,"Guillermo - (Bryan, TX) - West University Gardens",
4260,4260 Damage,oi,9,"Bryce - (OKC, OK) - 717 Ventura South",
4260,4260 Rent Discount,nr,11,"Yonnic - (Mount Pleasant, TX) - Shady Oaks",
4260,4260 Vacancy Loss,v,2,"Yonnic -  (Waco, TX) - West Campus Lofts",
42600,42600 Vacancy Loss - Model Units,v,2,"David - (Waco, TX) - Eleven06 on 35",
4265,4265 App/Admin Waiver,oi,6,"Greg - (Lewisville, TX) - Mason on Main",1xnr
4265,4265 Move-Out Cleaning Char,oi,5,"Greg - (Houston, TX) - Hidden Park",
4265,4265 Move-Out Cleaning Charges,oi,4,"Bryce - (OKC, OK) - 717 Ventura South",
4270,4270 Bad Debt Recovery Fee,bd,2,"Yonnic - (Mount Pleasant, TX) - Shady Oaks",
4270,4270 Coke Machine,oi,2,"Bryce - (OKC, OK) - 717 Ventura South",
42725,42725 Miscellaneous Credit,nr,2,"David - (Waco, TX) - Eleven06 on 35",
42745,42745 Collection,bd,2,"David - (Waco, TX) - Eleven06 on 35",
4280,4280 Laundry Income,oi,9,"Bryce - (OKC, OK) - 717 Ventura South",
4280,4280 Resident Or Leasing Referral,nr,14,"Yonnic - (Sulphur Springs, TX) - The Choir",
4280-0000,4280-0000 Month To Month,oi,5,"Yonnic - (Austin, TX) - Alma North Plaza","recoded from 'nr' (standardized to majority ({'oi': 22, 'nr': 5}))"
4283,4283 Employee / Admin Credit,nr,14,"Yonnic -  (Waco, TX) - West Campus Lofts",
4290,4290 Write Off Uncollec,bd,2,"Yonnic - (Houston, TX) - Fall Lakes",
4290,4290 Write Off Uncollectible,nr,2,"Guillermo - (Dallas, TX) - Casa Bonita",
4295,4295 Miscellaneous Credit,nr,37,"Yonnic -  (Waco, TX) - West Campus Lofts",5xoi
4295,4295 Miscellaneous Credit - Other,nr,4,"Trey - (Fate, TX) - The Villages at Fate",
4295,4295 Miscellaneous Income,oi,2,"Emilio  - (Fort Worth, TX) - Leuda-May Apartments",
4300,4300 Extra Key Fee,oi,7,"Bryce - (OKC, OK) - 717 Ventura South",
4300,4300 · Laundry Income,oi,2,"David - (Canton, TX) - Canton Place",
4300,4300 Other Income - Other,oi,4,"Yonnic - (Sulphur Springs, TX) - The Choir",
4300-0101,4300-0101 Admin Fees,oi,5,"Yonnic - (Austin, TX) - Alma North Plaza",
4300-0102,4300-0102 Application Fees,oi,5,"Yonnic - (Austin, TX) - Alma North Plaza",
4300-0103,4300-0103 Waived Admin Fees,oi,5,"Yonnic - (Austin, TX) - Alma North Plaza",
4300-0104,4300-0104 Waived Application Fees,oi,5,"Yonnic - (Austin, TX) - Alma North Plaza",
4300-0201,4300-0201 Renter's Liability Insurance Inc,oi,5,"Yonnic - (Austin, TX) - Alma North Plaza",
4300-0202,4300-0202 Late Fees,oi,5,"Yonnic - (Austin, TX) - Alma North Plaza",
4300-0203,4300-0203 NSF Fees,oi,5,"Yonnic - (Austin, TX) - Alma North Plaza",
4300-0204,4300-0204 Waived Late Fees,oi,5,"Yonnic - (Austin, TX) - Alma North Plaza",
4300-0205,4300-0205 Pest Treatment,oi,5,"Yonnic - (Austin, TX) - Alma North Plaza",
4300-0206,4300-0206 Waiver Deposit Fee,oi,5,"Yonnic - (Austin, TX) - Alma North Plaza",
4300-0208,4300-0208 Prepaid Rent Income,oi,2,"Yonnic - (Austin, TX) - Alma North Plaza",
4300-0209,4300-0209 - Credit Builder,oi,5,"Yonnic - (Austin, TX) - Alma North Plaza",
4300-0210,4300-0210 Transfer Fees,oi,5,"Yonnic - (Austin, TX) - Alma North Plaza",
4300-0301,4300-0301 Bad Debt - Other,bd,5,"Yonnic - (Austin, TX) - Alma North Plaza",
4300-0302,4300-0302 Bad Debt - Other Recoveries,bd,5,"Yonnic - (Austin, TX) - Alma North Plaza",
4300-0307,4300-0307 Eviction Reimbursement,oi,2,"Yonnic - (Austin, TX) - Alma North Plaza","recoded from 'bd' (standardized to majority ({'oi': 4, 'bd': 2}))"
4300-0308,4300-0308 Move-Out/Damaged Charges,oi,5,"Yonnic - (Austin, TX) - Alma North Plaza",
4300-0309,4300-0309 Termination/Cancellation Fees Income,oi,5,"Yonnic - (Austin, TX) - Alma North Plaza",
4300-0310,4300-0310 Trash Removal Fee (Upon Move Out),oi,5,"Yonnic - (Austin, TX) - Alma North Plaza",
4300-0311,4300-0311 Utility Reimbursement Recovery (Upon Move Out),oi,3,"Guillermo - (Fort Worth, TX) - The Flats at Brentwood",
4300-0312,4300-0312 Damage Fees - Cleaning,oi,2,"Yonnic - (Austin, TX) - Alma North Plaza",
4300-0313,4300-0313 Damage Fees - Other,oi,2,"Yonnic - (Austin, TX) - Alma North Plaza",
4300-0314,4300-0314 Damage Fees - Painting,oi,2,"Yonnic - (Austin, TX) - Alma North Plaza",
4300-0317,4300-0317 Damage Fees - Write-Off,oi,2,"Yonnic - (Austin, TX) - Alma North Plaza",
4300-0501,4300-0501 Utility: Electricity Income,ro,2,"Yonnic - (Austin, TX) - Alma North Plaza",
4300-0503,4300-0503 Utility: Reimbursement Income,oi,2,"Yonnic - (Austin, TX) - Alma North Plaza","recoded from 'ro' (standardized to majority ({'oi': 4, 'ro': 2}))"
4300-0505,4300-0505 Utility: Trash Income,rt,2,"Yonnic - (Austin, TX) - Alma North Plaza",
4300-0512,4300-0512 Utility: Water/Sewer Income,rw,2,"Yonnic - (Austin, TX) - Alma North Plaza",
4300-0520,4300-0520 HUD Utility Allowances,rw,2,"Yonnic - (Austin, TX) - Alma North Plaza",
4300-0601,4300-0601 Clubhouse Fees,oi,2,"Yonnic - (Austin, TX) - Alma North Plaza",
4300-0603,4300-0603 Parking - Resident,oi,5,"Yonnic - (Austin, TX) - Alma North Plaza",
4300-0606,4300-0606 Pet Fee - Non Refundable,oi,5,"Yonnic - (Austin, TX) - Alma North Plaza",
4300-0607,4300-0607 Pet Rent,oi,5,"Yonnic - (Austin, TX) - Alma North Plaza",
4300-0612,4300-0612 Washer Dryer Rental Income,oi,3,"Guillermo - (Fort Worth, TX) - The Flats at Brentwood",
4300-0801,4300-0801 Cable Income,ro,3,"Guillermo - (Fort Worth, TX) - The Flats at Brentwood",
4300-0802,4300-0802 Laundry Income,oi,2,"Yonnic - (Austin, TX) - Alma North Plaza",
4300-0803,4300-0803 Vending Machine Income,oi,3,"Guillermo - (Fort Worth, TX) - The Flats at Brentwood",
4300-0902,4300-0902 Last Month's Rent,oi,2,"Yonnic - (Austin, TX) - Alma North Plaza",
4300-0903,4300-0903 Miscellaneous Income,oi,5,"Yonnic - (Austin, TX) - Alma North Plaza",
4300-0907,4300-0907 Key/Lock Income,oi,5,"Yonnic - (Austin, TX) - Alma North Plaza",
4301,4301 - Damage Fees,oi,2,"Bryce - (Addison, TX) - Jade Addison",
4301,4301 Interest income,oi,5,"David - (Kingsville, TX) - Hawk's Landing Apartments",
4301,4301 Month-to-Month,oi,2,"Bryce - (San Antonio, TX) - Reserve at Lone Oak",
43010,43010 - Office Salaries,pr,15,"(Jacksonville, TX) - Pebble Brook",
43010-000,43010-000     Administrative Fees,oi,2,"Yonnic - (San Antonio, TX) - Landera",
4302,4302 AMENITY FEE,ad,2,"Dylan - (Houston, TX) - The 910",
4302,4302 - Carpet Replacement Fees,oi,2,"Bryce - (Addison, TX) - Jade Addison",
4302,4302 Cleaning,oi,2,"Jon - (Anadarko, OK) - The Crossings in Anadarko",
4302,4302 Cleaning Fees,oi,4,"David - (Grand Prairie, TX) - Serrano Creek",
4302,4302 ELECTRICITY REIMBURSEMENT,e,2,"Guillermo - (Dallas, TX) - Eclipse of White Rock",
4302,4302 Pet Rent,oi,2,"Greg - (Haltom City, TX) - Haltom Oaks",
4302,4302 Reletting Fee,oi,2,"Bryce - (San Antonio, TX) - Reserve at Lone Oak",
43020-000,43020-000     Application Fees,oi,2,"Yonnic - (San Antonio, TX) - Landera",
4303,4303 APPLICATION FEES,oi,8,"Dylan - (Houston, TX) - The 910",
4303,4303 - Carpet Clean Fees,oi,2,"Bryce - (Addison, TX) - Jade Addison",
4303,4303 Resident Fees,oi,2,"Bryce - (San Antonio, TX) - Reserve at Lone Oak",
43030,43030 - Maintenance Salaries,pr,15,"(Jacksonville, TX) - Pebble Brook",
4304,4304 ELECTRIC REIMBURSEM,e,4,"Jackson - (Lufkin, TX) - Falling Water",
4304,4304 ELECTRIC REIMBURSEMENT,e,2,"Dylan - (Houston, TX) - The 910",
4305,4305 Bad Debt Recovery,bd,23,"Paul - (Corsicana, TX) - Northwood Village Apartments",
4305,4305 INTERNET CHARGE,ro,2,"Guillermo - (Dallas, TX) - Eclipse of White Rock",
4305,4305 WATER REIMBURSEMENT,w,2,"Dylan - (Houston, TX) - The 910",
4305-0000,4305-0000 Rent Adjustment,r,2,"Danny - (Arlington, TX) - The Sherry",
4306,4306 Conditional Approval Fee,oi,2,"Greg - (San Antonio, TX ) - Lodge at Timberhill",
4306,4306 RELETTING FEE,oi,6,"Dylan - (Houston, TX) - The 910",
4307,4307 FORFEITS,oi,2,"Dylan - (Houston, TX) - The 910",
4307,4307 RISK,oi,2,"Jon - (San Antonio, TX) - Salado Creek Villas",
4308,4308 Lease Termination Fee,oi,2,"Greg - (San Antonio, TX ) - Lodge at Timberhill",
4308,4308 MONTH TO MONTH FEE,oi,6,"Dylan - (Houston, TX) - The 910",
4308,4308 NSF Fees Collected,oi,2,"Bryce - (San Antonio, TX) - Reserve at Lone Oak",
4308,4308 - Odor/Scent Treatment,oi,2,"Bryce - (Addison, TX) - Jade Addison",
43080,43080 - Bonuses,pr,6,"(Jacksonville, TX) - Pebble Brook",
43080-000,43080-000     Damages,oi,2,"Yonnic - (San Antonio, TX) - Landera",
4309,4309 Application Fee,oi,2,"Bryce - (San Antonio, TX) - Reserve at Lone Oak",
4309,4309 GAS REIMBURSEMENT,o,2,"Dylan - (Houston, TX) - The 910",
4309,4309 GATE REMOTE/SPARE KEYS,oi,2,"Guillermo - (Dallas, TX) - Eclipse of White Rock",
4309,4309 - Pest Control Reimbursement Fee,ro,2,"Bryce - (Addison, TX) - Jade Addison",
43097-000,43097-000     Eviction Fees,oi,2,"Yonnic - (San Antonio, TX) - Landera",
4310,4310 Cable TV Revenue,ro,6,"Yonnic -  (Waco, TX) - West Campus Lofts",
4310,4310 Cable/Internet,oi,5,"David - (Kingsville, TX) - Hawk's Landing Apartments",
4310,4310 Late Fee,oi,2,"Bryce - (San Antonio, TX) - Reserve at Lone Oak",
4310,4310 LATE FEES,oi,8,"Dylan - (Houston, TX) - The 910",
4310-0000,4310-0000 Loss/Gain to Lease,ll,4,"Danny - (Arlington, TX) - The Sherry",
4311,4311 Common Area Maintenance Income,oi,2,"Trey - (Fate, TX) - The Villages at Fate",
4311,4311 Internet commissions revenue,oi,4,"Greg - (Garland, TX) - Gardens on Walnut",
4311,4311 Pet Rent - Fees,oi,2,"Bryce - (San Antonio, TX) - Reserve at Lone Oak",
4311,4311 WASHER AND DRYER INCOME,oi,2,"Guillermo - (Dallas, TX) - Eclipse of White Rock",
4311,4311 WASHER AND DRYER RE,oi,4,"Jackson - (Lufkin, TX) - Falling Water",
4311,4311 WASHER AND DRYER RENTAL,oi,2,"Dylan - (Houston, TX) - The 910",
43110,43110 - Payroll Taxes,pr,15,"(Jacksonville, TX) - Pebble Brook",
4312,4312 CREDIT PLUS,oi,4,"Jackson - (Lufkin, TX) - Falling Water",
4312,4312 Internet Recoveries,bd,3,"Paul - (Corsicana, TX) - Northwood Village Apartments",
4312,4312 Pet Fee - One Time,oi,2,"Bryce - (San Antonio, TX) - Reserve at Lone Oak",
4312,4312 Real Estate Tax Income,oi,2,"Trey - (Fate, TX) - The Villages at Fate",
4312,4312 RELETTING / BREAK LEASE FEE,oi,2,"Guillermo - (Dallas, TX) - Eclipse of White Rock",
43120,43120 - Worker'S Comp Insurance,pr,15,"(Jacksonville, TX) - Pebble Brook",
43125-000,43125-000     Interest Income,oi,2,"Yonnic - (San Antonio, TX) - Landera",
43127-000,43127-000     Interest - Escrows,oi,2,"Yonnic - (San Antonio, TX) - Landera",
4313,4313 Gross Sales Profit Share income,oi,2,"Trey - (Fate, TX) - The Villages at Fate",
4313,4313 MISCELLANEOUS INCOM,oi,4,"Jackson - (Lufkin, TX) - Falling Water",
4313,4313 MISCELLANEOUS INCOME,oi,2,"Dylan - (Houston, TX) - The 910",
43130,43130 - Employee Insurance,pr,15,"(Jacksonville, TX) - Pebble Brook",
43135-000,43135-000     Late Charge Fees,oi,2,"Yonnic - (San Antonio, TX) - Landera",
4314,4314 Transfer Fee,oi,2,"Bryce - (San Antonio, TX) - Reserve at Lone Oak",
43140,43140 - Employee Recruitment,pr,15,"(Jacksonville, TX) - Pebble Brook",
43145-000,43145-000     Lease Cancellation Fee,oi,2,"Yonnic - (San Antonio, TX) - Landera",
4315,4315 Electric Recoveries,ro,3,"Paul - (Corsicana, TX) - Northwood Village Apartments",
4315,4315 Electric Reimbursable,ro,19,"Yonnic - (Sulphur Springs, TX) - The Choir",
4315,4315 REDECORATING/ADMIN,oi,4,"Jackson - (Lufkin, TX) - Falling Water",
4315,4315 REDECORATING/ADMIN FEE,oi,2,"Dylan - (Houston, TX) - The 910",
43150,43150 - Contract Help,pr,6,"(Marshall, TX) - Harvest Creek",
4316,4316 NSF FEE,oi,2,"Guillermo - (Dallas, TX) - Eclipse of White Rock",
4316,4316 NSF FEES,oi,6,"Dylan - (Houston, TX) - The 910",
43160-000,43160-000     Locks / Key Income,oi,2,"Yonnic - (San Antonio, TX) - Landera",
4317,4317 INTEREST INCOME,oi,4,"Jackson - (Lufkin, TX) - Falling Water",
43170-000,43170-000     Month-to-Month Premiums,oi,2,"Yonnic - (San Antonio, TX) - Landera",
4318,4318 PET FEES/RENT-NON REFUNDABLE,oi,2,"Dylan - (Houston, TX) - The 910",
4318,4318 PET RENT/FEES-NON R,oi,4,"Jackson - (Lufkin, TX) - Falling Water",
43180,43180 - Retirement (401K Etc),pr,3,"(Lufkin, TX) - Stonebridge",
43180-000,43180-000     NSF Fees,oi,2,"Yonnic - (San Antonio, TX) - Landera",
4319,4319 TRANSFER FEE,oi,2,"Dylan - (Houston, TX) - The 910",
43190,43190 - Payroll Administration,pr,15,"(Jacksonville, TX) - Pebble Brook",
4320,4320 CABLE / PHONE COMMI,ro,4,"Jackson - (Lufkin, TX) - Falling Water",
4320,4320 Electric Income,ro,4,"- (Garland, TX) - Colonial",
4320,4320 Electric Reimbursement,ro,4,"Emilio - (San Antonio, TX) - Greenway",
4320,4320 Electric Submeter,ro,6,"Greg - (Irving, TX) - Irvington Place",
4320,4320 Electricity Convenience Fee,ro,5,"David - (Kingsville, TX) - Hawk's Landing Apartments",
4320,4320 Laundry Income,oi,2,"Jon - (San Antonio, TX) - Salado Creek Villas",
4320,4320 Security Deposit,oi,4,"Bryce - (OKC, OK) - 717 Ventura South",
43201,43201 Non-Refundable Risk Assess Fee,oi,2,"David - (Waco, TX) - Eleven06 on 35",
43201-000,43201-000     Pet Rent,oi,2,"Yonnic - (San Antonio, TX) - Landera",
43202,43202 Pet Rent,oi,2,"David - (Waco, TX) - Eleven06 on 35",
43203,43203 Non-refundable Pet Fees,oi,2,"David - (Waco, TX) - Eleven06 on 35",
4321,4321  CAM,oi,2,"Emilio  - (Fort Worth, TX) - Leuda-May Apartments",
43210,43210 - Management Fees,mf,15,"(Jacksonville, TX) - Pebble Brook",
43215-000,43215-000     Renter's Insurance Fees,oi,2,"Yonnic - (San Antonio, TX) - Landera",
4322,4322 Gas Income,ro,2,"- (Garland, TX) - Colonial",
4322,4322 Gas Recoveries,ro,3,"Paul - (Corsicana, TX) - Northwood Village Apartments",
4322,4322 Gas Submeter,ro,2,"Emilio - (Plano, TX) - Magnolia on 16th",
4322,4322 LAUNDRY CONTRACT C,oi,4,"Jackson - (Lufkin, TX) - Falling Water",
4323,4323 CLEANING/DAMAGES,oi,6,"Dylan - (Houston, TX) - The 910",
4323,4323 Garage - Parking,oi,2,"Bryce - (San Antonio, TX) - Reserve at Lone Oak",
4324,4324 FACILITY FEE REIMBURSEMENT,oi,2,"Dylan - (Houston, TX) - The 910",
4324,4324 Parking,oi,2,"Bryce - (San Antonio, TX) - Reserve at Lone Oak",
4325,4325 Pest Control Fee Income,oi,2,"Dylan  - (Dallas, TX) - Rosedale Apartments",
4325,4325 Pest Control Fees,oi,50,"Yonnic - (Sulphur Springs, TX) - The Choir",10xro
4325,4325 Pest Control Income,oi,2,"- (Garland, TX) - Hanover House","recoded from 'ro' (standardized to majority ({'oi': 37, 'ro': 4}))"
43250-000,43250-000     Transfer Fee,oi,2,"Yonnic - (San Antonio, TX) - Landera",
43257-000,43257-000     Cable Rebill,ro,2,"Yonnic - (San Antonio, TX) - Landera",
43258-000,43258-000     Electric Rebill,ro,2,"Yonnic - (San Antonio, TX) - Landera",
4326,4326 Pet Rent Income,oi,6,"Trey - (Fate, TX) - The Villages at Fate",
43260-000,43260-000     Utility Reimbursement,rw,2,"Yonnic - (San Antonio, TX) - Landera","recoded from 'ro' (standardized to majority ({'ro': 10, 'rw': 17}))"
43261-000,43261-000     Pest Control Rebill,ro,2,"Yonnic - (San Antonio, TX) - Landera",
43262-000,43262-000     Trash Rebill,rt,2,"Yonnic - (San Antonio, TX) - Landera",
43264-001,43264-001     Water/Sewer Rebill,rw,2,"Yonnic - (San Antonio, TX) - Landera",
43264-010,43264-010     Sewer Rebill,rw,2,"Yonnic - (San Antonio, TX) - Landera",
4327,4327 Trash and Recycling Fee Income,rt,2,"Dylan  - (Dallas, TX) - Rosedale Apartments",
4327,4327 Utility Billing Fee,ro,2,"Yonnic -  (Waco, TX) - West Campus Lofts",
43270-000,43270-000     Washer / Dryer Rental Income,oi,2,"Yonnic - (San Antonio, TX) - Landera",
4328,4328 Allocating Natural Gas Fee Income,ro,2,"Dylan  - (Dallas, TX) - Rosedale Apartments",
4328,4328 PEST CONTROL REIMBU,oi,4,"Jackson - (Lufkin, TX) - Falling Water",
4328,4328 PEST CONTROL REIMBURSEMENT,ro,2,"Dylan - (Houston, TX) - The 910","recoded from 'oi' (standardized to majority ({'ro': 38, 'oi': 4}))"
4329,4329 Allocating Stormwater/Drainage Fee,rw,2,"Dylan  - (Dallas, TX) - Rosedale Apartments",
4329,4329 Bad Debt Write-Off,bd,2,"Bryce - (San Antonio, TX) - Reserve at Lone Oak",
4329,4329 CREDIT BUILDER FEE R,cs,4,"Jackson - (Lufkin, TX) - Falling Water",
4329,4329 CREDIT BUILDER FEE REIMB,ad,2,"Dylan - (Houston, TX) - The 910",
43290-000,43290-000     Miscellaneous Income,oi,2,"Yonnic - (San Antonio, TX) - Landera",
4330,4330 A/R Increase (De,bd,2,"Yonnic - (Houston, TX) - Fall Lakes",
4330,4330 A/R Increase (Decrease),nr,2,"Guillermo - (Dallas, TX) - Casa Bonita",
4330,4330 Allocating Services & Govt Fee,ro,2,"Dylan  - (Dallas, TX) - Rosedale Apartments",
4330,4330 GARAGE AND STORAGE RENT,oi,2,"Dylan - (Houston, TX) - The 910",
4330,4330 Miscellaneous Income,oi,2,"Bryce - (San Antonio, TX) - Reserve at Lone Oak",
4330,4330 Trash Recoverable,rt,2,"Yonnic - (Mount Pleasant, TX) - Shady Oaks",
4330,4330 Trash Revenue,rt,3,"Paul - (Corsicana, TX) - Northwood Village Apartments",
4330,4330 Trash Service,rt,2,"Yonnic -  (Waco, TX) - West Campus Lofts",
4330,4330 Trash Service Charge,rt,5,"David - (Kingsville, TX) - Hawk's Landing Apartments",
4330,4330 Trash Service Fee,rt,30,"Yonnic - (Sulphur Springs, TX) - The Choir",1xoi
4330,4330 Trash Service Fee-DO NOT USE,oi,2,"Emilio  - (Fort Worth, TX) - Leuda-May Apartments",
4330,4330 Trash Service Income,rt,2,"- (Garland, TX) - Colonial",
43300,43300 Application Fees,oi,2,"David - (Waco, TX) - Eleven06 on 35",
43301,43301 Administration Fees,oi,2,"David - (Waco, TX) - Eleven06 on 35",
4331,4331 Admin Fees,oi,2,"Yonnic - (Sulphur Springs, TX) - The Choir",
4331,4331 Interest Income,oi,2,"Bryce - (San Antonio, TX) - Reserve at Lone Oak",
4331,4331 PARKING INCOME,oi,4,"Dylan - (Houston, TX) - The 910",
4331,4331 Pet Rent,oi,2,"Yonnic - (Mount Pleasant, TX) - Shady Oaks",
4331,4331 Water Income,rw,2,"Dylan  - (Dallas, TX) - Rosedale Apartments",
43310,43310 - Office Furniture & Supplies,ad,15,"(Jacksonville, TX) - Pebble Brook",
4332,4332 City Street Maintenance,oi,2,"Yonnic - (Sulphur Springs, TX) - The Choir",
4332,4332 Renters Insurance,oi,2,"Yonnic - (Mount Pleasant, TX) - Shady Oaks",
43320,43320 - Telephone & Answering Service,ad,15,"(Jacksonville, TX) - Pebble Brook",
4333,4333 Mosquito Control,oi,2,"Yonnic - (Mount Pleasant, TX) - Shady Oaks",
4333,4333 Risk Fee,oi,2,"Yonnic - (Sulphur Springs, TX) - The Choir",
4334,4334 Gas Income,ro,2,"Dylan  - (Dallas, TX) - Rosedale Apartments",
4335,4335 Renter's Insurance,oi,5,"Greg - (Houston, TX) - Hidden Park",
4335,4335 Valet Trash Service,rt,4,"Trey - (Fate, TX) - The Villages at Fate",
43350,43350 - Professional Service,ad,15,"(Jacksonville, TX) - Pebble Brook",
4336,4336 Electric Income,ro,2,"Dylan  - (Dallas, TX) - Rosedale Apartments",
4336,4336 Electricity,ro,2,"Yonnic -  (Waco, TX) - West Campus Lofts",
43360,43360 - Site Office Travel,ad,12,"(Jacksonville, TX) - Pebble Brook",
4337,4337 Trash Income,rt,2,"Dylan  - (Dallas, TX) - Rosedale Apartments",
43370,43370 - Postage & Freight,ad,15,"(Jacksonville, TX) - Pebble Brook",
43380,43380 - Employee Relations,ad,15,"(Jacksonville, TX) - Pebble Brook",
4339,4339 Tenant Damages - Move Out Charges,oi,2,"Bryce - (San Antonio, TX) - Reserve at Lone Oak",
43390,"43390 - Licenses, Permits, Taxes",ad,15,"(Jacksonville, TX) - Pebble Brook",
4340,4340 FACILITY FEE REIMBUR,cs,4,"Jackson - (Lufkin, TX) - Falling Water",
4340,4340 FACILITY FEE REIMBURSEMENT,ad,2,"Dylan - (Houston, TX) - The 910",
4340,4340 - Utilities Billback,rw,2,"Paul - (West Colombia, TX) - Whispering Pines",
4340,4340 Water Et Sewer Revenue,rw,4,"Emilio - (San Antonio, TX) - Greenway",
4340,4340 Water & Sewer Income,rw,4,"- (Garland, TX) - Colonial",
4340,4340 Water & Sewer Revenue,rw,25,"Paul - (Corsicana, TX) - Northwood Village Apartments",
4340,4340 Water/Sewer Charge - Other,rw,5,"David - (Kingsville, TX) - Hawk's Landing Apartments",
43400,43400 - Credit & Collections,ad,15,"(Jacksonville, TX) - Pebble Brook",
43400,43400 Late Charge Fees,oi,2,"David - (Waco, TX) - Eleven06 on 35",
4341,4341 Renters Insurance,oi,2,"Yonnic -  (Waco, TX) - West Campus Lofts",
4341,4341 Washer Dryer Rental,oi,2,"Bryce - (San Antonio, TX) - Reserve at Lone Oak",
43410,43410 - Dues & Subscriptions,ad,15,"(Jacksonville, TX) - Pebble Brook",
4342,4342 Garage Income,oi,2,"Yonnic -  (Waco, TX) - West Campus Lofts",
4342,4342 Resident Liability Fee Income,oi,2,"Bryce - (San Antonio, TX) - Reserve at Lone Oak",
43420,"43420 - Copier, Forms & Printing",ad,15,"(Jacksonville, TX) - Pebble Brook",
4345,4345 Cleaning Charged/Fees,oi,2,"Yonnic -  (Waco, TX) - West Campus Lofts",
4345,4345 TRASH REIMBURSEMENT,rt,2,"Dylan - (Houston, TX) - The 910",
43450,43450 - Training & Seminars,ad,15,"(Jacksonville, TX) - Pebble Brook",
43460,43460 - Administrative/Forms,ad,15,"(Jacksonville, TX) - Pebble Brook",
4348,4348 UTILITY ADMIN FEE,ro,2,"Dylan - (Houston, TX) - The 910",
43480,43480 - Computer Supplies,ad,15,"(Jacksonville, TX) - Pebble Brook",
43490,43490 - Miscellaneous Administrative,ad,15,"(Jacksonville, TX) - Pebble Brook",
4350,4350 Insurance Claim Income,oi,2,"Jon - (San Antonio, TX) - Salado Creek Villas",
4350,4350 Utility Reimbursements,rw,2,"Trey - (Fate, TX) - The Villages at Fate","recoded from 'ro' (standardized to majority ({'rw': 4, 'oi': 2, 'ro': 4}))"
4350.000,4350.000 - Renter's Insurance,oi,3,"Guillermo - (Moore, OK) - Southwinds Apartments",
43500,43500 NSF Check Fees,oi,2,"David - (Waco, TX) - Eleven06 on 35",
43501,43501 Trash Service Fee,rt,2,"David - (Waco, TX) - Eleven06 on 35",
43502,43502 Cleaning Charges / Fees,oi,2,"David - (Waco, TX) - Eleven06 on 35",
43510,43510 - Advertising,m,15,"(Jacksonville, TX) - Pebble Brook",
43520,43520 - Locator Commissions,m,9,"(Marshall, TX) - Harvest Creek",
43530,43530 - Property Promotions & Other Mktg,m,15,"(Jacksonville, TX) - Pebble Brook",
43540,43540 - Referral Fees,m,12,"(Jacksonville, TX) - Pebble Brook",
4355,4355 Risk Fee,oi,4,"Bryce - (OKC, OK) - 717 Ventura South",
4356,4356 DEPOSIT FORFEIT,oi,2,"Guillermo - (Dallas, TX) - Eclipse of White Rock",
43560,43560 - Model Furniture & Supply,m,9,"(Jacksonville, TX) - Pebble Brook",
4357,4357 EXTENDED PATIO FEE,oi,2,"Guillermo - (Dallas, TX) - Eclipse of White Rock",
4358,4358 LOCK OUT FEE,oi,2,"Guillermo - (Dallas, TX) - Eclipse of White Rock",
43580,43580 - Brochures & Related Materials,m,15,"(Jacksonville, TX) - Pebble Brook",
43590,43590 - Leasing Commissions,pr,15,"(Jacksonville, TX) - Pebble Brook","recoded from 'm' (standardized to majority ({'pr': 30, 'm': 15}))"
4360,4360 Credit Builder,oi,4,"Bryce - (OKC, OK) - 717 Ventura South",
4360,4360 Credit Builder Income,oi,2,"Greg - (San Antonio, TX ) - Lodge at Timberhill",
4360,4360 Pest Control Fees,oi,2,"Emilio - (Balch Springs, TX) - The Elinor on Elam",
4360,4360 WasherDryer Rent,oi,2,"Greg - (Houston, TX) - Hidden Park",
4360.000,4360.000 - Legal Fees,oi,3,"Guillermo - (Moore, OK) - Southwinds Apartments",
43600,43600 Lease Termination Fees,oi,2,"David - (Waco, TX) - Eleven06 on 35",
43610,43610 - Electricity-Property,e,15,"(Jacksonville, TX) - Pebble Brook",
4362,4362 COMMUNITY MAINT FEE,oi,2,"Dylan - (Houston, TX) - The 910",
4362,4362 Lease Violation Fee,oi,5,"Greg - (Houston, TX) - Hidden Park",
43620,43620 - Electricity-Vacant & Model,e,15,"(Jacksonville, TX) - Pebble Brook",
43625,43625 - Electric Reimbursement,e,12,"(Jacksonville, TX) - Pebble Brook",1xro
43630,43630 - Vcr-Vacant Electric Billing,e,12,"(Jacksonville, TX) - Pebble Brook",
4364,4364 Risk Fee (Non-Refundab,oi,5,"Greg - (Houston, TX) - Hidden Park",
43640,43640 - Water,w,15,"(Jacksonville, TX) - Pebble Brook",
43642,43642 - Water-Irrigation,w,15,"(Jacksonville, TX) - Pebble Brook",
43645,43645 - Water/Sewer Reimbursements,rw,12,"(Jacksonville, TX) - Pebble Brook",1xw
43650,43650 - Sewer,w,15,"(Jacksonville, TX) - Pebble Brook",
4366,4366 Amenities Fee,oi,5,"Greg - (Houston, TX) - Hidden Park",
4366,4366 TECH PACKAGE,oi,2,"Dylan - (Houston, TX) - The 910",
4368,4368 Lease Lock,oi,2,"Greg - (Houston, TX) - Hidden Park",
4368,4368 PET RENT,oi,2,"Dylan - (Houston, TX) - The 910",
43680,43680 - Billing Fees & Tax Credit Expenses,o,15,"(Jacksonville, TX) - Pebble Brook",2xw
43700,43700 - Grounds Maintenance Contract,cs,15,"(Jacksonville, TX) - Pebble Brook",
43710,43710 - Exterminating Service & Supplies,cs,15,"(Jacksonville, TX) - Pebble Brook",
43715,43715 - Pest Control Reimbursement,ro,12,"(Jacksonville, TX) - Pebble Brook",2xcs
4372,4372 Deposit Waiver,oi,3,"Greg - (Houston, TX) - Encanto",
43720,43720 - Garbage & Trash Removal,tr,15,"(Jacksonville, TX) - Pebble Brook",2xcs
43725,43725 - Trash Reimbursement,rt,12,"(Jacksonville, TX) - Pebble Brook",1xtr
43730,43730 - Snow Removal,cs,3,"(Wichita Falls, TX) - Brook Hollow",
43740,43740 - Courtesy Patrol,cs,15,"(Jacksonville, TX) - Pebble Brook",
4375,4375 Assigned Parking,oi,2,"Jon - (San Antonio, TX) - Salado Creek Villas",
43750,43750 - Cablevision & Antenna,cs,3,"(Wichita Falls, TX) - Brook Hollow",
43760,43760 - Uniform Services & Cleaning,ad,12,"(Jacksonville, TX) - Pebble Brook",recoded from 'cs' (house rule: uniforms -> ad)
43800,43800 Resident Damage Charges,oi,2,"David - (Waco, TX) - Eleven06 on 35",
43810,43810 - Pool Cleaning,cs,3,"(Marshall, TX) - Harvest Creek",
43820,43820 - Vehicles,cs,9,"(Jacksonville, TX) - Pebble Brook",
43830,43830 - Hallway Cleaning & Repairs,cs,15,"(Jacksonville, TX) - Pebble Brook",
43840,43840 - Fire Protection,cs,15,"(Jacksonville, TX) - Pebble Brook",
43851,43851 Service of Notice fee,oi,2,"David - (Waco, TX) - Eleven06 on 35",
43880,43880 - Corporate Unit,cs,3,"(Wichita Falls, TX) - Brook Hollow",
43900,43900 Interest Income,oi,2,"David - (Waco, TX) - Eleven06 on 35",
43900,43900 - Painting-Contract Labor,rm,3,"(Athens, TX) - Deer Park",
4391,4391 MISCELLANEOUS,oi,2,"Guillermo - (Dallas, TX) - Eclipse of White Rock",
43910,43910 - Paint Supplies,rm,15,"(Jacksonville, TX) - Pebble Brook",
43920,43920 - Contract Cleaning & Supply,rm,15,"(Jacksonville, TX) - Pebble Brook",
43930,43930 - Carpet Cleaning,rm,12,"(Jacksonville, TX) - Pebble Brook",
43940,43940 - Carpet Dying & Repairs,rm,15,"(Jacksonville, TX) - Pebble Brook",
43960,43960 - Sheetrock Repairs,rm,15,"(Jacksonville, TX) - Pebble Brook",
4400,4400 Credit Builder,oi,2,"Yonnic -  (Waco, TX) - West Campus Lofts",
4400,4400 Other Utility Incom,ro,2,"Jon - (Anadarko, OK) - The Crossings in Anadarko",
4400,4400 - Plus Rent - General Ledger,nr,2,"Guillermo - (Lubbock, TX) - The Boulders at Lakeridge",
4401,4401 Amenity Fees,oi,2,"Dylan  - (Dallas, TX) - Rosedale Apartments",
44010,44010 - Rent,r,6,"Dylan - (Dallas, TX) - Principal Residences",
44011,44011 - Loss to Lassa,ll,2,"Danny - (Dallas, TX) - Magnolia on Gaston",
44011,44011 - Loss to Lease,ll,6,"Dylan - (Dallas, TX) - Principal Residences",
44015,44015 - MT1A / Short Tem,oi,2,"Danny - (Dallas, TX) - Magnolia on Gaston",
44015,44015 - MTM / Short Term,oi,6,"Dylan - (Dallas, TX) - Principal Residences",
44015-,44015- Rol,r,2,"Danny - (Dallas, TX) - Magnolia on Gaston",
4402,4402 - Pet Rent,oi,2,"Bryce - (Addison, TX) - Jade Addison",
4402,4402 Water & Sewer,rw,2,"Jon - (Anadarko, OK) - The Crossings in Anadarko",
44020,44020 - Roof Supplies & Repairs,rm,9,"(Jacksonville, TX) - Pebble Brook",
4403,4403 - Laundry/Vending Income,oi,2,"Bryce - (Addison, TX) - Jade Addison",
44030,44030 Garage Rent Income,oi,2,"David - (Waco, TX) - Eleven06 on 35",
44030,44030 - Grounds Maintenance Supplies,rm,15,"(Jacksonville, TX) - Pebble Brook",
4404,4404 Garbage,rt,2,"Jon - (Anadarko, OK) - The Crossings in Anadarko",
4404,4404 Risk Fee,oi,2,"Emilio - (Balch Springs, TX) - The Elinor on Elam",
4404,4404 Waste Removal,rt,2,"Emilio - (Arlington, TX) - Chalet Apartments",
44040,44040 - Car Poit,oi,2,"Danny - (Dallas, TX) - Magnolia on Gaston",
44040,44040 - Car Port,oi,6,"Dylan - (Dallas, TX) - Principal Residences",
44040,44040 - Pool Supplies & Repairs,rm,15,"(Jacksonville, TX) - Pebble Brook",
44040,44040 Reserved  Parking,oi,2,"David - (Waco, TX) - Eleven06 on 35",
4405,4405 Administration Fees,oi,48,"Paul - (Corsicana, TX) - Northwood Village Apartments",1xro
4405,4405 Amenity Fees,oi,2,"Chris  - (Dallas, TX) - The Wesley Apartments","recoded from 'ro' (standardized to majority ({'oi': 4, 'ro': 2}))"
4405,4405 - Energy Royalty,oi,2,"Bryce - (Addison, TX) - Jade Addison",
4405,4405 Move In Fee,oi,2,"Yonnic - (Mount Pleasant, TX) - Shady Oaks",
44050,44050 - Parking Lot & Sidewalks,rm,9,"(Jacksonville, TX) - Pebble Brook",
44060,44060 - Clubhouse & Amenity Repairs,rm,15,"(Jacksonville, TX) - Pebble Brook",
44060,44060 - Storage Space Rental,oi,6,"Dylan - (Dallas, TX) - Principal Residences",
44070,44070 - Electrical Supplies & Repairs,rm,15,"(Jacksonville, TX) - Pebble Brook",
44070,44070 Vaulted Ceiling Charge,oi,2,"David - (Waco, TX) - Eleven06 on 35",
44080,44080 - Plumbing Supplies & Repairs,rm,15,"(Jacksonville, TX) - Pebble Brook",
4409,4409 Risk Fee,oi,2,"Yonnic - (Mount Pleasant, TX) - Shady Oaks",
44090,44090 - Hvac Supplies & Repairs,rm,15,"(Jacksonville, TX) - Pebble Brook",
4410,4410 Appliance Rental Income,oi,26,"Emilio - (San Antonio, TX) - Las Palmas Townhomes",
4410,4410 Application Fees,oi,6,"Yonnic - (Houston, TX) - Fall Lakes",
4410,4410 - Less: Vacancy Loss,v,2,"Guillermo - (Lubbock, TX) - The Boulders at Lakeridge",
4410,4410 - (Loss)/Gain To Lease,ll,2,"Dylan - (Houston, TX) - Northbrooke",
4410,4410 Reserved Parking,oi,2,"Greg - (Garland, TX) - Villa Placita",
44100,44100 Laundry Room Income,oi,2,"David - (Waco, TX) - Eleven06 on 35",
441099,441099 - Other Income - Miscellaneous,oi,2,"Paul - (Fort Worth, TX) - Aden Crest",
4411,4411 Credit Builder,oi,2,"Guillermo - (Bryan, TX) - West University Gardens",
44110,44110 - Appliance Supplies & Repairs,rm,15,"(Jacksonville, TX) - Pebble Brook",
44110,44110 Cable TV Revenue,ro,2,"David - (Waco, TX) - Eleven06 on 35",
44112,44112 Pest Control Fees,oi,2,"David - (Waco, TX) - Eleven06 on 35","recoded from 'ro' (standardized to majority ({'oi': 68, 'ro': 2}))"
44114,44114 Electric Income,ro,2,"David - (Waco, TX) - Eleven06 on 35",
44115,44115 Water & Sewer Revenue,rw,2,"David - (Waco, TX) - Eleven06 on 35",
44120,44120 - Carpentry Supplies,rm,15,"(Jacksonville, TX) - Pebble Brook",
44120,44120 Utility,ro,2,"David - (Waco, TX) - Eleven06 on 35",
44130,44130 - Hardware Supplies,rm,15,"(Jacksonville, TX) - Pebble Brook",
44140,44140 - Lock And Keys,rm,15,"(Jacksonville, TX) - Pebble Brook",
4415,4415 Application Fees,oi,75,"Paul - (Corsicana, TX) - Northwood Village Apartments",
44150,44150 - Light Bulbs And Fixtures,rm,15,"(Jacksonville, TX) - Pebble Brook",
4416,4416 Eviction Fee,oi,2,"Yonnic -  (Waco, TX) - West Campus Lofts",
44160,"44160 - Glass,Mirrors & Screens",rm,12,"(Jacksonville, TX) - Pebble Brook",
4418,4418 Attorney / Court Fees,oi,26,"Paul - (Corsicana, TX) - Northwood Village Apartments",
4420,4420 Cleaning / Janitorial Reimbursement,oi,4,"- (Garland, TX) - Colonial",
4420,4420 Cleaning Charges / Fees,oi,52,"Paul - (Corsicana, TX) - Northwood Village Apartments",
4420,4420 Late payment fee,oi,2,"Greg -  (Garland, TX) - Meadowlark Apartments",
4420,4420 Monthly Pet Fee,oi,2,"Yonnic -  (Waco, TX) - West Campus Lofts",
44200,44200 Washer/Dryer Rental Income,oi,2,"David - (Waco, TX) - Eleven06 on 35",
44220,44220 - Sprinkler System Repairs,rm,6,"(Jacksonville, TX) - Pebble Brook",
4425,4425 Deposit Alternative,oi,2,"Greg - (San Antonio, TX ) - Lodge at Timberhill",
4425,4425 - Security Officer Concessions,nr,2,"Guillermo - (Lubbock, TX) - The Boulders at Lakeridge",
4426,4426 Internet,oi,4,"Yonnic - (Houston, TX) - Fall Lakes",
4428,4428 Admin Fees,oi,2,"Chris  - (Dallas, TX) - The Wesley Apartments",
4428,4428 Resident Damage Charges,oi,54,"Paul - (Corsicana, TX) - Northwood Village Apartments",
4428,4428 Resident Damage Charges - Other,oi,2,"Yonnic - (Mount Pleasant, TX) - Shady Oaks",
4430,4430 Application Fee,oi,2,"Greg - (Garland, TX) - Villa Placita",
4430,4430 Cleaning Charges,oi,2,"Yonnic - (Houston, TX) - Fall Lakes",
4430,4430 Convenience Fee,oi,2,"Greg -  (Garland, TX) - Meadowlark Apartments",
4430,4430 - Less: Model Unit,nr,2,"Guillermo - (Lubbock, TX) - The Boulders at Lakeridge",
44300,44300 Month to Month Fees,oi,2,"David - (Waco, TX) - Eleven06 on 35",
44310,44310 - Real Estate Tax,tx,15,"(Jacksonville, TX) - Pebble Brook",
4432,4432 Lease Violation Charge,oi,5,"David - (Kingsville, TX) - Hawk's Landing Apartments",
4433,4433 First Floor Premium,oi,2,"Greg - (Haltom City, TX) - Haltom Oaks",
4433,4433 Liability Waiver,oi,2,"Dylan  - (Dallas, TX) - Rosedale Apartments",
4434,4434 Interest Income,oi,23,"Paul - (Corsicana, TX) - Northwood Village Apartments",
44340,44340 - Hazard Insurance,i,12,"(Jacksonville, TX) - Pebble Brook",
4438,4438 Key & Lock Charges,oi,25,"Paul - (Corsicana, TX) - Northwood Village Apartments",
4440,4440 Administration Fee,oi,2,"Greg - (Garland, TX) - Villa Placita",
4440,4440 Damages,oi,4,"Yonnic - (Houston, TX) - Fall Lakes",
4440,4440 Late Charge Fees,oi,56,"Yonnic -  (Waco, TX) - West Campus Lofts",
4440,4440 Late Charges,oi,5,"Paul - (Corsicana, TX) - Northwood Village Apartments",
4440,4440 Late Fees,oi,18,"Yonnic - (Sulphur Springs, TX) - The Choir",
4440,4440 - Less: Concessions,nr,2,"Guillermo - (Lubbock, TX) - The Boulders at Lakeridge",
4442,4442 Late Charge Fees - Utility,oi,6,"Greg - (Irving, TX) - Mandalay Apartments",
4442,4442 Late Charge- Utility,oi,2,"Greg - (Haltom City, TX) - Haltom Oaks",
44420,44420 - Write-Off Of Uncollectable Rents,bd,2,"Dylan - (Houston, TX) - Corridor at Westchase",
4444,4444 After Hours Resident Emergency,oi,2,"Guillermo - (Bryan, TX) - West University Gardens",
4445,4445 Laundry Room Income,oi,43,"Yonnic - (Sulphur Springs, TX) - The Choir",
4448,4448 Late Charge Fees,oi,2,"Greg  - (Arlington, TX) - Norwood Place Apartments",
4448,4448 Lease Termination Fees,oi,67,"Paul - (Corsicana, TX) - Northwood Village Apartments",
4449,4449 Lease Violation,oi,2,"Emilio - (Balch Springs, TX) - The Elinor on Elam",
4449,4449 Lease Violation Charge,oi,2,"Yonnic - (Mount Pleasant, TX) - Shady Oaks",
4449,4449 Leasing Commission,oi,2,"Dylan  - (Dallas, TX) - Rosedale Apartments",
4449,4449 Reletting Fee,oi,2,"Guillermo - (Bryan, TX) - West University Gardens",
4449,4449 Short Term Fee,oi,2,"Trey - (Fate, TX) - The Villages at Fate",
4450,4450 Late payment fee,oi,2,"Greg - (Garland, TX) - Villa Placita",
4450,4450 - Less: Delinquent Rent,bd,2,"Guillermo - (Lubbock, TX) - The Boulders at Lakeridge",
4450,4450 Month to Month Fees,oi,71,"Paul - (Corsicana, TX) - Northwood Village Apartments",
4450,4450 Pet Rent,oi,2,"Greg -  (Garland, TX) - Meadowlark Apartments",
44500,44500 - Employee Concession,nr,2,"Dylan - (Houston, TX) - Corridor at Westchase",
44501,44501 Electric Reimbursable,ro,2,"David - (Waco, TX) - Eleven06 on 35",
44503,44503 Utility Reimbursements,rw,2,"David - (Waco, TX) - Eleven06 on 35","recoded from 'ro' (standardized to majority ({'rw': 4, 'oi': 2, 'ro': 4}))"
4451,4451 Utility Convience Fee,rw,5,"David - (Kingsville, TX) - Hawk's Landing Apartments",
4451,4451 Utility Setup Fee,oi,8,"Yonnic - (Sulphur Springs, TX) - The Choir",
4452,4452 - Insurance Reimbursement,ro,2,"Bryce - (Addison, TX) - Jade Addison","recoded from 'oi' (standardized to majority ({'ro': 4, 'oi': 2}))"
4452,4452 Move Out Damages,oi,4,"Greg - (Dallas, TX) - Crossroads Townhomes",
4452,4452 Move Out Fee (Damages etc),oi,2,"Yonnic - (Mount Pleasant, TX) - Shady Oaks",
4453,4453 Short Term Lease Fee,oi,2,"Guillermo - (Bryan, TX) - West University Gardens",
4453,4453 Transfer Fees,oi,4,"Yonnic - (Houston, TX) - Fall Lakes",
4455,4455 Non-refundable Pet Fees,oi,59,"Yonnic -  (Waco, TX) - West Campus Lofts",
4455,4455 Pet Rent and Non Refundable Fees,oi,5,"David - (Kingsville, TX) - Hawk's Landing Apartments",
44550,44550 - One-Time Concession,nr,2,"Dylan - (Houston, TX) - Corridor at Westchase",
4456,4456 Pet Rent,oi,6,"Guillermo - (Bryan, TX) - West University Gardens",
4457,4457 Pet Rent,oi,2,"Emilio - (Balch Springs, TX) - The Elinor on Elam",
4458,4458 - Resident Credit Report Reimbursement,oi,2,"Bryce - (Addison, TX) - Jade Addison",
4458,4458 Waived / Conc. Carport / Reserved Income,oi,2,"Emilio - (Balch Springs, TX) - The Elinor on Elam",
4459,4459 Carport / Reserved Parking Income,oi,2,"Emilio - (Balch Springs, TX) - The Elinor on Elam",
4460,4460 Convenience Fee,oi,2,"Greg - (Garland, TX) - Villa Placita",
4460,4460 NSF Check Fees,oi,52,"Paul - (Corsicana, TX) - Northwood Village Apartments",
4460,4460 Nsf Payment Fees,oi,2,"Guillermo - (Bryan, TX) - West University Gardens",
4460,4460 - Plus: Prepaid Rent,nr,2,"Guillermo - (Lubbock, TX) - The Boulders at Lakeridge",
44602,44602 Remote Reimbursement,ro,2,"David - (Waco, TX) - Eleven06 on 35",
4462,4462 Pet Fees,oi,3,"Paul - (Corsicana, TX) - Northwood Village Apartments",
4463,4463 Pet Rent,oi,2,"Bryce - (San Antonio, TX) - Broadstone Collonade",
44650,44650 - Resident Referral Concession,nr,2,"Dylan - (Houston, TX) - Corridor at Westchase",
4468,4468 Remote Reimbursement,ro,2,"Bryce - (San Antonio, TX) - Broadstone Collonade","recoded from 'oi' (standardized to majority ({'ro': 2, 'oi': 2}))"
4469,4469 Renters Insurance,oi,2,"Yonnic - (Sulphur Springs, TX) - The Choir",
4469,4469 Renters Insurance Non-compliance fee,oi,5,"David - (Kingsville, TX) - Hawk's Landing Apartments",
4469,4469 Renters Insurance Noncompliance Fee,oi,2,"Guillermo - (Bryan, TX) - West University Gardens",
4469,4469 Renters Insurance Premium,oi,13,"Paul - (Corsicana, TX) - Northwood Village Apartments",
4470,4470 Internet & Cable,oi,2,"Greg - (Garland, TX) - Villa Placita",
44700,44700 - Model Units,nr,2,"Dylan - (Houston, TX) - Corridor at Westchase",
44700,44700 Transfer Fees,oi,2,"David - (Waco, TX) - Eleven06 on 35",
4471,4471 Non-refundable Security Deposits,oi,2,"- (Garland, TX) - Colonial",
4471,4471 Relet Fee,oi,3,"Paul - (Corsicana, TX) - Northwood Village Apartments",
4471,4471 Renters Liability Insurance,oi,2,"Greg - (San Antonio, TX ) - Lodge at Timberhill",
4474,4474 Risk Fee Income,oi,3,"Paul - (Corsicana, TX) - Northwood Village Apartments",
4475,4475 Security Deposit Forfeiture,oi,10,"Yonnic - (Mount Pleasant, TX) - Shady Oaks",
44750,44750 Utility Billing Fee,ro,2,"David - (Waco, TX) - Eleven06 on 35",
4476,4476 Resident Liability Fee,oi,2,"Greg - (San Antonio, TX ) - Lodge at Timberhill",
4480,4480 New Late Charge,oi,6,"Yonnic - (Houston, TX) - Fall Lakes",
4480,4480 Pet Rent,oi,2,"Greg - (Garland, TX) - Villa Placita",
44800,44800 Key & Lock Charges,oi,2,"David - (Waco, TX) - Eleven06 on 35",
4485,4485 Transfer Fees,oi,25,"Paul - (Corsicana, TX) - Northwood Village Apartments",
44850,44850 Attorney / Court Fees,oi,2,"David - (Waco, TX) - Eleven06 on 35",
44855,44855 Evictions Income,oi,2,"David - (Waco, TX) - Eleven06 on 35",
4486,4486 Lease Violation,oi,2,"Yonnic -  (Waco, TX) - West Campus Lofts",
4487,4487 Utility Administration Fee,rw,26,"Paul - (Corsicana, TX) - Northwood Village Apartments",4xoi; 2xro
4487,4487 Utility Billing Fee,oi,2,"Yonnic - (Sulphur Springs, TX) - The Choir",
4488,4488 Eletric Revenue / Commissions,oi,4,"Greg - (Garland, TX) - Casa Del Mar",
4488,4488 Vacant Electric Fee,ro,2,"Bryce - (San Antonio, TX) - Broadstone Collonade",
44880,44880 Violations,oi,2,"David - (Waco, TX) - Eleven06 on 35",
4489,4489 Package Fee,oi,3,"Paul - (Corsicana, TX) - Northwood Village Apartments",
44890,44890 Renters Insurance Premium,oi,2,"David - (Waco, TX) - Eleven06 on 35",
44893,44893 Credit Builder Income,oi,2,"David - (Waco, TX) - Eleven06 on 35",
44894,44894 Rent Reporting,oi,2,"David - (Waco, TX) - Eleven06 on 35",
44897,44897 Claims,oi,2,"David - (Waco, TX) - Eleven06 on 35",
4490,4490 Vending Machine Income,oi,14,"Greg - (Lewisville, TX) - Mason on Main",
44900,44900 Miscellaneous Income,oi,2,"David - (Waco, TX) - Eleven06 on 35",
4491,4491 Utility Package,oi,2,"Yonnic - (Nacogdoches, TX) - The Colonial",
4492,4492 Forfeited Security Deposit,oi,2,"Guillermo - (Bryan, TX) - West University Gardens",
44923,44923 Lease Violation Fee,oi,2,"David - (Waco, TX) - Eleven06 on 35",
4493,4493 Forfeited Holding Fee,oi,2,"Guillermo - (Bryan, TX) - West University Gardens",
4495,4495 Risk fee,oi,2,"Greg - (Garland, TX) - Casa Del Mar",
4497,4497 Amenity Package,oi,2,"Guillermo - (Bryan, TX) - West University Gardens",
4498,4498 Miscellaneous Income,oi,25,"Paul - (Corsicana, TX) - Northwood Village Apartments",
4499,4499 Parking Standard,oi,2,"Yonnic -  (Waco, TX) - West Campus Lofts",
4500,4500 Carport / Reserved Parking Income,oi,2,"Yonnic -  (Waco, TX) - West Campus Lofts",
4500,4500 Lease Termination Charges,oi,2,"Guillermo - (Dallas, TX) - Casa Bonita",
45000000,45000000 Unallocated Prepays,r,7,"Greg - (Balch Springs, TX ) - Autumn Run Apartments",2xnr; 1xbd
45010,45010 - Concessions,nr,4,"Danny - (Dallas, TX) - Magnolia on Gaston",
45020,45020 - Vacancy Loss,v,8,"Dylan - (Dallas, TX) - Principal Residences",
45030,45030 - Down Units,nr,4,"Dylan - (Dallas, TX) - Principal Residences",
45040-,45040- Bed Debit Co Nam,bd,2,"Danny - (Dallas, TX) - Magnolia on Gaston",
4505,4505 Administrative Fees,oi,2,"Dylan - (Arlington, TX) - Sweet Redemption",
4505,4505 Month to Month Fees,oi,2,Guillermo - (Baton Rouge) - Eden Point,
4505,4505 RUBS - Water,rw,2,"Greg - (Houston, TX) - Hidden Park",
45050,45050  Bad Debt Wdte-Ot,bd,2,"Danny - (Dallas, TX) - Magnolia on Gaston",
45050,45050 - Bad Debt Write-Off,bd,6,"Dylan - (Dallas, TX) - Principal Residences",
45051,45051 - Bad Debt Wits-011- Other,bd,2,"Danny - (Dallas, TX) - Magnolia on Gaston",
45051,45051 - Bad Debt Write-Off - Other,bd,6,"Dylan - (Dallas, TX) - Principal Residences",
4507,4507 Water & Sewer Reimbursable,rw,2,"Emilio - (Balch Springs, TX) - The Elinor on Elam",
45090,45090 - Employee Unit Rent Credit,nr,2,"Greg - (Roanoke, TX) - Magnolia on Oak",
4510,4510 Application Fees,oi,5,"Dylan - (Fort Worth, TX) - Woods of Eastchase",
4510,4510 Carport / Reserved Parking Income,oi,30,"Paul - (Corsicana, TX) - Northwood Village Apartments",
4510,4510 Cleaning Fees,oi,2,Guillermo - (Baton Rouge) - Eden Point,
4510,4510 Locks and Keys,oi,6,"Yonnic - (Houston, TX) - Fall Lakes",
4510,4510 Parking Fees,oi,2,"Bryce - (San Antonio, TX) - Broadstone Collonade",
4510,4510 Reserved Parking,oi,2,"Guillermo - (Bryan, TX) - West University Gardens",
4510,4510 Reserved Parking Income,oi,2,"Greg - (San Antonio, TX ) - Lodge at Timberhill",
4510,4510 Trash Reimbursable,rt,2,"Emilio - (Balch Springs, TX) - The Elinor on Elam",
4510.000,4510.000 VACANCY LOSS,v,2,"Greg- (Arlington, TX) - Pine Ridge Apartments",
4511,4511 Waived / Conc. Carport / Reserved Income,oi,2,"Chase - (Garland, TX) - Jupiter Place",
4515,4515 Application Fees,oi,2,"Dylan - (Arlington, TX) - Sweet Redemption",
4515,4515 CAM Fee,ro,2,Guillermo - (Baton Rouge) - Eden Point,"recoded from 'oi' (standardized to majority ({'ro': 4, 'oi': 2}))"
4516,4516 Lease Violation Fees,oi,1,"Jon - (Sherman, TX) - Northridge Villas",
4520,4520 Covered Parking,oi,2,"Greg - (San Antonio, TX ) - Lodge at Timberhill",
4520,4520 Garage Rental,oi,2,"Bryce - (San Antonio, TX) - Broadstone Collonade",
4520,4520 Lease Termination Fee,oi,3,"Bryce - (Mineral Wells, TX) - The Dalton",
4520,4520 Miscellaneous Inc,oi,2,"Yonnic - (Houston, TX) - Fall Lakes",
4520,4520 Miscellaneous Income,oi,2,"Guillermo - (Dallas, TX) - Casa Bonita",
4520,4520 RUBS - Gas,ro,2,"Greg - (Houston, TX) - Hidden Park",
4525,4525 Bad Debt Recovery,bd,5,"Dylan - (Fort Worth, TX) - Woods of Eastchase",
4525,4525 RUBS - Trash,rt,5,"Greg - (Houston, TX) - Hidden Park",
4530,4530 Month to Month F,oi,2,"Yonnic - (Houston, TX) - Fall Lakes",
4530,4530 Month To Month Fees,oi,2,"Guillermo - (Dallas, TX) - Casa Bonita",
4530,4530 Reletting Fee,oi,3,"Bryce - (Mineral Wells, TX) - The Dalton",
4530,4530 RUBS - Pest Control,ro,5,"Greg - (Houston, TX) - Hidden Park",
4530,4530 Storage Space Income,oi,21,"Chase - (Garland, TX) - Jupiter Place",
4531,4531 Lease Violation F,oi,2,"Yonnic - (Houston, TX) - Fall Lakes",
4532,4532 - Pet Income,oi,2,"Paul - (West Colombia, TX) - Whispering Pines",
4532,4532 Pet Monthly Rent,oi,2,"Yonnic - (Sulphur Springs, TX) - The Choir",
4532,4532 Reletting Charg,oi,2,"Greg - (San Antonio, TX ) - Lodge at Timberhill",
4532,4532 Security Risk Fee,oi,5,"David - (Kingsville, TX) - Hawk's Landing Apartments",
4532,4532 Utility Bill Back - Flat Rate,ro,2,"- (Garland, TX) - Colonial",
4532,4532 Vending Commissions,oi,2,"Bryce - (San Antonio, TX) - Broadstone Collonade",
4534,4534 Credit Builder Income,oi,2,"Bryce - (San Antonio, TX) - Broadstone Collonade",
4534,4534 Deposit Waiver,oi,2,"Greg - (San Antonio, TX ) - Lodge at Timberhill",
4535,4535 Credit Builder,oi,2,"Dylan - (Arlington, TX) - Sweet Redemption",
4535,4535 Eviction Fees,oi,5,"Dylan - (Fort Worth, TX) - Woods of Eastchase",
4535,4535 Pet Deposit,oi,2,"Yonnic - (Sulphur Springs, TX) - The Choir",
4535.000,4535.000 LESS: CONCESSIONS,nr,2,"Greg- (Arlington, TX) - Pine Ridge Apartments",
4536,4536 Pet Fee,oi,2,"Yonnic - (Sulphur Springs, TX) - The Choir",
4540,4540 Deposit Forfeit,oi,2,"Dylan - (Arlington, TX) - Sweet Redemption",
4540,4540 Forfeited Sec. Deposits,oi,2,Guillermo - (Baton Rouge) - Eden Point,
4540,4540 Late Charges,oi,5,"Dylan - (Fort Worth, TX) - Woods of Eastchase",
4540,4540 NSF Charges,oi,6,"Yonnic - (Houston, TX) - Fall Lakes",
4540.000,4540.000 ONE-TIME SPECIAL OR ALLOWANCE,nr,2,"Greg- (Arlington, TX) - Pine Ridge Apartments",
4545,4545 Risk Fee,oi,4,"Yonnic - (Houston, TX) - Fall Lakes",
4550,4550 NSF Charges,oi,5,"Dylan - (Fort Worth, TX) - Woods of Eastchase",
4550,4550 Parking Income,oi,4,"Yonnic - (Houston, TX) - Fall Lakes",
4555,4555 Month-to-Month Premiums,oi,5,"Dylan - (Fort Worth, TX) - Woods of Eastchase",
4560,4560 Credit Builder,oi,6,"Yonnic - (Sulphur Springs, TX) - The Choir",
4560,4560 Credit Builder Income,oi,8,"Yonnic - (Mount Pleasant, TX) - Shady Oaks",
4560,4560 Late Charges,oi,4,"Dylan - (Arlington, TX) - Sweet Redemption",
4560,4560 Pet Charges,oi,6,"Yonnic - (Houston, TX) - Fall Lakes",
4564,4564 Alarm Fee,oi,2,"Yonnic - (Houston, TX) - Fall Lakes",
4565,4565 Other Revenue,oi,2,Guillermo - (Baton Rouge) - Eden Point,
4565,4565 Pest Control Fees,oi,6,"Yonnic - (Houston, TX) - Fall Lakes",
4566,4566 Valet Trash Servi,oi,2,"Yonnic - (Houston, TX) - Fall Lakes",
4569,4569 Garage Income,oi,2,"Emilio - (Cedar Hill, TX) - S C Crossing",
4570,4570 Application Revenue,oi,2,Guillermo - (Baton Rouge) - Eden Point,
4570,4570 Eviction Filing Fees,oi,2,"Yonnic - (Sulphur Springs, TX) - The Choir",
4570,4570 Lease Termination Fee,oi,2,"Dylan - (Arlington, TX) - Sweet Redemption",
4570.000,4570.000 RESIDENT REFERRAL,nr,2,"Greg- (Arlington, TX) - Pine Ridge Apartments",
4571,4571 Convenience Fee,oi,2,"Yonnic - (Mount Pleasant, TX) - Shady Oaks",
4571,4571 Lease Violation,oi,2,"Yonnic - (Sulphur Springs, TX) - The Choir",
4572,4572 Renters Insurance,oi,4,"Yonnic - (Houston, TX) - Fall Lakes",
4573,4573 Lease Violation,oi,2,"Yonnic - (Mount Pleasant, TX) - Shady Oaks",
4575,4575 Damages Revenue,oi,2,Guillermo - (Baton Rouge) - Eden Point,
4580,4580 Convenience Fee,oi,2,"Yonnic - (Sulphur Springs, TX) - The Choir",
4580,4580 Month-to-Month Prem.,oi,2,"Dylan - (Arlington, TX) - Sweet Redemption",
4580,4580 NSF Check Fees,oi,2,Guillermo - (Baton Rouge) - Eden Point,
4580.000,4580.000 REFUNDED / DENIED RENT RETURNED,nr,2,"Greg- (Arlington, TX) - Pine Ridge Apartments",
4583,4583 Attorney/Court Fe,oi,2,"Yonnic - (Houston, TX) - Fall Lakes",
4583,4583 Attorney/Court Fees,oi,2,"Guillermo - (Dallas, TX) - Casa Bonita",
4585,4585 Admin Fees,oi,6,"Yonnic - (Houston, TX) - Fall Lakes",
4585,4585 Lease Termination Revenue,oi,2,Guillermo - (Baton Rouge) - Eden Point,
4585,4585 NSF Charges,oi,2,"Dylan - (Arlington, TX) - Sweet Redemption",
4590,4590 Pet Fee,oi,2,"Dylan - (Arlington, TX) - Sweet Redemption",
4590,4590 Pet Fees,oi,2,Guillermo - (Baton Rouge) - Eden Point,
4590,4590 Utility Income,rw,2,"Yonnic - (Houston, TX) - Fall Lakes","recoded from 'ro' (standardized to majority ({'rw': 17, 'ro': 4}))"
4591,4591 Utilities - Electric,ro,6,"Yonnic - (Houston, TX) - Fall Lakes",
4592,4592 Utilities - Water &,rw,4,"Yonnic - (Houston, TX) - Fall Lakes",
4592,4592 Utilities - Water & Sewer,rw,2,"Guillermo - (Dallas, TX) - Casa Bonita",
4593,4593 Utilities - Trash,rt,6,"Yonnic - (Houston, TX) - Fall Lakes",1xoi
4595,4595 Reletting Fee,oi,2,"Dylan - (Arlington, TX) - Sweet Redemption",
4595,4595 Reserved Parking,oi,5,"Dylan - (Fort Worth, TX) - Woods of Eastchase",
4595,4595 Vacant Cost Recovery,oi,2,Guillermo - (Baton Rouge) - Eden Point,
4600,4600 Resident Damage,oi,2,"Dylan - (Arlington, TX) - Sweet Redemption",
46005,46005 - Administrative Fee,oi,6,"Dylan - (Dallas, TX) - Principal Residences",
46005,46005 - Admirdstrative Fee,oi,2,"Danny - (Dallas, TX) - Magnolia on Gaston",
46010,46010 - Application Fee,oi,6,"Dylan - (Dallas, TX) - Principal Residences",
46020,46020 - Damages Charged to Residents,oi,6,"Dylan - (Dallas, TX) - Principal Residences",
46023,46023 - Paint Reimbursement,oi,6,"Dylan - (Dallas, TX) - Principal Residences",
46030,46030 - Early Termination Fee,oi,6,"Dylan - (Dallas, TX) - Principal Residences",
46056,46056 - Deposit Insurance Premium,oi,6,"Dylan - (Dallas, TX) - Principal Residences",
46057,46057 - AssetProtect,oi,6,"Dylan - (Dallas, TX) - Principal Residences",
46060,"46060 - Keys, Locks, Lock Changes",oi,4,"Dylan - (Dallas, TX) - Principal Residences",
46070,46070 - Late Fees,oi,6,"Dylan - (Dallas, TX) - Principal Residences",
4609,4609 - Pet Rent & Fees,oi,2,"Guillermo - (Lubbock, TX) - The Boulders at Lakeridge",
46090,46090 - Misc Property Income,oi,2,"Greg - (Roanoke, TX) - Magnolia on Oak",
4610,4610 Laundry Income,oi,2,Guillermo - (Baton Rouge) - Eden Point,
4610,4610 - Sewer Reimbursement,rw,2,"Guillermo - (Lubbock, TX) - The Boulders at Lakeridge",
46100,46100 - Electricity Income,ro,2,"Dylan - (Houston, TX) - Corridor at Westchase",
46100,46100 - Telecom Royals,oi,2,"Danny - (Dallas, TX) - Magnolia on Gaston",
46110,46110 - NSF Fee,oi,6,"Dylan - (Dallas, TX) - Principal Residences",
46115,46115 - Eviction Charge / Legal Fees,oi,4,"Dylan - (Dallas, TX) - Principal Residences",
4612,4612 - Trash Reimbursement,rt,2,"Guillermo - (Lubbock, TX) - The Boulders at Lakeridge",
46120,46120 - Other Referral Fees,oi,4,"Dylan - (Dallas, TX) - Principal Residences",
4613,4613 - Water Reimbursement,rw,2,"Guillermo - (Lubbock, TX) - The Boulders at Lakeridge",
46130,46130 - Convenience Package,oi,6,"Dylan - (Dallas, TX) - Principal Residences",
46140,46140 - Pet Fees (one-time),oi,6,"Dylan - (Dallas, TX) - Principal Residences",
46141,46141 - Pet Rent (monthly),oi,6,"Dylan - (Dallas, TX) - Principal Residences",
46141-,46141- PM Rent (mor60),oi,2,"Danny - (Dallas, TX) - Magnolia on Gaston",
4615,4615 Locks/Key Income,oi,4,"Dylan - (Fort Worth, TX) - Woods of Eastchase",
4615,4615 Parking Fees (All),oi,2,"Dylan - (Arlington, TX) - Sweet Redemption",
4615-,4615- Electric Reimbursement,ro,2,"Guillermo - (Lubbock, TX) - The Boulders at Lakeridge",
46150,46150 - Rent Track Referral Income,oi,2,"Greg - (Roanoke, TX) - Magnolia on Oak",
46150,46150 - Rer4 Track Referral Income,oi,2,"Danny - (Dallas, TX) - Magnolia on Gaston",
46160,46160 - Telecom Royalty,oi,2,"Greg - (Roanoke, TX) - Magnolia on Oak",
4617,4617 Parking Badge,oi,2,"Dylan - (Arlington, TX) - Sweet Redemption",
4617,4617 - Parking Fees,oi,2,"Guillermo - (Lubbock, TX) - The Boulders at Lakeridge",
4620,4620 Income Past Tenants,oi,2,Guillermo - (Baton Rouge) - Eden Point,
4620,4620 Pet Fees,oi,5,"Dylan - (Fort Worth, TX) - Woods of Eastchase",
46200,46200 - Gas Income,ro,2,"Dylan - (Houston, TX) - Corridor at Westchase",
46200,46200 - Water / Sewer Reimbursement,rw,6,"Dylan - (Dallas, TX) - Principal Residences",
46220,46220 - EleCtdc Reimbursement,ro,2,"Danny - (Dallas, TX) - Magnolia on Gaston",
46220,46220 - Electric Reimbursement,ro,4,"Dylan - (Dallas, TX) - Principal Residences",
4625,4625 Pet Rent,oi,1,"Jon - (Sherman, TX) - Northridge Villas",
4630,4630 - Application Fees,oi,2,"Guillermo - (Lubbock, TX) - The Boulders at Lakeridge",
4630,4630 Court Costs Recovered,oi,2,Guillermo - (Baton Rouge) - Eden Point,
4630,4630 Resident Damages,oi,5,"Dylan - (Fort Worth, TX) - Woods of Eastchase",
46300,46300 - Pest Control Income,oi,2,"Dylan - (Houston, TX) - Corridor at Westchase","recoded from 'ro' (standardized to majority ({'oi': 37, 'ro': 4}))"
4631,4631 Trash Out,rt,1,"Jon - (Sherman, TX) - Northridge Villas",
4632,4632 Cleaning,oi,1,"Jon - (Sherman, TX) - Northridge Villas",
4635,4635 Transfer Fees,oi,7,"Dylan - (Fort Worth, TX) - Woods of Eastchase",
4640,4640 Cable Income,ro,2,Guillermo - (Baton Rouge) - Eden Point,"recoded from 'oi' (standardized to majority ({'ro': 11, 'oi': 7}))"
4640,4640 - Returned Check Fees,oi,2,"Guillermo - (Lubbock, TX) - The Boulders at Lakeridge",
4640,4640 Washer/Dryer Rental,oi,1,"Jon - (Sherman, TX) - Northridge Villas",
46400,46400 - Trash Reimbursement Income,rt,2,"Dylan - (Houston, TX) - Corridor at Westchase",
4645,4645 - Administrative Fees,oi,2,"Guillermo - (Lubbock, TX) - The Boulders at Lakeridge",
4650,4650 - Late Fees,oi,2,"Guillermo - (Lubbock, TX) - The Boulders at Lakeridge",
4650,4650 Renters Insurance Revenue,oi,2,Guillermo - (Baton Rouge) - Eden Point,
4655,4655 - Month to Month Rent Fees,oi,2,"Guillermo - (Lubbock, TX) - The Boulders at Lakeridge",
4660,4660 - Laundry Room Income,oi,2,"Guillermo - (Lubbock, TX) - The Boulders at Lakeridge",
4660,4660 Storage,oi,1,"Jon - (Sherman, TX) - Northridge Villas",
4661,4661 - Eviction Fee,oi,2,"Guillermo - (Lubbock, TX) - The Boulders at Lakeridge",
4662,4662 - Reletting Fees,oi,2,"Guillermo - (Lubbock, TX) - The Boulders at Lakeridge",
4663,4663 - Accelerated Rent Fees,oi,2,"Guillermo - (Lubbock, TX) - The Boulders at Lakeridge",
4670,4670 Cable Income,ro,1,"Jon - (Sherman, TX) - Northridge Villas",
4670,4670 - Deposit Forfeit,oi,2,"Guillermo - (Lubbock, TX) - The Boulders at Lakeridge",
46700,46700 - Water/Sewer Income,rw,2,"Dylan - (Houston, TX) - Corridor at Westchase",
4680,4680 - Misc/Other Income,oi,2,"Guillermo - (Lubbock, TX) - The Boulders at Lakeridge",
4680,4680 Water Rebill,rw,1,"Jon - (Sherman, TX) - Northridge Villas",
4680,4680 Water Rebill Reimbursement,rw,4,"Dylan - (Fort Worth, TX) - Woods of Eastchase",
46800,46800 - Rubs Billing Fee,ro,2,"Dylan - (Houston, TX) - Corridor at Westchase",
4685,4685 - Damages and Other Tenant Charges,oi,2,"Guillermo - (Lubbock, TX) - The Boulders at Lakeridge",
4685,4685 Electric Rebill,ro,1,"Jon - (Sherman, TX) - Northridge Villas",
4685,4685 Electric Rebill Reimbursement,ro,2,"Bryce - (Mineral Wells, TX) - The Dalton",
4686,4686 Trash Rebill,rt,1,"Jon - (Sherman, TX) - Northridge Villas",
4686,4686 Trash Rebill Reimbursement,rt,4,"Dylan - (Fort Worth, TX) - Woods of Eastchase",
4687,4687 All Bills Paid Income,ro,4,"Dylan - (Fort Worth, TX) - Woods of Eastchase",
4688,4688 Pest Control Rebill,ro,5,"Dylan - (Fort Worth, TX) - Woods of Eastchase",2xoi
4689,4689 Credit Builder,oi,1,"Jon - (Sherman, TX) - Northridge Villas",
4690,4690 - Bad Debt Recovery/Collections,bd,2,"Guillermo - (Lubbock, TX) - The Boulders at Lakeridge",
4696,4696 CAM Fees,oi,2,"Dylan - (Arlington, TX) - Sweet Redemption",
4697,4697 Bad Debt Writeoff,bd,2,"Dylan - (Arlington, TX) - Sweet Redemption",
4699,4699 Miscellaneous Income,oi,2,"Dylan - (Arlington, TX) - Sweet Redemption",
4700,4700 Prepaid Income,oi,2,"Emilio - (Arlington, TX) - Chalet Apartments",
4700,4700 Unallocated Prepays,r,2,"Jon - (Anadarko, OK) - The Crossings in Anadarko","recoded from 'bd' (standardized to majority ({'r': 7, 'bd': 4}))"
4705,4705 - Bad Debt Expense - Uncollected Rent,bd,2,"Guillermo - (Lubbock, TX) - The Boulders at Lakeridge",
4710,4710 Administrative Fee,oi,4,"Dylan - (Fort Worth, TX) - Woods of Eastchase",
4710,4710 Administrative Fees,oi,1,"Jon - (Sherman, TX) - Northridge Villas",
4710-0000,4710-0000 Less: Concessions,nr,4,"Danny - (Arlington, TX) - The Sherry",
4713,4713 - Bad Debt Expense-Water (Tennant),bd,2,"Guillermo - (Lubbock, TX) - The Boulders at Lakeridge",
4715,4715 Risk Fee,oi,5,"Dylan - (Fort Worth, TX) - Woods of Eastchase",
4720,4720 Laundry Income,oi,5,"Dylan - (Fort Worth, TX) - Woods of Eastchase",
4720-0000,4720-0000 Less: Delinquency,bd,2,"Danny - (Arlington, TX) - The Sherry",
4730,4730 Vending Machines,oi,1,"Jon - (Sherman, TX) - Northridge Villas",
4730-0000,4730-0000 Less: Vacancy,v,4,"Danny - (Arlington, TX) - The Sherry",
4735,4735 Utility Commission,oi,4,"Dylan - (Fort Worth, TX) - Woods of Eastchase",1xro
4735,4735 Utility Fee Rebill,oi,1,"Jon - (Sherman, TX) - Northridge Villas",
4740-0000,4740-0000 Less: Models,nr,4,"Danny - (Arlington, TX) - The Sherry",
4750,4750 - Bad Debt Expense-Late Fees,bd,2,"Guillermo - (Lubbock, TX) - The Boulders at Lakeridge",
4750,4750 Interest Income Property,oi,1,"Jon - (Sherman, TX) - Northridge Villas",
4750-0000,4750-0000 Less: Down,bd,4,"Danny - (Arlington, TX) - The Sherry",1xnr
4750-0001,4750-0001 Natural Disaster Down Units,nr,2,"Danny - (Arlington, TX) - The Sherry",
4755,4755 - Bad Debt Expense-Month to Month Rent,bd,2,"Guillermo - (Lubbock, TX) - The Boulders at Lakeridge",
4755,4755 Reserved Parking,oi,2,"Greg -  (Garland, TX) - Meadowlark Apartments",
4755-0000,4755-0000 Less: Admin Unit,nr,2,"Danny - (San Antonio, TX) - Villas de Sendero",
4760,4760 Miscellaneous Income,oi,3,"Bryce - (Mineral Wells, TX) - The Dalton",
4760-0000,4760-0000 Less: Employee Unit,nr,4,"Danny - (Arlington, TX) - The Sherry",
4760-0010,4760-0010 Less: Coupons/Discounts,nr,2,"Danny - (San Antonio, TX) - Villas de Sendero",
4761,4761 - Bad Debt Expense-Eviction Charges,bd,2,"Guillermo - (Lubbock, TX) - The Boulders at Lakeridge",
4762,4762 - Bad Debt Expense-Relet Fees,bd,2,"Guillermo - (Lubbock, TX) - The Boulders at Lakeridge",
4763,4763 - Bad Debt Expense - Accelerated Rent Fees,bd,2,"Guillermo - (Lubbock, TX) - The Boulders at Lakeridge",
4765,4765 Application Fee,oi,2,"Greg -  (Garland, TX) - Meadowlark Apartments",
4785,4785 Administrative Fee,oi,2,"Greg -  (Garland, TX) - Meadowlark Apartments",
4785,4785 - Bad Debt Expense - Damages,bd,2,"Guillermo - (Lubbock, TX) - The Boulders at Lakeridge",
4805,4805 Internet & Cable,oi,2,"Greg -  (Garland, TX) - Meadowlark Apartments","recoded from 'ro' (standardized to majority ({'oi': 2, 'ro': 2}))"
48050,48050 - Administrative Fees,oi,2,"Dylan - (Houston, TX) - Corridor at Westchase",
48058-,48058- Deposit Inswing Prantall,oi,2,"Danny - (Dallas, TX) - Magnolia on Gaston",
4810-0000,4810-0000 Plus: Prepaid Rent,nr,2,"Danny - (Arlington, TX) - The Sherry",
4810.000,4810.000 LATE CHARGES,oi,2,"Greg- (Arlington, TX) - Pine Ridge Apartments",
4810.0000,4810.0000 - Other Operating Income,oi,2,"Bryce - (Houston, TX) - Fairfield Cove",
4810.0002,4810.0002 - Administration Fees,oi,4,"Bryce - (Houston, TX) - The Lofts at 3402",
4810.0003,4810.0003 - Application Fees,oi,4,"Bryce - (Houston, TX) - The Lofts at 3402",
4810.0006,4810.0006 - Damage/Cleaning Charges,oi,4,"Bryce - (Houston, TX) - The Lofts at 3402",
4810.0008,4810.0008 - Eviction Chargeback Fees,oi,4,"Bryce - (Houston, TX) - The Lofts at 3402",
4810.0009,4810.0009 - Late Fees,oi,4,"Bryce - (Houston, TX) - The Lofts at 3402",
4810.0011,4810.0011 - Month-To-Month Premium,oi,4,"Bryce - (Houston, TX) - The Lofts at 3402",
4810.0012,4810.0012 - Nsf Fee,oi,4,"Bryce - (Houston, TX) - The Lofts at 3402",
4810.0013,4810.0013 - Pest Control Income,oi,4,"Bryce - (Houston, TX) - The Lofts at 3402",
4810.0014,4810.0014 - Pet Fee Income,oi,4,"Bryce - (Houston, TX) - The Lofts at 3402",
4810.0015,4810.0015 - Pet Rent,oi,4,"Bryce - (Houston, TX) - The Lofts at 3402",
4810.0016,4810.0016 - Reserved Parking Income,oi,4,"Bryce - (Houston, TX) - The Lofts at 3402",
4810.0017,4810.0017 - Resident Elecric Chargeback,ro,4,"Bryce - (Houston, TX) - The Lofts at 3402",1xoi
4810.0018,4810.0018 - Resident Gas Chargeback,ro,4,"Bryce - (Houston, TX) - The Lofts at 3402",1xoi
4810.0019,4810.0019 - Resident Trash Chargeback,rt,4,"Bryce - (Houston, TX) - The Lofts at 3402",1xoi
4810.0020,4810.0020 - Resident Water Chargeback,rw,4,"Bryce - (Houston, TX) - The Lofts at 3402",1xoi
4810.0022,4810.0022 - Tranfer Fees,oi,4,"Bryce - (Houston, TX) - The Lofts at 3402",
4810.0023,4810.0023 - Utility Billing Fee,oi,2,"Bryce - (Houston, TX) - Fairfield Cove",
4810.0025,4810.0025 - Utility Set-Up Charge,oi,4,"Bryce - (Houston, TX) - The Lofts at 3402",
4810.0027,4810.0027 - Washer and Dryer Rental,oi,2,"Bryce - (Houston, TX) - Fairfield Cove",
4810.0032,4810.0032 - Interest Income,oi,4,"Bryce - (Houston, TX) - The Lofts at 3402",
4810.0036,4810.0036 - Risk Fee,oi,4,"Bryce - (Houston, TX) - The Lofts at 3402",
4810.0037,4810.0037 - Termination Fee,oi,2,"Bryce - (Houston, TX) - The Lofts at 3402",
4810.0038,4810.0038 - Notice Fee,oi,4,"Bryce - (Houston, TX) - The Lofts at 3402",
4810.0040,4810.0040 - Einsurance Income,oi,2,"Bryce - (Houston, TX) - The Lofts at 3402",
4810.0040,4810.0040 - Elnsurance Income,oi,2,"Bryce - (Houston, TX) - Fairfield Cove",
4810.0044,4810.0044 - Facilities Charge,oi,2,"Bryce - (Houston, TX) - Fairfield Cove",
4810.0050,4810.0050 - Landlord Liability Coverage (Lrip),oi,2,"Bryce - (Houston, TX) - The Lofts at 3402",
48100,48100 - Application Fees,oi,2,"Dylan - (Houston, TX) - Corridor at Westchase",
48130,48130 - Convenience Parking,oi,2,"Danny - (Dallas, TX) - Magnolia on Gaston",
4815.000,4815.000 NSF FEE INCOME,oi,2,"Greg- (Arlington, TX) - Pine Ridge Apartments",
4820,4820 Electric Rebill,ro,2,"Dylan - (Arlington, TX) - Sweet Redemption",
4820.000,4820.000 CLEANING INCOME,oi,2,"Greg- (Arlington, TX) - Pine Ridge Apartments",
48200,48200 - Court/Legal Fees,oi,2,"Dylan - (Houston, TX) - Corridor at Westchase",
48200,48200 - Water / Sever Relorbusemerd,rw,2,"Danny - (Dallas, TX) - Magnolia on Gaston",
4825.000,4825.000 DAMAGES CHARGED TO RESIDENT,oi,2,"Greg- (Arlington, TX) - Pine Ridge Apartments",
48250,48250 - Eviction Reimbursement Income,oi,2,"Dylan - (Houston, TX) - Corridor at Westchase",
4830.000,"4830.000 KEYS, LOCKS, LOCK CHANGES",oi,2,"Greg- (Arlington, TX) - Pine Ridge Apartments",
48300,48300 - Late Fees,oi,2,"Dylan - (Houston, TX) - Corridor at Westchase",
4835.000,4835.000 RELETTING FEE,oi,2,"Greg- (Arlington, TX) - Pine Ridge Apartments",
4840,4840 Pest Control,ro,2,"Dylan - (Arlington, TX) - Sweet Redemption",
4840,4840 Utilities Recovered,rw,2,Guillermo - (Baton Rouge) - Eden Point,
4840.000,4840.000 MONTH TO MONTH FEE,oi,2,"Greg- (Arlington, TX) - Pine Ridge Apartments",
48400,48400 - Month-To-Month Income,oi,2,"Dylan - (Houston, TX) - Corridor at Westchase",
4845.000,4845.000 Lease Violation Income,oi,2,"Greg- (Arlington, TX) - Pine Ridge Apartments",
48550,48550 - M-Out: Insufficient Notice Fees,oi,2,"Dylan - (Houston, TX) - Corridor at Westchase",
4860,4860 Water Rebill,rw,2,"Dylan - (Arlington, TX) - Sweet Redemption",
4860.000,4860.000 APPLICATION FEE INCOME,oi,2,"Greg- (Arlington, TX) - Pine Ridge Apartments",
48600,48600 - M-Out: Reletting Fee,oi,2,"Dylan - (Houston, TX) - Corridor at Westchase",
4865.000,4865.000 Pet Charges - Other,oi,2,"Greg- (Arlington, TX) - Pine Ridge Apartments",
48650,48650 - M-Out: Second Chance/Risk Fees,oi,2,"Dylan - (Houston, TX) - Corridor at Westchase",
4866.000,4866.000 Pet Rent,oi,2,"Greg- (Arlington, TX) - Pine Ridge Apartments",
4868.000,4868.000 Pet Fee,oi,2,"Greg- (Arlington, TX) - Pine Ridge Apartments",
4870.000,4870.000 Monthly Pest Control,oi,2,"Greg- (Arlington, TX) - Pine Ridge Apartments",
48700,48700 - Nsf Fees,oi,2,"Dylan - (Houston, TX) - Corridor at Westchase",
48730,48730 - Cleaning Fees,oi,2,"Dylan - (Houston, TX) - Corridor at Westchase",
48731,48731 - Damage Fees,oi,2,"Dylan - (Houston, TX) - Corridor at Westchase",
48800,48800 - Lock/Key Replacement Fees,oi,2,"Dylan - (Houston, TX) - Corridor at Westchase",
4882.000,4882.000 ELECTRICITY INCOME,ro,2,"Greg- (Arlington, TX) - Pine Ridge Apartments",
4884.001,4884.001 Utility Statement Fee,ro,2,"Greg- (Arlington, TX) - Pine Ridge Apartments",
48850,48850 - Parking Income,oi,2,"Dylan - (Houston, TX) - Corridor at Westchase",
48900,48900 - Pet Fees Non-Refundable,oi,2,"Dylan - (Houston, TX) - Corridor at Westchase",
48950,48950 - Pet Rent Income,oi,2,"Dylan - (Houston, TX) - Corridor at Westchase",
4900,4900 - Gain On Sale,oi,2,"Jon - (Waco, TX) - Red Oak Townhomes",
4900,4900 Other Other Property Income,oi,4,"David - (Grand Prairie, TX) - Serrano Creek",
4901,4901 Security Deposit F,oi,2,"Jon - (Anadarko, OK) - The Crossings in Anadarko",
4903,4903 Fines,oi,4,"David - (Grand Prairie, TX) - Serrano Creek",
4905,4905 Reletting Fee,oi,4,"David - (Grand Prairie, TX) - Serrano Creek",
49050,49050 - Transfer Fees,oi,2,"Dylan - (Houston, TX) - Corridor at Westchase",
4906,4906 Vending Machines,oi,4,"David - (Grand Prairie, TX) - Serrano Creek",
4907,4907 Parking,oi,4,"David - (Grand Prairie, TX) - Serrano Creek",
4910,4910 Property Tax Refund,oi,2,"Guillermo - (Dallas, TX) - Casa Bonita",
4910.000,4910.000 ADMINISTRATIVE FEE,oi,2,"Greg- (Arlington, TX) - Pine Ridge Apartments",
4910.000,4910.000 - Interest Income,oi,3,"Guillermo - (Moore, OK) - Southwinds Apartments",
49100,49100 - Vendor Commissions,oi,2,"Dylan - (Houston, TX) - Corridor at Westchase",
4915-000,4915-000 Interest- Security Deposits,oi,2,"Danny - (Tulsa, OK) - Metro Plex",
4920.000,4920.000 DEBIT CARD FEE INCOME,oi,2,"Greg- (Arlington, TX) - Pine Ridge Apartments",
4930.000,4930.000 CREDIT CARD FEE INCOME,oi,2,"Greg- (Arlington, TX) - Pine Ridge Apartments",
4935,4935 Transfer Deposits,oi,6,"Danny - (Killeen, TX) - 605 N Gray",
49425,49425 - Lifestyle Fee,oi,2,"Dylan - (Houston, TX) - Corridor at Westchase",
4945,4945 Interest Income,oi,2,"Bryce - (DeSoto, TX) - Wooded Creek Apartments",
4948,4948 Amenity Income,oi,2,"Bryce - (DeSoto, TX) - Wooded Creek Apartments",
4949,4949 Eviction/Court Fee Reimbursement,oi,2,"Bryce - (DeSoto, TX) - Wooded Creek Apartments",
4950,4950 Lease Cancel/Relet/Accel/Forfeit Rent,oi,2,"Bryce - (DeSoto, TX) - Wooded Creek Apartments",
4951,4951 Risk Fee Income,oi,2,"Bryce - (DeSoto, TX) - Wooded Creek Apartments",
4954,4954 Utility Violations,oi,2,"Bryce - (DeSoto, TX) - Wooded Creek Apartments",
4955,4955 Cleaning / Carpet Cleaning,oi,2,"Bryce - (DeSoto, TX) - Wooded Creek Apartments",
4956,4956 Damages,oi,2,"Bryce - (DeSoto, TX) - Wooded Creek Apartments",
4957,4957 WiFi Amenity Income,ro,2,"Bryce - (DeSoto, TX) - Wooded Creek Apartments",
4959,4959 Lease Violation Fee,oi,2,"Bryce - (DeSoto, TX) - Wooded Creek Apartments",
4962,4962 Credit Builder,oi,2,"Bryce - (DeSoto, TX) - Wooded Creek Apartments",
4963,4963 Bad Debt Recovery,bd,2,"Bryce - (DeSoto, TX) - Wooded Creek Apartments",
4965,4965 Renters Liability Insurance,oi,2,"Bryce - (DeSoto, TX) - Wooded Creek Apartments",
4967,4967 Visitor Parking / Towing,oi,2,"Bryce - (DeSoto, TX) - Wooded Creek Apartments",
4970,4970 Month to Month Fees,oi,2,"Bryce - (DeSoto, TX) - Wooded Creek Apartments",
4973,4973 Late Fee Charges,oi,2,"Bryce - (DeSoto, TX) - Wooded Creek Apartments",
4974,4974 NSF Check Charges,oi,2,"Bryce - (DeSoto, TX) - Wooded Creek Apartments",
4975,4975 Application Fee,oi,2,"Bryce - (DeSoto, TX) - Wooded Creek Apartments",
4980,4980 Transfer Fee,oi,2,"Bryce - (DeSoto, TX) - Wooded Creek Apartments",
4980.000,4980.000 - Miscellaneous Income,oi,3,"Guillermo - (Moore, OK) - Southwinds Apartments",
49800,49800 - Miscellaneous Income,oi,2,"Dylan - (Houston, TX) - Corridor at Westchase",
4981,4981 Pet Fee-Non Refundable,oi,2,"Bryce - (DeSoto, TX) - Wooded Creek Apartments",
4982,4982 Administration Fees,oi,2,"Bryce - (DeSoto, TX) - Wooded Creek Apartments",
4983,4983 Reserved Parking,oi,2,"Bryce - (DeSoto, TX) - Wooded Creek Apartments",
4984,4984 Sewer / Wastewater,rw,2,"Bryce - (DeSoto, TX) - Wooded Creek Apartments",
4985,4985 Water Reimbursement,rw,2,"Bryce - (DeSoto, TX) - Wooded Creek Apartments",
4986,4986 Trash Reimbursement,rt,2,"Bryce - (DeSoto, TX) - Wooded Creek Apartments",
4988,4988 Pest Control Reimbursement,ro,2,"Bryce - (DeSoto, TX) - Wooded Creek Apartments",
4990,4990 Utility Admin Fees,ro,2,"Bryce - (DeSoto, TX) - Wooded Creek Apartments","recoded from 'oi' (standardized to majority ({'ro': 2, 'oi': 2}))"
49900,49900 - Write Off Of Uncollectible Other Income,bd,2,"Dylan - (Houston, TX) - Corridor at Westchase",
4992,4992 Electric Reimbursement / Commission,ro,2,"Bryce - (DeSoto, TX) - Wooded Creek Apartments",
4993,4993 Pet Rent,oi,2,"Bryce - (DeSoto, TX) - Wooded Creek Apartments",
4995,4995 Assessments,oi,2,"Guillermo - (Dallas, TX) - Casa Bonita",
4996,4996 Keys/Locks/Gate Remote,oi,2,"Bryce - (DeSoto, TX) - Wooded Creek Apartments",
4997,4997 Property Tax Expense,tx,4,"David - (Grand Prairie, TX) - Serrano Creek",
4998,4998 Unallocated Prepays,r,2,"Yonnic - (Houston, TX) - Fall Lakes","recoded from 'bd' (standardized to majority ({'r': 7, 'bd': 4}))"
4999,4999 Misc. Income,oi,4,"Emilio - (Garland, TX) - The Retreat at Faulkner Point",
4999.000,4999.000 MISCELLANEOUS INCOME,oi,2,"Greg- (Arlington, TX) - Pine Ridge Apartments",
5,5 Employee Unit Rent Credit,nr,2,"Bryce - (Arlington, TX) - Timberlake Villas",
5000,5000 Management Fees E,mf,2,"Jon - (Anadarko, OK) - The Crossings in Anadarko",
5000,5000 Management Fees Expense,mf,4,"David - (Grand Prairie, TX) - Serrano Creek",
5000,5000 - Office Supplies,ad,2,"Dylan - (Houston, TX) - Northbrooke",
5000,5000 PROPERTY ADMIN EXPENSES - Other,ad,2,"Emilio - (Garland, TX) - The Retreat at Faulkner Point",
5000-001,5000-001 - Management Fees,mf,4,"Dylan - (Fort Worth, TX) - Trail Lakes",
5000-003,5000-003 - Office Supplies,ad,4,"Dylan - (Fort Worth, TX) - Trail Lakes",
5000-004,5000-004 - Lease Management Software,ad,4,"Dylan - (Fort Worth, TX) - Trail Lakes",
5000-005,5000-005 - Taa Lease Forms / Membership,ad,4,"Dylan - (Fort Worth, TX) - Trail Lakes",
5000-006,5000-006 - Computer Services / Supplies,ad,4,"Dylan - (Fort Worth, TX) - Trail Lakes",
5000-007,5000-007 - Internet/Website Updates,ad,2,"Chris - (Hurst, TX) - Arbor Park",
5000-009,5000-009 - Postage & Delivery,ad,4,"Dylan - (Fort Worth, TX) - Trail Lakes",
5000-010,5000-010 - Resident Credit Builder Program,ad,4,"Dylan - (Fort Worth, TX) - Trail Lakes",
5000-0100,5000-0100 - Apartment Rent,r,2,"Bryce - (Arlington, TX) - District on Collins",
5000-011,5000-011 - Credit Check Fees,ad,4,"Dylan - (Fort Worth, TX) - Trail Lakes",
5000-012,5000-012 - Eviction Filing Fees,ad,4,"Dylan - (Fort Worth, TX) - Trail Lakes",
5000-013,5000-013 - Security,cs,2,"Dylan - (Fort Worth, TX) - Trail Lakes",
5000-014,5000-014 - Copier Expense / Copies,ad,2,"Chris - (Hurst, TX) - Arbor Park",
5000-015,5000-015 - Telephone,ad,4,"Dylan - (Fort Worth, TX) - Trail Lakes",
5000-016,5000-016 - Emergency Phone,ad,2,"Chris - (Hurst, TX) - Arbor Park",
5000-017,5000-017 - Answering Service,ad,2,"Chris - (Hurst, TX) - Arbor Park",
5000-018,5000-018 - Cable / Internet,o,4,"Dylan - (Fort Worth, TX) - Trail Lakes",
5000-019,5000-019 - Bank Charges,ad,4,"Dylan - (Fort Worth, TX) - Trail Lakes",
5000-020,"5000-020 - Legal, Accounting & Other Professional Fees",ad,2,"Chris - (Hurst, TX) - Arbor Park",
5000-023,5000-023 - Meals & Entertainment,ad,4,"Dylan - (Fort Worth, TX) - Trail Lakes",
5000-024,5000-024 - Seminars & Education,ad,4,"Dylan - (Fort Worth, TX) - Trail Lakes",
5000-025,5000-025 - Uniforms,ad,4,"Dylan - (Fort Worth, TX) - Trail Lakes",
5000-026,5000-026 - Model Expense,m,4,"Dylan - (Fort Worth, TX) - Trail Lakes","recoded from 'ad' (standardized to majority ({'m': 7, 'ad': 4}))"
5000-027,5000-027 - Misc. Fees & Permits,ad,4,"Dylan - (Fort Worth, TX) - Trail Lakes",
5000-028,5000-028 - Misc Management Expense,ad,4,"Dylan - (Fort Worth, TX) - Trail Lakes",
5000-029,5000-029 - Deposit Insure Expense,ad,4,"Dylan - (Fort Worth, TX) - Trail Lakes",
5000-030,5000-030 - Renters Insurance Fee,ad,4,"Dylan - (Fort Worth, TX) - Trail Lakes",
5000-0400,5000-0400 - Loss/Gain To Lease,ll,2,"Bryce - (Arlington, TX) - District on Collins",
5000-0500,5000-0500 - Concessions,nr,2,"Bryce - (Arlington, TX) - District on Collins",
5000-0700,5000-0700 - Employee Rent Discount,nr,2,"Bryce - (Arlington, TX) - District on Collins",
5000-0800,5000-0800 - Model / Storage / Down Unit,nr,2,"Bryce - (Arlington, TX) - District on Collins",
5000-0950,5000-0950 - Vacancy Loss,v,2,"Bryce - (Arlington, TX) - District on Collins",
50000,50000 · Salaries - Office Personnel,pr,2,"Dylan - (College Station, TX)  - Quarters on Luther",
50000000,50000000 Other Rental Income,oi,2,"Greg - (Balch Springs, TX ) - Autumn Run Apartments","recoded from 'r' (standardized to majority ({'oi': 6, 'r': 2}))"
50000009,50000009 Move-In Concessions,nr,5,"Greg - (Balch Springs, TX ) - Autumn Run Apartments",
500001,500001 · Salary - Manager,pr,2,"Guillermo - (Lubbock, TX) - Thrive in Lubbock",
500002,500002 - Wages - Exempt: Main Office/Administration,pr,2,"Paul - (Fort Worth, TX) - Aden Crest",
500006,500006 · Salary - Assistant Manager,pr,2,"Guillermo - (Lubbock, TX) - Thrive in Lubbock",
50001,50001 MANAGER,pr,2,"Danny - (Tulsa, OK) - Waterford",
50001,50001 Rental income cur. month,r,2,"Yonnic - (Lubbock, TX) - Estrada South II",
500011,500011 · Salary - Leasing,pr,2,"Guillermo - (Lubbock, TX) - Thrive in Lubbock",
500016,500016 · Salary - Maintenance Manager,pr,2,"Guillermo - (Lubbock, TX) - Thrive in Lubbock",
50002,50002 ASSISTANT MA,pr,2,"Danny - (Tulsa, OK) - Waterford",
500021,500021 · Salary - Maintenance Assistant,pr,2,"Guillermo - (Lubbock, TX) - Thrive in Lubbock",
50003,50003 LEASING DIREC,pr,2,"Danny - (Tulsa, OK) - Waterford",
50003,50003 Vacancy Loss,v,2,"Yonnic - (Lubbock, TX) - Estrada South II",
5000300,5000300  Water,w,2,"Chris - (Sealy, TX) - Edgewood",
500031,500031 · Salary - Housekeeper,pr,2,"Guillermo - (Lubbock, TX) - Thrive in Lubbock",
50004,50004 LEAD MAINTEN,pr,2,"Danny - (Tulsa, OK) - Waterford",
50004,50004 Loss to Lease,ll,2,"Yonnic - (Lubbock, TX) - Estrada South II",
50005,50005 ASSISTANT MA,pr,2,"Danny - (Tulsa, OK) - Waterford",
500051,500051 · Salary - Administrative,pr,2,"Guillermo - (Lubbock, TX) - Thrive in Lubbock",
500056,500056 · Bonus - Manager,pr,2,"Guillermo - (Lubbock, TX) - Thrive in Lubbock",
50006,50006 LEASING AGEN,pr,2,"Danny - (Tulsa, OK) - Waterford",
50006,50006 Subsidy,r,2,"Yonnic - (Lubbock, TX) - Estrada South II",
500061,500061 · Bonus - Assistant Manager,pr,2,"Guillermo - (Lubbock, TX) - Thrive in Lubbock",
500066,500066 · Bonus - Leasing,pr,2,"Guillermo - (Lubbock, TX) - Thrive in Lubbock",
500071,500071 · Bonus - Maintenance Manager,pr,2,"Guillermo - (Lubbock, TX) - Thrive in Lubbock",
500076,500076 · Bonus - Maintenance Other,pr,2,"Guillermo - (Lubbock, TX) - Thrive in Lubbock",
50008,50008 MAKE READY -,rm,2,"Danny - (Tulsa, OK) - Waterford","recoded from 'pr' (standardized to majority ({'rm': 43, 'pr': 4}))"
500081,500081 · Bonus - Administrative,pr,2,"Guillermo - (Lubbock, TX) - Thrive in Lubbock",
500096,500096 · Temp Help,pr,2,"Guillermo - (Lubbock, TX) - Thrive in Lubbock",
5001,5001 Advertising,m,4,"David - (Grand Prairie, TX) - Serrano Creek",
5001,5001 Market Rent,r,4,"Bryce - (Dallas, TX) - The Landing at McCallum",
5001,5001 Property Management Fee,mf,2,"Bryce - (DeSoto, TX) - Wooded Creek Apartments",
5001-000,5001-000 Market Rent,r,4,"Emilio - (Houston, TX) - Walnut Creek",
5001.001,5001.001 Management Fees,mf,3,"Jackson - (Balch Springs, TX) - Shepherd Lane Apartments",
50010,50010 MAINTENANCE,pr,2,"Danny - (Tulsa, OK) - Waterford",
500103,500103 - Wages - Non-Exempt Regular: Managers,pr,2,"Paul - (Fort Worth, TX) - Aden Crest",
500106,500106 · Payroll Taxes,pr,2,"Guillermo - (Lubbock, TX) - Thrive in Lubbock",
500106,500106 - Wages - Non-Exempt Regular: Leasing Agents,pr,2,"Paul - (Fort Worth, TX) - Aden Crest",
500108,500108 - Wages - Non-Exempt Regular: Maintenance,pr,2,"Paul - (Fort Worth, TX) - Aden Crest",
50011,50011 PORTER,pr,2,"Danny - (Tulsa, OK) - Waterford",
500116,500116 · Workers Compensation,pr,2,"Guillermo - (Lubbock, TX) - Thrive in Lubbock",
500121,500121 · Insurance Benefits,pr,2,"Guillermo - (Lubbock, TX) - Thrive in Lubbock",
50014,50014 SUBCONTRACT,pr,2,"Danny - (Tulsa, OK) - Waterford",
50015,50015 LEASE COMMIS,pr,2,"Danny - (Tulsa, OK) - Waterford",
50016,50016 EMPLOYEE TEA,pr,2,"Danny - (Tulsa, OK) - Waterford",
50017,50017 EMPLOYEE NO,pr,2,"Danny - (Tulsa, OK) - Waterford",
50018,50018 EMPLOYEE BE,pr,2,"Danny - (Tulsa, OK) - Waterford",
50019,50019 PAYROLL TAX,pr,2,"Danny - (Tulsa, OK) - Waterford",
5002,5002 Gain/Loss To Lease,ll,4,"Bryce - (Dallas, TX) - The Landing at McCallum",
5002,5002 Managers  Salarie,pr,2,"Jon - (Anadarko, OK) - The Crossings in Anadarko",
5002,5002 Office Supplies,ad,6,"Emilio - (Garland, TX) - The Retreat at Faulkner Point",
5002,5002 - Property Inspection Software,ad,2,"Dylan - (Houston, TX) - Northbrooke",
5002.001,5002.001 Credit Verification,ad,3,"Jackson - (Balch Springs, TX) - Shepherd Lane Apartments",
5002.001,5002.001 Tenant Credit Che,ad,2,"Guillermo - (Hurst, TX) - Point on Calloway",
5002.001,5002.001 Tenant Credit Check,ad,2,"Yonnic - (Dallas, TX) - Casa de Arroyo",
500200,500200 · Electricity - Unit,e,2,"Guillermo - (Lubbock, TX) - Thrive in Lubbock",
500203,500203 - Wages - Non-Exempt Overtime: Managers,pr,2,"Paul - (Fort Worth, TX) - Aden Crest",
500205,500205 · Electricity - Common Area,e,2,"Guillermo - (Lubbock, TX) - Thrive in Lubbock",
500206,500206 - Wages - Non-Exempt Overtime: Leasing Agents,pr,2,"Paul - (Fort Worth, TX) - Aden Crest",
500208,500208 - Wages - Non-Exempt Overtime: Maintenance,pr,2,"Paul - (Fort Worth, TX) - Aden Crest",
500210,500210 · Electricity - Vacant,e,2,"Guillermo - (Lubbock, TX) - Thrive in Lubbock",
500220,500220 · Gas - Common Area,o,2,"Guillermo - (Lubbock, TX) - Thrive in Lubbock",
500230,500230 · Trash Removal - Common Area,tr,2,"Guillermo - (Lubbock, TX) - Thrive in Lubbock",
500235,500235 · Water/Sewer - Unit,w,2,"Guillermo - (Lubbock, TX) - Thrive in Lubbock",
500248,500248 · Utilities Expense - Other,o,2,"Guillermo - (Lubbock, TX) - Thrive in Lubbock",
5003,5003 Amenity Repairs,rm,5,"Yonnic - (San Antonio, TX) - The Kelly Apartments",
5003,5003 Internet Services,o,2,"Emilio  - (Fort Worth, TX) - Leuda-May Apartments","recoded from 'ad' (standardized to majority ({'o': 7, 'ad': 2}))"
5003,5003 - Postage And Freight,ad,2,"Bryce - (Addison, TX) - Jade Addison",
5003.001,5003.001 Security,cs,2,"Yonnic - (Dallas, TX) - Casa de Arroyo","recoded from 'ad' (standardized to majority ({'cs': 23, 'ad': 2, 'rm': 6}))"
500300,500300 · Carpet Cleaning - Make Ready,rm,2,"Guillermo - (Lubbock, TX) - Thrive in Lubbock",
500305,500305 · Carpet Repair - Make Ready,rm,2,"Guillermo - (Lubbock, TX) - Thrive in Lubbock",
500310,500310 · Cleaning Supplies - Make Ready,rm,2,"Guillermo - (Lubbock, TX) - Thrive in Lubbock",
500315,500315 · Contract Cleaning - Make Ready,rm,2,"Guillermo - (Lubbock, TX) - Thrive in Lubbock",
500320,500320 · Countertop Repairs - Make Ready,rm,2,"Guillermo - (Lubbock, TX) - Thrive in Lubbock",
500330,500330 · Painting - Make Ready,rm,2,"Guillermo - (Lubbock, TX) - Thrive in Lubbock",
500335,500335 · Vinyl Repair - Make Ready,rm,2,"Guillermo - (Lubbock, TX) - Thrive in Lubbock",
500340,500340 · Wall Coverings - Make Ready,rm,2,"Guillermo - (Lubbock, TX) - Thrive in Lubbock",
500345,500345 · Window Covering Repair-Make Rea,rm,2,"Guillermo - (Lubbock, TX) - Thrive in Lubbock",
500350,500350 · Make Ready - Other,rm,2,"Guillermo - (Lubbock, TX) - Thrive in Lubbock",
5004,5004 - Pm Software,ad,2,"Dylan - (Houston, TX) - Northbrooke",
5004,5004 - Property Mgmt Software,ad,2,"Bryce - (Addison, TX) - Jade Addison",
5004.001,5004.001 Misc. Fees & Permi,ad,2,"Guillermo - (Hurst, TX) - Point on Calloway",
5004.001,5004.001 Misc. Fees & Permits,ad,2,"Yonnic - (Dallas, TX) - Casa de Arroyo",
5004.002,5004.002 Dues & Subscriptions,ad,3,"Jackson - (Balch Springs, TX) - Shepherd Lane Apartments",
500401,500401 · Alarms/Monitoring,cs,2,"Guillermo - (Lubbock, TX) - Thrive in Lubbock",
500426,500426 · Landscape Contract,cs,2,"Guillermo - (Lubbock, TX) - Thrive in Lubbock",
500431,500431 · Landscaping - Other,cs,2,"Guillermo - (Lubbock, TX) - Thrive in Lubbock",
500441,500441 · Pool Contract,cs,2,"Guillermo - (Lubbock, TX) - Thrive in Lubbock",
500466,500466 · Contract Services - Other,cs,2,"Guillermo - (Lubbock, TX) - Thrive in Lubbock",
5005,5005 Boilers/Spa Heater,rm,2,"Emilio - (Dallas, TX) - The Newport",
5005,5005 Commissions & Bonuses,pr,2,"Jackson - (College Station, TX) - Anderson Point",
5005,5005 - Lease Forms/Software,ad,2,"Guillermo - (Lubbock, TX) - The Boulders at Lakeridge",
5005,5005 Telephone Services,ad,2,"Emilio - (Garland, TX) - The Retreat at Faulkner Point",
5005-0000,5005-0000 Gross Potential Rent,r,4,"Yonnic - (Beaumont, TX) - Autumn Oaks",
5005.001,5005.001 Advertising,m,4,"Yonnic - (Dallas, TX) - Casa de Arroyo","recoded from 'ad' (standardized to majority ({'m': 142, 'ad': 4}))"
50050,50050 · Salaries- Maintenance Personnel,pr,2,"Dylan - (College Station, TX)  - Quarters on Luther",
500500,500500 · Access Gates & Fences - R&M,rm,2,"Guillermo - (Lubbock, TX) - Thrive in Lubbock",
500505,500505 · Appliances/Equipment - R&M,rm,2,"Guillermo - (Lubbock, TX) - Thrive in Lubbock",
500510,500510 · Building Maint.-Exterior-R&M,rm,2,"Guillermo - (Lubbock, TX) - Thrive in Lubbock",
500515,500515 · Building Maint.-Interior-R&M,rm,2,"Guillermo - (Lubbock, TX) - Thrive in Lubbock",
500520,500520 · Electrical - R&M,rm,2,"Guillermo - (Lubbock, TX) - Thrive in Lubbock",
500525,500525 · Fire/Life Safety - R&M,rm,2,"Guillermo - (Lubbock, TX) - Thrive in Lubbock",
500530,500530 · Golf Carts/Vehicle - R&M,rm,2,"Guillermo - (Lubbock, TX) - Thrive in Lubbock",
500535,500535 · HVAC - R&M,rm,2,"Guillermo - (Lubbock, TX) - Thrive in Lubbock",
500540,500540 · Lawn Sprinkler/Irrigation - R&M,rm,2,"Guillermo - (Lubbock, TX) - Thrive in Lubbock",
500545,500545 · Lighting - R&M,rm,2,"Guillermo - (Lubbock, TX) - Thrive in Lubbock",
500550,500550 · Locks & Keys - R&M,rm,2,"Guillermo - (Lubbock, TX) - Thrive in Lubbock",
500555,500555 · Painting Common Area - R&M,rm,2,"Guillermo - (Lubbock, TX) - Thrive in Lubbock",
500565,500565 · Pest Control - R&M,rm,2,"Guillermo - (Lubbock, TX) - Thrive in Lubbock",
500570,500570 · Plumbing - R&M,rm,2,"Guillermo - (Lubbock, TX) - Thrive in Lubbock",
500575,500575 · Plumbing Supplies/Repairs - R&M,rm,2,"Guillermo - (Lubbock, TX) - Thrive in Lubbock",
500580,500580 · Pool & Spa - R&M,rm,2,"Guillermo - (Lubbock, TX) - Thrive in Lubbock",
500590,500590 · Supplies - R&M,rm,2,"Guillermo - (Lubbock, TX) - Thrive in Lubbock",
500595,500595 · Tools/Equipment - R&M,rm,2,"Guillermo - (Lubbock, TX) - Thrive in Lubbock",
5006,5006 - Meals & Entertainment - In-House (100%),ad,2,"Bryce - (Addison, TX) - Jade Addison",
5006,5006 - Office Equipment Rental,ad,2,"Dylan - (Houston, TX) - Northbrooke",
5006,5006 Other Maintena,pr,2,"Jon - (Anadarko, OK) - The Crossings in Anadarko",
5006,5006 Software,ad,4,"Emilio - (Garland, TX) - The Retreat at Faulkner Point",
5006.00,5006.00 Software Licenses & Maintenance Fees,ad,2,"Emilio - (Dallas, TX) - The Apollo at Bishop Ridge",
5006.0001,5006.0001 - Meals & Entertainment - Out Of Office (50%),ad,2,"Bryce - (Addison, TX) - Jade Addison",
5006.001,5006.001 Office Supplies,ad,4,"Yonnic - (Dallas, TX) - Casa de Arroyo",
500600,500600 · Water Extraction - R&M,rm,2,"Guillermo - (Lubbock, TX) - Thrive in Lubbock",
500605,500605 · Windows/Screens/Doors - R&M,rm,2,"Guillermo - (Lubbock, TX) - Thrive in Lubbock",
500610,500610 · Repairs & Maintenance - Other,rm,2,"Guillermo - (Lubbock, TX) - Thrive in Lubbock",
5007,5007 Doors/ Windows/ Screens,rm,5,"Yonnic - (San Antonio, TX) - The Kelly Apartments",
5007,5007 Other Income - Monthly Pet Rent,oi,4,"Bryce - (Dallas, TX) - The Landing at McCallum",
5007,5007 Postage,ad,2,"Emilio  - (Fort Worth, TX) - Leuda-May Apartments",
5007,5007 - Website,m,2,"Bryce - (Addison, TX) - Jade Addison","recoded from 'ad' (standardized to majority ({'m': 28, 'ad': 5}))"
5007.001,5007.001 Dues & Subscriptio,ad,2,"Guillermo - (Hurst, TX) - Point on Calloway",
5007.001,5007.001 Dues & Subscriptions,ad,2,"Yonnic - (Dallas, TX) - Casa de Arroyo",
5007.002,5007.002 Computer Software,ad,3,"Jackson - (Balch Springs, TX) - Shepherd Lane Apartments",
500705,500705 · Banners/Flags/Signage,m,2,"Guillermo - (Lubbock, TX) - Thrive in Lubbock",
500710,500710 · Collateral Materials,m,2,"Guillermo - (Lubbock, TX) - Thrive in Lubbock",
500725,500725 · Interactive Marketing Technolog,m,2,"Guillermo - (Lubbock, TX) - Thrive in Lubbock",
500730,500730 · Internet Listing Service (ILS),m,2,"Guillermo - (Lubbock, TX) - Thrive in Lubbock",
500735,500735 · Lead Tracking Tools,m,2,"Guillermo - (Lubbock, TX) - Thrive in Lubbock",
500750,500750 · Marketing Dues & Subscriptions,m,2,"Guillermo - (Lubbock, TX) - Thrive in Lubbock",
500755,500755 · Model Accessories,m,2,"Guillermo - (Lubbock, TX) - Thrive in Lubbock",
500765,500765 · Print Media,m,2,"Guillermo - (Lubbock, TX) - Thrive in Lubbock",
500770,500770 · Promotions,m,2,"Guillermo - (Lubbock, TX) - Thrive in Lubbock",
500775,500775 · Prospect Refreshments,m,2,"Guillermo - (Lubbock, TX) - Thrive in Lubbock",
500780,500780 · Tenant Functions/Parties,m,2,"Guillermo - (Lubbock, TX) - Thrive in Lubbock",
500785,500785 · Tenant Gifts,m,2,"Guillermo - (Lubbock, TX) - Thrive in Lubbock",
500795,500795 · Tenant Retention,m,2,"Guillermo - (Lubbock, TX) - Thrive in Lubbock",
500799,500799 · Website/Portals,m,2,"Guillermo - (Lubbock, TX) - Thrive in Lubbock",
5008,5008 Bank Fees,ad,4,"Emilio - (Garland, TX) - The Retreat at Faulkner Point",
5008,5008 - Dues And Subscriptions,ad,2,"Bryce - (Addison, TX) - Jade Addison",
5008,5008 Other Income - Covered Parking,oi,2,"Bryce - (Dallas, TX) - The Landing at McCallum",
5008,5008 - Printing,ad,2,"Dylan - (Houston, TX) - Northbrooke",
5008.00,5008.00 Bank Fees,ad,2,"Emilio - (Dallas, TX) - The Apollo at Bishop Ridge",
5008.001,5008.001 Postage & Delivery,ad,4,"Yonnic - (Dallas, TX) - Casa de Arroyo",
500800,500800 · Marketing - Other,m,2,"Guillermo - (Lubbock, TX) - Thrive in Lubbock",
5009,5009 - Copier And Printing,ad,2,"Bryce - (Addison, TX) - Jade Addison",
5009,5009 Payroll Processin,pr,2,"Jon - (Anadarko, OK) - The Crossings in Anadarko",
5009,5009 Permits,ad,4,"Emilio - (Garland, TX) - The Retreat at Faulkner Point",
5009.00,5009.00 Permits and Licenses,ad,2,"Emilio - (Dallas, TX) - The Apollo at Bishop Ridge",
5009.001,5009.001 Misc. Expense,ad,2,"Guillermo - (Hurst, TX) - Point on Calloway",
500900,500900 · Answering Service / Call Center,ad,2,"Guillermo - (Lubbock, TX) - Thrive in Lubbock",
500905,500905 · Bank Fees,ad,2,"Guillermo - (Lubbock, TX) - Thrive in Lubbock",
500920,500920 · Computer Services/Software,ad,2,"Guillermo - (Lubbock, TX) - Thrive in Lubbock",
500925,500925 · Empl. Training-Education-Recogn,ad,2,"Guillermo - (Lubbock, TX) - Thrive in Lubbock",
500930,500930 · Employee Travel/Mileage,ad,2,"Guillermo - (Lubbock, TX) - Thrive in Lubbock",
500940,500940 · Government License/Fees/Permits,ad,2,"Guillermo - (Lubbock, TX) - Thrive in Lubbock",
500947,500947 · Legal & Accounting,ad,2,"Guillermo - (Lubbock, TX) - Thrive in Lubbock",
500950,500950 · Office Equipment Expense,ad,2,"Guillermo - (Lubbock, TX) - Thrive in Lubbock",
500955,500955 · Office Supplies & Service,ad,2,"Guillermo - (Lubbock, TX) - Thrive in Lubbock",
500960,500960 · Postage & Courier,ad,2,"Guillermo - (Lubbock, TX) - Thrive in Lubbock",
500965,500965 · Telephone,ad,2,"Guillermo - (Lubbock, TX) - Thrive in Lubbock",
500970,500970 · Tenant Screening,ad,2,"Guillermo - (Lubbock, TX) - Thrive in Lubbock",
500980,500980 · G&A - Other,ad,2,"Guillermo - (Lubbock, TX) - Thrive in Lubbock",
500995,500995 · Internet Services,o,2,"Guillermo - (Lubbock, TX) - Thrive in Lubbock",
501.01,501.01 Administrator Payroll Cogs,pr,2,"Jon - (Dallas, TX) - Iris Memory Care of Turtle Creek",
501.02,501.02 Culinary Payroll Cogs,pr,2,"Jon - (Dallas, TX) - Iris Memory Care of Turtle Creek",
501.03,501.03 Caregivers Payroll Cogs,pr,2,"Jon - (Dallas, TX) - Iris Memory Care of Turtle Creek",
501.04,501.04 Nurse Payroll Cogs,pr,2,"Jon - (Dallas, TX) - Iris Memory Care of Turtle Creek",
501.05,501.05 Activities Payroll Cogs,pr,2,"Jon - (Dallas, TX) - Iris Memory Care of Turtle Creek",
501.06,501.06 Maintenance Payroll Cogs,pr,2,"Jon - (Dallas, TX) - Iris Memory Care of Turtle Creek",
501.07,501.07 Housekeeping Payroll Cogs,pr,2,"Jon - (Dallas, TX) - Iris Memory Care of Turtle Creek",
501.08,501.08 Incentive Bonuses Cogs,pr,2,"Jon - (Dallas, TX) - Iris Memory Care of Turtle Creek",
501.15,501.15 Accrued Payroll Expense,pr,2,"Jon - (Dallas, TX) - Iris Memory Care of Turtle Creek",
5010,5010 Answering Servic,ad,4,"Yonnic - (Houston, TX) - Fall Lakes",
5010,5010 Answering Service,ad,2,"Guillermo - (Dallas, TX) - Casa Bonita",
5010,5010 Dues and Subscriptions,ad,4,"Emilio - (Garland, TX) - The Retreat at Faulkner Point",
5010,5010 Employee Payroll,pr,4,"Bryce - (OKC, OK) - 717 Ventura South",
5010,5010 - It | Computer,ad,2,"Dylan - (Houston, TX) - Northbrooke",
5010,5010 Other Income - Parking Income,oi,2,"Bryce - (Dallas, TX) - The Dahlia",
5010,5010 Payroll- Management,pr,2,"Jackson - (College Station, TX) - Anderson Point",
5010,5010 - Permits and Licenses,ad,2,"Guillermo - (Lubbock, TX) - The Boulders at Lakeridge",
5010,5010 Property Manager Payroll,pr,2,"Jon - (San Antonio, TX) - Salado Creek Villas",
5010,5010 - Training And Seminars,ad,2,"Bryce - (Addison, TX) - Jade Addison",
5010-0000,5010-0000 Contract Gain (Loss) to Lease,ll,4,"Yonnic - (Beaumont, TX) - Autumn Oaks",
5010-1000,5010-1000 Salaries & Wages - Maint,pr,5,"Yonnic - (Austin, TX) - Alma North Plaza",
5010-3000,5010-3000 Bonuses - Maint,pr,5,"Yonnic - (Austin, TX) - Alma North Plaza",
5010-4000,5010-4000 Commissions - Maint,pr,5,"Yonnic - (Austin, TX) - Alma North Plaza",
5010-5000,5010-5000 Overtime - Maint,pr,5,"Yonnic - (Austin, TX) - Alma North Plaza",
5010.00,5010.00 Dues and Subscriptions,ad,2,"Emilio - (Dallas, TX) - The Apollo at Bishop Ridge",
5010.001,5010.001 Telephone,ad,4,"Yonnic - (Dallas, TX) - Casa de Arroyo",
5010.001,5010.001 Telephone & Internet,ad,3,"Jackson - (Balch Springs, TX) - Shepherd Lane Apartments",
50100,50100 Payroll Expenses,pr,2,"Greg - (Lubbock, TX) - Westlake Apartments",
501003,501003 · Management Fees,mf,2,"Guillermo - (Lubbock, TX) - Thrive in Lubbock",
501005,501005 · Property Taxes,tx,2,"Guillermo - (Lubbock, TX) - Thrive in Lubbock",
501015,501015 · Franchise Taxes,tx,2,"Guillermo - (Lubbock, TX) - Thrive in Lubbock",
5011,5011 Credit Check,ad,4,"Emilio - (Garland, TX) - The Retreat at Faulkner Point",
5011,5011 Electrical,rm,2,"Emilio - (Dallas, TX) - The Newport",
5011,5011 Petty Cash,ad,2,"Jon - (Anadarko, OK) - The Crossings in Anadarko","recoded from 'pr' (standardized to majority ({'ad': 8, 'pr': 2}))"
5011.00,5011.00 Credit Check,ad,2,"Emilio - (Dallas, TX) - The Apollo at Bishop Ridge",
5011.001,5011.001 Emergency phone,ad,2,"Guillermo - (Hurst, TX) - Point on Calloway",
5012,"5012 - Credit, Collection & Legal",ad,2,"Bryce - (Addison, TX) - Jade Addison",
5012,5012 Eviction Expense,ad,4,"Emilio - (Garland, TX) - The Retreat at Faulkner Point",
5012,5012 Payroll Expenses,pr,3,"Greg - (Houston, TX) - Encanto",
5012,5012 - Postage & Delivery,ad,2,"Dylan - (Houston, TX) - Northbrooke",
5012.00,5012.00 Eviction,ad,2,"Emilio - (Dallas, TX) - The Apollo at Bishop Ridge",
5012.001,5012.001 Website,m,3,"Jackson - (Balch Springs, TX) - Shepherd Lane Apartments","recoded from 'ad' (standardized to majority ({'m': 28, 'ad': 5}))"
501200,501200 · Property Insurance,i,2,"Guillermo - (Lubbock, TX) - Thrive in Lubbock",
501210,501210 · General Liability,i,2,"Guillermo - (Lubbock, TX) - Thrive in Lubbock",
501215,501215 · Insurance - Other,i,2,"Guillermo - (Lubbock, TX) - Thrive in Lubbock",
5013,5013 - Accounting Expenses,ad,2,"Guillermo - (Lubbock, TX) - The Boulders at Lakeridge",
5013,5013 Credit Builder,ad,2,"Emilio - (Garland, TX) - The Retreat at Faulkner Point",
5013,5013 General Office Expe,ad,2,"Jon - (Anadarko, OK) - The Crossings in Anadarko",
5013,5013 Other Income - Washer/Dryer Rental,oi,4,"Bryce - (Dallas, TX) - The Landing at McCallum",
5013,5013 - Professional Services,ad,2,"Bryce - (Addison, TX) - Jade Addison",
5014,5014 - Asset Protect,ad,2,"Bryce - (Addison, TX) - Jade Addison",
5014,5014 - Resident Screening,ad,2,"Dylan - (Houston, TX) - Northbrooke",
5014.001,5014.001 Bank Charges,ad,4,"Yonnic - (Dallas, TX) - Casa de Arroyo",
5015,5015 Bank Charges,ad,6,"Yonnic - (Houston, TX) - Fall Lakes",
5015,5015 - Resident Credit Report Fee,ad,2,"Bryce - (Addison, TX) - Jade Addison",
5015-1000,5015-1000 Salaries & Wages - Leasing,pr,5,"Yonnic - (Austin, TX) - Alma North Plaza",
5015-3000,5015-3000 Bonuses - Leasing,pr,5,"Yonnic - (Austin, TX) - Alma North Plaza",
5015-4000,5015-4000 Commissions - Leasing,pr,5,"Yonnic - (Austin, TX) - Alma North Plaza",
5015-5000,5015-5000 Overtime - Leasing,pr,5,"Yonnic - (Austin, TX) - Alma North Plaza",
5015.001,5015.001 Bank Charges & Fees,ad,3,"Jackson - (Balch Springs, TX) - Shepherd Lane Apartments",
5016,5016 Answering Service,ad,6,"Emilio - (Garland, TX) - The Retreat at Faulkner Point",
5016,5016 - Office Telephone/Internet,ad,2,"Bryce - (Addison, TX) - Jade Addison",
5016.001,"5016.001 Legal, Accounting",ad,2,"Guillermo - (Hurst, TX) - Point on Calloway",
5016.001,"5016.001 Legal, Accounting & other Professional Fees",ad,5,"Yonnic - (Dallas, TX) - Casa de Arroyo",
5016.002,5016.002 Property Tax consultant,ad,3,"Jackson - (Balch Springs, TX) - Shepherd Lane Apartments",
5017,5017 Mileage Expense,ad,4,"Emilio - (Garland, TX) - The Retreat at Faulkner Point",1xpr
5017,5017 - Mobile Phone,ad,2,"Bryce - (Addison, TX) - Jade Addison",
5017.001,5017.001 Computer/Interne,ad,2,"Guillermo - (Hurst, TX) - Point on Calloway",
5017.001,5017.001 Computer/Internet Expense,ad,2,"Yonnic - (Dallas, TX) - Casa de Arroyo",
5018,5018 - Answering Service,ad,2,"Bryce - (Addison, TX) - Jade Addison",
5018,5018 - Office - Telephone | Internet,ad,2,"Dylan - (Houston, TX) - Northbrooke",
5019,5019 - Bulk Internet,o,2,"Dylan - (Houston, TX) - Northbrooke",
5019,5019 - Licenses Permits And Fees,ad,2,"Bryce - (Addison, TX) - Jade Addison",
5019,5019 Professional Fees,ad,4,"Emilio - (Garland, TX) - The Retreat at Faulkner Point",
5019.00,5019.00 Professional Fees - Other,ad,2,"Emilio - (Dallas, TX) - The Apollo at Bishop Ridge",
5019.001,5019.001 RUBS Expense,ad,3,"Jackson - (Balch Springs, TX) - Shepherd Lane Apartments",
502.01,502.01 Payroll Taxes Cogs,pr,2,"Jon - (Dallas, TX) - Iris Memory Care of Turtle Creek",
502.02,502.02 Workers Comp - Payroll Taxes Cogs,pr,2,"Jon - (Dallas, TX) - Iris Memory Care of Turtle Creek",
5020,5020 Computer/Softwa,ad,4,"Yonnic - (Houston, TX) - Fall Lakes",
5020,5020 Computer/Software Expense,ad,2,"Guillermo - (Dallas, TX) - Casa Bonita",
5020,5020 - Evictions/Writ of Possession,ad,2,"Guillermo - (Lubbock, TX) - The Boulders at Lakeridge",
5020,5020 Loss/Gain to Lease,ll,2,"Emilio - (Houston, TX) - Los Pinos",
5020,5020 Maintenance and Housekeeping Payroll,pr,2,"Jon - (San Antonio, TX) - Salado Creek Villas",
5020,5020 - Uniform,ad,2,"Bryce - (Addison, TX) - Jade Addison",
5020-0000,5020-0000 Physical Vacancy Loss,v,4,"Yonnic - (Beaumont, TX) - Autumn Oaks",
5020.00,5020.00 Membership Fees,ad,2,"Emilio - (Dallas, TX) - The Apollo at Bishop Ridge",
5020.000,5020.000 Salaries and Wages,pr,2,Guillermo - (Baton Rouge) - Eden Point,
5020.001,5020.001 Centralized Admin Wages,pr,2,Guillermo - (Baton Rouge) - Eden Point,
5020.001,5020.001 Resident Relations,m,3,"Jackson - (Balch Springs, TX) - Shepherd Lane Apartments","recoded from 'ad' (standardized to majority ({'m': 78, 'ad': 3}))"
5020.001,5020.001 Resident Retention,m,4,"Yonnic - (Dallas, TX) - Casa de Arroyo","recoded from 'ad' (standardized to majority ({'m': 56, 'ad': 4}))"
5020.002,5020.002 Centralized Maint Wages,pr,2,Guillermo - (Baton Rouge) - Eden Point,
5020.004,5020.004 Direct Maint Wages,pr,2,Guillermo - (Baton Rouge) - Eden Point,
50200,50200 Advertising & Marketing,m,2,"Greg - (Lubbock, TX) - Westlake Apartments",
5021,5021 Heating & Air Conditioning,rm,5,"Yonnic - (San Antonio, TX) - The Kelly Apartments",
5021,5021 Leasing & Office Payroll,pr,2,"Jon - (San Antonio, TX) - Salado Creek Villas",
5021,5021 Meals,ad,4,"David - (Grand Prairie, TX) - Serrano Creek",
5021,5021 Other Applianc,rm,2,"Jon - (Anadarko, OK) - The Crossings in Anadarko",
5021.001,5021.001 Answering Service,ad,4,"Yonnic - (Dallas, TX) - Casa de Arroyo",
5022,5022 - Computer Supplies,ad,2,"Bryce - (Addison, TX) - Jade Addison",
5022,5022 Office Signs,ad,2,"Emilio  - (Fort Worth, TX) - Leuda-May Apartments",
5023,5023 Auto/Mileage/Travel Expense,ad,2,"Emilio  - (Fort Worth, TX) - Leuda-May Apartments",
5023,5023 - Employee Relations,ad,2,"Bryce - (Addison, TX) - Jade Addison",
5023,5023 Employee Rent/Concession/,pr,2,"Jon - (San Antonio, TX) - Salado Creek Villas",
5024,5024 Mileage Reimbursement,rm,4,"David - (Grand Prairie, TX) - Serrano Creek","recoded from 'ad' (standardized to majority ({'rm': 14, 'ad': 7, 'pr': 6}))"
5024,5024 - Pool Phone,ad,2,"Bryce - (Addison, TX) - Jade Addison",
5024,5024 Training/Seminars,ad,2,"Emilio  - (Fort Worth, TX) - Leuda-May Apartments",
5024,5024 - Travel - Hotel & Airfare,ad,2,"Dylan - (Houston, TX) - Northbrooke",
5025,5025 - Bank Fees,ad,2,"Guillermo - (Lubbock, TX) - The Boulders at Lakeridge",
5025,5025 Credit Services,ad,6,"Yonnic - (Houston, TX) - Fall Lakes",
5025,5025 Employee Commissions,pr,2,Guillermo - (Baton Rouge) - Eden Point,
5025,5025 Landscaping Supplies,rm,3,"Yonnic - (San Antonio, TX) - The Kelly Apartments",
5025,5025 - Travel - Meals,ad,2,"Dylan - (Houston, TX) - Northbrooke",
5025-1000,5025-1000 Abatement,nr,2,"Yonnic - (Beaumont, TX) - Autumn Oaks",
5025-2000,5025-2000 Payroll Taxes,pr,2,"Yonnic - (Austin, TX) - Alma North Plaza",
5025-5000,5025-5000 Insurance - Health/Dental/Vision,pr,2,"Yonnic - (Austin, TX) - Alma North Plaza",
5025-6000,5025-6000 Insurance - Workers Comp,pr,2,"Yonnic - (Austin, TX) - Alma North Plaza",
50250,50250 · Incentives,pr,2,"Dylan - (College Station, TX)  - Quarters on Luther",
5026,5026 - Travel - Mileage,ad,2,"Dylan - (Houston, TX) - Northbrooke",
5026-0000,5026-0000 Concession - Move-in Special,nr,4,"Yonnic - (Beaumont, TX) - Autumn Oaks",
5027,5027 - Credit Card Processing Fee,ad,2,"Guillermo - (Lubbock, TX) - The Boulders at Lakeridge",
5027,5027 Lighting,rm,5,"Yonnic - (San Antonio, TX) - The Kelly Apartments",
5029,5029 Interest Expense,ad,2,"Emilio - (Garland, TX) - The Retreat at Faulkner Point",
5029,5029 Supplies,rm,2,"Jon - (Anadarko, OK) - The Crossings in Anadarko",
5030,5030 - Admin Temp Contract Labor,ad,2,"Guillermo - (Lubbock, TX) - The Boulders at Lakeridge",
5030,5030 - Dues & Subscriptions,ad,2,"Dylan - (Houston, TX) - Northbrooke",
5030,5030 Dues/Licenses/Fe,ad,4,"Yonnic - (Houston, TX) - Fall Lakes",
5030,5030 Dues/Licenses/Fees,ad,2,"Guillermo - (Dallas, TX) - Casa Bonita",
5030,5030 HVAC Repair,rm,2,"Jon - (Anadarko, OK) - The Crossings in Anadarko",
5030,5030 Other Cleaning Expense,rm,4,"David - (Grand Prairie, TX) - Serrano Creek",
5030,5030 Other HVAC R,rm,2,"Jon - (Anadarko, OK) - The Crossings in Anadarko",
5030,5030 Payroll Commission Bonus,pr,2,"Jon - (San Antonio, TX) - Salado Creek Villas",
5030,5030 Payroll- Maintenance,pr,2,"Jackson - (College Station, TX) - Anderson Point",
5030,5030 Worker's Comp Expense,pr,2,Guillermo - (Baton Rouge) - Eden Point,
5030-0100,5030-0100 Rent Concession/Discounts,nr,4,"Yonnic - (Beaumont, TX) - Autumn Oaks",
5030.001,5030.001 Model Unit Expens,ad,2,"Guillermo - (Hurst, TX) - Point on Calloway",
50300,50300 · Payroll Taxes,pr,2,"Dylan - (College Station, TX)  - Quarters on Luther",
5031,5031 Materials & Supplies,rm,5,"Yonnic - (San Antonio, TX) - The Kelly Apartments",
5031,5031 Other Pest Con,cs,2,"Jon - (Anadarko, OK) - The Crossings in Anadarko",
5031,5031 Pest Control,cs,4,"David - (Grand Prairie, TX) - Serrano Creek",
5031-0000,5031-0000 Hiring Expenses,ad,5,"Yonnic - (Austin, TX) - Alma North Plaza",
50310,50310 Bank Charges & Fees,ad,2,"Greg - (Lubbock, TX) - Westlake Apartments",
5032-0000,5032-0000 Teammate Discounts,pr,3,"Guillermo - (Fort Worth, TX) - The Flats at Brentwood",
5032-0600,5032-0600 Credit Builder Fee,oi,4,"Yonnic - (Beaumont, TX) - Autumn Oaks",
5032-1200,5032-1200 Amenity Fee,oi,2,"Yonnic - (Beaumont, TX) - Autumn Oaks",
5033,5033 Landscaping,cs,4,"David - (Grand Prairie, TX) - Serrano Creek",
5033,5033 Painting/Carpentry/Stucco/Brick,rm,3,"Yonnic - (San Antonio, TX) - The Kelly Apartments",
5033-0000,5033-0000 Down Units,nr,2,"Yonnic - (Beaumont, TX) - Autumn Oaks",
5034,5034 - Employee Training | Retention,ad,2,"Dylan - (Houston, TX) - Northbrooke",
5035,5035 Cleaning Supplies,rm,4,"David - (Grand Prairie, TX) - Serrano Creek",
5035,5035 Employee Trainin,ad,2,"Yonnic - (Houston, TX) - Fall Lakes",
5035,5035 Employee Training/Benefits,ad,2,"Guillermo - (Dallas, TX) - Casa Bonita",
5035,5035 Miscellaneous General & Admin,ad,2,"Emilio  - (Fort Worth, TX) - Leuda-May Apartments",
5035,5035 Parking Lots,rm,3,"Yonnic - (San Antonio, TX) - The Kelly Apartments",
5035,5035 - Utility Billing Services,ad,2,"Guillermo - (Lubbock, TX) - The Boulders at Lakeridge",
5035,5035 Vacancy Loss,v,2,"Emilio - (Houston, TX) - Los Pinos",
5035-0000,5035-0000 Model Units,nr,2,"Yonnic - (Beaumont, TX) - Autumn Oaks",
5035-0000,5035-0000 Temporary Help,pr,5,"Yonnic - (Austin, TX) - Alma North Plaza",
50350,50350 Office Supplies,ad,2,"Greg - (Lubbock, TX) - Westlake Apartments",
5036,5036 - Bank Fees,ad,2,"Dylan - (Houston, TX) - Northbrooke",
5037,5037 - Payroll Processing Fees,pr,2,"Guillermo - (Lubbock, TX) - The Boulders at Lakeridge","recoded from 'ad' (standardized to majority ({'pr': 58, 'ad': 2}))"
5037,5037 Plumbing,rm,5,"Yonnic - (San Antonio, TX) - The Kelly Apartments",
5037-0000,5037-0000 Payroll Processing Fees,pr,5,"Yonnic - (Austin, TX) - Alma North Plaza",
50375,50375 · Worker's Compensation,pr,2,"Dylan - (College Station, TX)  - Quarters on Luther",
5038,5038 - Eviction Fees | Legal Fees,ad,2,"Dylan - (Houston, TX) - Northbrooke",
5040,5040 - Applicant Screening / Background,ad,2,"Guillermo - (Lubbock, TX) - The Boulders at Lakeridge",
5040,5040 Employer Payroll Taxes,pr,2,"Jackson - (College Station, TX) - Anderson Point",
5040,5040 Furniture/Equipm,ad,2,"Emilio - (Cedar Hill, TX) - S C Crossing",
5040,5040 Mini Blinds,rm,2,"Jon - (Anadarko, OK) - The Crossings in Anadarko",
5040,5040 Payroll Taxes,pr,2,Guillermo - (Baton Rouge) - Eden Point,
5040,5040 Payroll Taxes Expense,pr,2,"Jon - (San Antonio, TX) - Salado Creek Villas",
5040,5040 - Professional Services | Support,ad,2,"Dylan - (Houston, TX) - Northbrooke",
5040-0000,5040-0000 Employee Discounts,nr,2,"Yonnic - (Beaumont, TX) - Autumn Oaks",
5040-0000,5040-0000 Payroll Allocation,pr,5,"Yonnic - (Austin, TX) - Alma North Plaza",
5040-1000,5040-1000 Forbearance - Rent Forgiveness,nr,2,"Yonnic - (Beaumont, TX) - Autumn Oaks",
50400,50400 Property Management,mf,2,"Greg - (Lubbock, TX) - Westlake Apartments",
5041,5041 Mgmt/Office Salaries,pr,2,"Bryce - (DeSoto, TX) - Wooded Creek Apartments",
5042,5042 Cleaning,rm,2,"Jon - (Anadarko, OK) - The Crossings in Anadarko",
5042,5042 Office Overtime,pr,2,"Bryce - (DeSoto, TX) - Wooded Creek Apartments",
5042,5042 - Uniforms,ad,2,"Dylan - (Houston, TX) - Northbrooke",
5042,5042 Utility Billing Services,ad,4,"Emilio - (Garland, TX) - The Retreat at Faulkner Point",
5042.00,5042.00 Utility Billing Services,ad,2,"Emilio - (Dallas, TX) - The Apollo at Bishop Ridge","recoded from 'o' (standardized to majority ({'ad': 6, 'o': 2, 'm': 4}))"
5043,5043 Mgmt/Office Incen Comp,pr,2,"Bryce - (DeSoto, TX) - Wooded Creek Apartments",
5043,5043 Misc. Make Read,rm,2,"Jon - (Anadarko, OK) - The Crossings in Anadarko",
5043.001,5043.001 Evictions & Court Fees,ad,3,"Jackson - (Balch Springs, TX) - Shepherd Lane Apartments",
5044,5044 - Employee Recruitment,pr,2,"Dylan - (Houston, TX) - Northbrooke","recoded from 'ad' (standardized to majority ({'pr': 41, 'ad': 4}))"
5044,5044 Mgmt/Office Taxes,pr,2,"Bryce - (DeSoto, TX) - Wooded Creek Apartments",
5044,5044 Onsite Admin Expense Billback,ad,2,"Emilio  - (Fort Worth, TX) - Leuda-May Apartments",
5045,5045 Employee Benefits,pr,2,Guillermo - (Baton Rouge) - Eden Point,
5045,5045 Mgmt/Office Benefits,pr,2,"Bryce - (DeSoto, TX) - Wooded Creek Apartments",
5045,5045 Misc. Administrative,ad,2,"Guillermo - (Dallas, TX) - Casa Bonita",
5045,5045 - Office Supplies,ad,2,"Guillermo - (Lubbock, TX) - The Boulders at Lakeridge",
5045,5045 Wall & Cabinet Re,rm,2,"Jon - (Anadarko, OK) - The Crossings in Anadarko",
5045.001,5045.001 Tenant Eviction Fe,ad,2,"Guillermo - (Hurst, TX) - Point on Calloway",
5045.001,5045.001 Tenant Eviction Fees,ad,5,"Yonnic - (Dallas, TX) - Casa de Arroyo",
5046,5046 Mgmt/Office Workers Comp Benefit,pr,2,"Bryce - (DeSoto, TX) - Wooded Creek Apartments",
5047,5047 Mgmt/Office Contract Personnel,pr,2,"Bryce - (DeSoto, TX) - Wooded Creek Apartments",
5047-000,5047-000 Premium Upgrade,oi,2,"Emilio - (Houston, TX) - Walnut Creek",
5048,5048 Building Supplies,rm,2,"Jon - (Anadarko, OK) - The Crossings in Anadarko",
5048.001,5048.001 Meals and Entertai,ad,2,"Guillermo - (Hurst, TX) - Point on Calloway",
5049.001,"5049.001 Training, Seminars & Education",ad,2,"Yonnic - (Dallas, TX) - Casa de Arroyo","recoded from 'pr' (standardized to majority ({'pr': 4, 'ad': 13}))"
505.01,505.01 Health Insurance,pr,2,"Jon - (Dallas, TX) - Iris Memory Care of Turtle Creek",
5050,5050 - Credit Reports,ad,2,"Danny - (Dallas, TX) - Magnolia on Gaston",
5050,5050 Insurance Expense,i,4,"David - (Grand Prairie, TX) - Serrano Creek",
5050,5050 Payroll Processing/Software,pr,2,"Jackson - (College Station, TX) - Anderson Point",
5050,5050 Property Files Sto,ad,4,"Yonnic - (Houston, TX) - Fall Lakes",
5050,5050 Retirement Plan Contribution,pr,2,Guillermo - (Baton Rouge) - Eden Point,
5050,5050 - Seminars,ad,2,"Guillermo - (Lubbock, TX) - The Boulders at Lakeridge",
5050-000,5050-000 Gain (Loss) To Rent,ll,4,"Emilio - (Houston, TX) - Walnut Creek",
5050-0000,5050-0000 Cell Phone Allowance,pr,5,"Yonnic - (Austin, TX) - Alma North Plaza",
5050.001,5050.001 Software,ad,3,"Jackson - (Balch Springs, TX) - Shepherd Lane Apartments","recoded from 'm' (standardized to majority ({'ad': 43, 'm': 3}))"
50500,50500 · Electricity - Units,e,2,"Dylan - (College Station, TX)  - Quarters on Luther",
505001,505001 - Employer Payroll Taxes,pr,2,"Paul - (Fort Worth, TX) - Aden Crest",
50505,50505 · Electricity - Common Area,e,2,"Dylan - (College Station, TX)  - Quarters on Luther",
5051,5051 Maintenance Salaries,pr,2,"Bryce - (DeSoto, TX) - Wooded Creek Apartments",
5051,5051 Salary Wages - Maintena,pr,2,"Greg - (Houston, TX) - Hidden Park",
50510,50510 Hvac Repairs,rm,2,"Greg - (Lubbock, TX) - Westlake Apartments",
5052,5052 Maintenance Overtime,pr,2,"Bryce - (DeSoto, TX) - Wooded Creek Apartments",
5052,5052 Salary Wages - Office,pr,5,"Greg - (Houston, TX) - Hidden Park",
5052-0000,5052-0000 Vehicle Allowance,ad,5,"Yonnic - (Austin, TX) - Alma North Plaza",
50520,50520 · Water,w,2,"Dylan - (College Station, TX)  - Quarters on Luther",
5053,5053 Contract Labor - Mainte,pr,3,"Greg - (Houston, TX) - Encanto",
5053,5053 Mtn Incentive Comp,pr,2,"Bryce - (DeSoto, TX) - Wooded Creek Apartments",
5053,5053 Tree Trimming,rm,3,"Yonnic - (San Antonio, TX) - The Kelly Apartments",
5053-000,5053-000 Guest Suite,oi,2,"Emilio - (Houston, TX) - Walnut Creek",
50530,50530 · Sewage,w,2,"Dylan - (College Station, TX)  - Quarters on Luther",
5054,5054 Contract Labor - Office,pr,3,"Greg - (Houston, TX) - Encanto",
5054,5054 Mtn Taxes,pr,2,"Bryce - (DeSoto, TX) - Wooded Creek Apartments",
50540,50540 General Repairs & Maintenance,rm,2,"Greg - (Lubbock, TX) - Westlake Apartments",
50540,50540 · Trash Removal,tr,2,"Dylan - (College Station, TX)  - Quarters on Luther",
5055,5055 Concession - One Time,nr,2,"Emilio - (Houston, TX) - Los Pinos",
5055,5055 Contract Labor - Janitor,pr,3,"Greg - (Houston, TX) - Encanto",
5055,5055 Gas/Mileage,ad,4,"Yonnic - (Houston, TX) - Fall Lakes",
5055,5055 Mtn Benefits,pr,2,"Bryce - (DeSoto, TX) - Wooded Creek Apartments",
5055,5055 Worker's Comp Insurance,pr,2,"Jackson - (College Station, TX) - Anderson Point",
50550,50550 · Cable/TV,o,2,"Dylan - (College Station, TX)  - Quarters on Luther",
50550,50550 Pest Control & Landscaping,cs,2,"Greg - (Lubbock, TX) - Westlake Apartments",
5056,5056 Bonus-Commissions,pr,5,"Greg - (Houston, TX) - Hidden Park",
5056,5056 Mtn Workers Comp Benefits,pr,2,"Bryce - (DeSoto, TX) - Wooded Creek Apartments",
50560,50560 · Other Utilities,o,2,"Dylan - (College Station, TX)  - Quarters on Luther",
5057,5057 Workers Comp,pr,5,"Greg - (Houston, TX) - Hidden Park",
5058,5058 Payroll Processing Servi,pr,5,"Greg - (Houston, TX) - Hidden Park",
5060,5060 - Answering Service,ad,2,"Guillermo - (Lubbock, TX) - The Boulders at Lakeridge",
5060,5060 Legal Fees/Court,ad,4,"Yonnic - (Houston, TX) - Fall Lakes",
5060,5060 Legal Fees/Court Fees,ad,2,"Guillermo - (Dallas, TX) - Casa Bonita",
5060,5060 Payroll Service and Admin Expenses,pr,2,"Jon - (San Antonio, TX) - Salado Creek Villas",
5060,5060 Payroll Taxes,pr,5,"Greg - (Houston, TX) - Hidden Park",
506001,506001 - Insurance - Group,pr,2,"Paul - (Fort Worth, TX) - Aden Crest",
506003,506003 - Insurance - Workers' Compensation,pr,2,"Paul - (Fort Worth, TX) - Aden Crest",
5062,5062 Eviction Filing,ad,2,"Jon - (Anadarko, OK) - The Crossings in Anadarko",
5063,5063 Eviction Filing Fees,ad,4,"David - (Grand Prairie, TX) - Serrano Creek",
5064,5064 Accounting Costs,ad,4,"David - (Grand Prairie, TX) - Serrano Creek",
5065,5065 Office Supplies,ad,6,"Yonnic - (Houston, TX) - Fall Lakes",
5070,5070 - Dues/Membership Fees,ad,2,"Guillermo - (Lubbock, TX) - The Boulders at Lakeridge",
5070,5070 Pager/Texting Service,ad,2,"Guillermo - (Dallas, TX) - Casa Bonita",
5070,5070 Worker Compensation Insurance,pr,2,"Jon - (San Antonio, TX) - Salado Creek Villas",
507001,507001 - 401K - Employer % Contribution,pr,2,"Paul - (Fort Worth, TX) - Aden Crest",
50720,50720 Water,w,2,"Greg - (Lubbock, TX) - Westlake Apartments",
50730,50730 Make Ready Cleaning,rm,2,"Greg - (Lubbock, TX) - Westlake Apartments",
50740,50740 Waste Removal,tr,2,"Greg - (Lubbock, TX) - Westlake Apartments",
5075,5075 Contract Labor,cs,2,"Jackson - (College Station, TX) - Anderson Point","recoded from 'pr' (standardized to majority ({'cs': 26, 'pr': 12, 'rm': 9}))"
5075,5075 Employee Unit Rent Allowance,nr,2,"Emilio - (Houston, TX) - Los Pinos",
5075,5075 Health Insurance Expenses,pr,2,"Jon - (San Antonio, TX) - Salado Creek Villas",
5075,5075 - Postage and Delivery,ad,2,"Guillermo - (Lubbock, TX) - The Boulders at Lakeridge",
5075,5075 Postage/Delivery,ad,4,"Yonnic - (Houston, TX) - Fall Lakes",
5075,5075 Postage/Delivery Service,ad,2,"Guillermo - (Dallas, TX) - Casa Bonita",
5080,5080 - Petty Cash,ad,2,"Guillermo - (Lubbock, TX) - The Boulders at Lakeridge",
5080,5080 Resident / Leasing Referral,nr,2,"Emilio - (Houston, TX) - Los Pinos",
508001,508001 - Car Allowance,pr,2,"Paul - (Fort Worth, TX) - Aden Crest",
508002,508002 - Cell Phone Allowance,pr,2,"Paul - (Fort Worth, TX) - Aden Crest",
5082,5082 Property Management Fees,mf,4,"Bryce - (OKC, OK) - 717 Ventura South",
5085,5085 - Copies & Printing,ad,2,"Guillermo - (Lubbock, TX) - The Boulders at Lakeridge",
5085,5085 Security Monitorin,ad,2,"Emilio - (Cedar Hill, TX) - S C Crossing",
5085,5085 Write off/Bad debt,bd,2,"Emilio - (Houston, TX) - Los Pinos",
509.00,509.00 Food Expense,ad,2,"Jon - (Dallas, TX) - Iris Memory Care of Turtle Creek",
5090,5090 Telephone,ad,6,"Yonnic - (Houston, TX) - Fall Lakes",
5095,5095 Uniforms,ad,2,"Yonnic - (Houston, TX) - Fall Lakes",
5097,5097 Internet Expense,ad,6,"Yonnic - (Houston, TX) - Fall Lakes",
5099,5099 Misc . Maintenance-Exterior,rm,5,"Yonnic - (San Antonio, TX) - The Kelly Apartments",
510.00,510.00 Activities & Entertainment,ad,2,"Jon - (Dallas, TX) - Iris Memory Care of Turtle Creek",
5100,5100 - Computer Expense,ad,2,"Guillermo - (Lubbock, TX) - The Boulders at Lakeridge",
5100,5100 Marketing & Advertising,m,4,"Bryce - (OKC, OK) - 717 Ventura South",
5100,5100 Marketing & Advertising - Other,m,4,"Bryce - (OKC, OK) - 5560 Medical",
5100,5100 Marketing & Leasing,ad,2,"Yonnic - (Houston, TX) - Fall Lakes","recoded from 'm' (standardized to majority ({'m': 4, 'ad': 19}))"
5100,5100 Other Marketing &,m,4,"Yonnic - (Houston, TX) - Fall Lakes",
5100,5100 Repairs & Maintenance - Other,rm,2,"Bryce - (Mineral Wells, TX) - The Dalton",
5100-001,5100-001 - Other Advertising,m,4,"Dylan - (Fort Worth, TX) - Trail Lakes",
5100-002,5100-002 - Resident Retention,m,4,"Dylan - (Fort Worth, TX) - Trail Lakes",
5100-003,5100-003 - Locator Fees,m,2,"Dylan - (Fort Worth, TX) - Trail Lakes",
5100-004,5100-004 - Signage,m,2,"Chris - (Hurst, TX) - Arbor Park",
5100-006,5100-006 - Ils Advertising,m,4,"Dylan - (Fort Worth, TX) - Trail Lakes",
5100-1000,5100-1000 Resident Insurance Liability Fee,oi,4,"Yonnic - (Beaumont, TX) - Autumn Oaks",
5100.001,5100.001 Employee Expense,pr,4,"Yonnic - (Dallas, TX) - Casa de Arroyo",
51000,51000 Property Tax,tx,2,"Greg - (Lubbock, TX) - Westlake Apartments",
51000001,51000001 Application Fees Income,oi,7,"Greg - (Balch Springs, TX ) - Autumn Run Apartments",
51000003,51000003 Pet Rent Income,oi,4,"Greg - (Balch Springs, TX ) - Autumn Run Apartments",
51000004,51000004 Damages Income,oi,5,"Greg - (Balch Springs, TX ) - Autumn Run Apartments",
51000006,51000006 Eviction Holdoff Fees Income,oi,7,"Greg - (Balch Springs, TX ) - Autumn Run Apartments",
51000008,51000008 Key Income,oi,2,"Greg - (Balch Springs, TX ) - Autumn Run Apartments",
51000009,51000009 Late Fees Income,oi,7,"Greg - (Balch Springs, TX ) - Autumn Run Apartments",
51000010,51000010 Laundry Income,oi,5,"Greg - (Garland, TX) - Parkaire Apartments",
51000012,51000012 Lease Breakage-Reletting Fees Income,oi,5,"Greg - (Balch Springs, TX ) - Autumn Run Apartments",
51000013,51000013 Risk Fee,oi,5,"Greg - (Balch Springs, TX ) - Autumn Run Apartments",
51000015,51000015 Nsf Fees Income,oi,4,"Greg - (Balch Springs, TX ) - Autumn Run Apartments",
51000017,51000017 Pet Fee Non-Refundable Income,oi,2,"Greg - (Balch Springs, TX ) - Autumn Run Apartments",
51000018,51000018 Transfer Fees Income,oi,7,"Greg - (Balch Springs, TX ) - Autumn Run Apartments",
51000019,51000019 Trash Income,rt,2,"Greg - (Balch Springs, TX ) - Autumn Run Apartments",
51000020,51000020 Water Income,rw,2,"Greg - (Balch Springs, TX ) - Autumn Run Apartments",
51000022,51000022 Move In/Out Processing Fee,oi,7,"Greg - (Balch Springs, TX ) - Autumn Run Apartments",
51000030,51000030 Parking Income,oi,5,"Greg - (Balch Springs, TX ) - Autumn Run Apartments",
51000034,51000034 Renters Liab Waiver,oi,7,"Greg - (Balch Springs, TX ) - Autumn Run Apartments",
51000040,51000040 Month To Month Premium,oi,7,"Greg - (Balch Springs, TX ) - Autumn Run Apartments",
51000041,51000041 6 Month Premium,oi,7,"Greg - (Balch Springs, TX ) - Autumn Run Apartments",
5100100,5100100   Managers and Assistants,pr,13,0e66e893-T12__Property_Name__Month_Year__Processor.xlsx,
5100200,5100200   Leasing,pr,9,0e66e893-T12__Property_Name__Month_Year__Processor.xlsx,
5100500,5100500  Maids,pr,4,"Chris - (Alvin, TX) - Hillcrest Village",
5100600,5100600   General Maintenance Salaries,pr,15,0e66e893-T12__Property_Name__Month_Year__Processor.xlsx,
5100700,5100700   PooarrKousekeeping,pr,2,"Chris - (Sealy, TX) - Edgewood",
5100700,5100700   Porter/Housekeeping,pr,10,"Chris - (Alvin, TX) - Hillcrest Village",
5100900,5100900   Incentives,pr,15,0e66e893-T12__Property_Name__Month_Year__Processor.xlsx,
5101,5101 - Advertising,m,2,"Bryce - (Addison, TX) - Jade Addison",
5101,5101 Bank Fees,ad,2,"Jon - (Anadarko, OK) - The Crossings in Anadarko",
5101,5101 Community Manager,pr,2,"Bryce - (San Antonio, TX) - Reserve at Lone Oak",
5101,5101 Material & Supplies,rm,5,"Yonnic - (San Antonio, TX) - The Kelly Apartments",
5101,5101 Rent Charges,r,2,"Dylan - (Arlington, TX ) - Tristar Apartments",
5101.001,5101.001 Payroll Expense,pr,4,"Yonnic - (Dallas, TX) - Casa de Arroyo",
5101.001,5101.001 Payroll Expense - Other,pr,3,"Jackson - (Balch Springs, TX) - Shepherd Lane Apartments",
5101.002,5101.002 Site Office Salar,pr,2,"Guillermo - (Hurst, TX) - Point on Calloway",
5101.002,5101.002 Site Office Salaries,pr,2,"Yonnic - (Dallas, TX) - Casa de Arroyo",
5101.003,5101.003 Site Maintenanc,pr,2,"Guillermo - (Hurst, TX) - Point on Calloway",
5101.003,5101.003 Site Maintenance Salaries,pr,2,"Yonnic - (Dallas, TX) - Casa de Arroyo",
5101.004,5101.004 Employee Bonuses,pr,2,"Yonnic - (Dallas, TX) - Casa de Arroyo",
5101.007,5101.007 Contract- Manager,pr,3,"Jackson - (Balch Springs, TX) - Shepherd Lane Apartments",
5101.008,5101.008 Contract- Maintenance,cs,3,"Jackson - (Balch Springs, TX) - Shepherd Lane Apartments","recoded from 'pr' (standardized to majority ({'cs': 56, 'pr': 5}))"
51010,51010 Maintenance Supplies,rm,2,"Paul - (Fort Worth, TX) - Rio Apartments",
51010-000,51010-000     Management - Salaries,pr,2,"Yonnic - (San Antonio, TX) - Landera",
51015,51015 General Make-Ready Supplies,rm,2,"Paul - (Fort Worth, TX) - Rio Apartments",
51015-000,51015-000     Assistant Management - Salaries,pr,2,"Yonnic - (San Antonio, TX) - Landera",
5102,5102 Assistant Manager/Leasing,pr,2,"Bryce - (San Antonio, TX) - Reserve at Lone Oak",
5102,5102 Building-Exterior,rm,1,"Jon - (Sherman, TX) - Northridge Villas",
5102,5102 Delinquent Rent/Bad Debt,bd,4,"Bryce - (Dallas, TX) - The Landing at McCallum",
5102,5102 - Internet Ads (Ils),m,2,"Dylan - (Houston, TX) - Northbrooke",
5102,5102 - Locator Commissions,m,2,"Bryce - (Addison, TX) - Jade Addison",
5102,5102 Windows,rm,4,"David - (Grand Prairie, TX) - Serrano Creek",
5102.001,5102.001 Employee Health I,pr,2,"Guillermo - (Hurst, TX) - Point on Calloway",
5102.001,5102.001 Employee Health Insurance,pr,2,"Yonnic - (Dallas, TX) - Casa de Arroyo",
51020,51020 Plumbing Supplies & Repair,rm,2,"Paul - (Fort Worth, TX) - Rio Apartments",
5103,5103 Appliance Supplies,rm,5,"Yonnic - (San Antonio, TX) - The Kelly Apartments",
5103,5103 Building-Interior,rm,3,"Bryce - (Mineral Wells, TX) - The Dalton",
5103,5103 - Digital Marketing,m,2,"Dylan - (Houston, TX) - Northbrooke",
5103,5103 Incentives & Bonus - Office,pr,2,"Bryce - (San Antonio, TX) - Reserve at Lone Oak",
5103,5103 - Property Signs,m,2,"Bryce - (Addison, TX) - Jade Addison",
5103,5103 Rental Concessions,nr,4,"Bryce - (Dallas, TX) - The Landing at McCallum",
5103.001,5103.001 Payroll Fees,pr,4,"Yonnic - (Dallas, TX) - Casa de Arroyo",
51030,51030 Electrical Supplies & Repairs,rm,2,"Paul - (Fort Worth, TX) - Rio Apartments",
51030-000,51030-000     Bonuses,pr,2,"Yonnic - (San Antonio, TX) - Landera",
5104,5104 Head Maintenance,pr,2,"Bryce - (San Antonio, TX) - Reserve at Lone Oak",
5104,5104 Maintenance,pr,4,"David - (Grand Prairie, TX) - Serrano Creek","recoded from 'rm' (standardized to majority ({'rm': 13, 'pr': 16}))"
5104,5104 - Property Promotions And Other Marketing,m,2,"Bryce - (Addison, TX) - Jade Addison",
5104,5104 Vacancy Loss,v,4,"Bryce - (Dallas, TX) - The Landing at McCallum",
5104-000,5104-000 Personnel - Employee Discounts,pr,2,"Danny - (Tulsa, OK) - Metro Plex",
5104.001,5104.001 Payroll Tax,pr,4,"Yonnic - (Dallas, TX) - Casa de Arroyo",
51040,51040 HVAC Supplies & Repair,rm,2,"Paul - (Fort Worth, TX) - Rio Apartments",
51040-000,51040-000     Maintenance - Salaries,pr,2,"Yonnic - (San Antonio, TX) - Landera",
51040-001,51040-001     Maintenance - Overtime,pr,2,"Yonnic - (San Antonio, TX) - Landera",
51045-000,51045-000     Assistant Maintenance - Salaries,pr,2,"Yonnic - (San Antonio, TX) - Landera",
5105,5105 - Admin Gas Reimbursement,ad,2,"Guillermo - (Lubbock, TX) - The Boulders at Lakeridge",
5105,5105 Administration fees,oi,2,"Emilio - (Houston, TX) - Los Pinos",
5105,5105 Assistant Maint / Maint Tech,pr,2,"Bryce - (San Antonio, TX) - Reserve at Lone Oak",
5105,5105 Bathroom Cabin& / Counter,rm,3,"Yonnic - (San Antonio, TX) - The Kelly Apartments",
5105,5105 Paint,rm,4,"David - (Grand Prairie, TX) - Serrano Creek",
5105,5105 Website & Domain,m,2,"Jackson - (College Station, TX) - Anderson Point",
5105-000,5105-000 Vacancy Loss,v,4,"Emilio - (Houston, TX) - Walnut Creek",
5105-0000,5105-0000 Miscellaneous Income,oi,4,"Yonnic - (Beaumont, TX) - Autumn Oaks",
5105-0100,5105-0100 Re-keying at Resident Request,oi,4,"Yonnic - (Beaumont, TX) - Autumn Oaks",
5105-1000,5105-1000 Electrical Supplies,rm,5,"Yonnic - (Austin, TX) - Alma North Plaza",
5105-4000,5105-4000 Electrical Services,rm,5,"Yonnic - (Austin, TX) - Alma North Plaza",
51050,51050 Appliance Supplies & Repair,rm,2,"Paul - (Fort Worth, TX) - Rio Apartments",
5106,5106 - Lead Tracking | Knock,m,2,"Dylan - (Houston, TX) - Northbrooke",
5106,5106 Make Ready,rm,4,"David - (Grand Prairie, TX) - Serrano Creek",
51060,51060 Landscaping Supplies,rm,2,"Paul - (Fort Worth, TX) - Rio Apartments",
5107,5107 Carpet Cleaning/Repairs,rm,3,"Bryce - (Mineral Wells, TX) - The Dalton",
5107,5107 Employee Rent Discount,nr,4,"Bryce - (Dallas, TX) - The Landing at McCallum",
5107,5107 Incentives & Bonus - Maintenance,pr,2,"Bryce - (San Antonio, TX) - Reserve at Lone Oak",
5107,5107 - Model Furniture/Supplies,m,2,"Bryce - (Addison, TX) - Jade Addison",
5107-0000,5107-0000 Legal & Collections,oi,2,"Yonnic - (Beaumont, TX) - Autumn Oaks",
5107-0000,5107-0000 Legal Et Collections,oi,2,"Emilio - (Pasadena, TX) - Strawberry Flats",
5107.001,5107.001 Leasing Commissions,pr,3,"Jackson - (Balch Springs, TX) - Shepherd Lane Apartments",
51070,51070 Pool Supplies,rm,2,"Paul - (Fort Worth, TX) - Rio Apartments",
51070-000,51070-000     Payroll Taxes,pr,2,"Yonnic - (San Antonio, TX) - Landera",
5108,5108 Cleaning Supplies,rm,1,"Jon - (Sherman, TX) - Northridge Villas",
5108,5108 Plumbing,rm,4,"David - (Grand Prairie, TX) - Serrano Creek",
5108,5108 Workers Comp,pr,2,"Bryce - (San Antonio, TX) - Reserve at Lone Oak",
5108.001,5108.001 Employee Benefits,pr,2,"Yonnic - (Dallas, TX) - Casa de Arroyo",
51080,51080 Cleaning Supplies,rm,2,"Paul - (Fort Worth, TX) - Rio Apartments",
5109,5109 Bathroom Tub/Tile Repair,rm,5,"Yonnic - (San Antonio, TX) - The Kelly Apartments",
5109,5109 Benefits / Health Ins.,pr,2,"Bryce - (San Antonio, TX) - Reserve at Lone Oak",
5109,5109 Miscellaneous  Ex,ad,2,"Jon - (Anadarko, OK) - The Crossings in Anadarko",
5109,5109 Model Vacancy Loss,nr,4,"Bryce - (Dallas, TX) - The Landing at McCallum",1xv
5109-000,5109-000 Personnel - Training,pr,2,"Danny - (Tulsa, OK) - Metro Plex",
51090,51090 Lock & Key,rm,2,"Paul - (Fort Worth, TX) - Rio Apartments",
51090-000,51090-000     401k Contributions,pr,2,"Yonnic - (San Antonio, TX) - Landera",
5110,5110 Advertising,m,2,"Jackson - (College Station, TX) - Anderson Point",
5110,5110 Advertising and Promoti,m,5,"Greg - (Houston, TX) - Hidden Park",
5110,5110 Application fees,oi,2,"Emilio - (Houston, TX) - Los Pinos",
5110,5110 - Car Rental & Lodging,ad,2,"Guillermo - (Lubbock, TX) - The Boulders at Lakeridge",
5110,5110 Common Area Expense,rm,1,"Jon - (Sherman, TX) - Northridge Villas",
5110,5110 Hvac Labor & Expense,rm,4,"David - (Grand Prairie, TX) - Serrano Creek",
5110,5110 Online Advertising,m,4,"Bryce - (OKC, OK) - 717 Ventura South",
5110,5110   RESIDENT MANAGER,pr,4,"Dylan - (Temple, TX) - Chappell Hill & Park at Chappell Hill",
5110,5110 - Resident Retention,m,2,"Dylan - (Houston, TX) - Northbrooke",
5110-000,5110-000 Model Loss,nr,2,"Emilio - (Houston, TX) - Walnut Creek",
5110-0000,5110-0000 Application Fee,oi,4,"Yonnic - (Beaumont, TX) - Autumn Oaks",
5110-1000,5110-1000 Plumbing Supplies,rm,5,"Yonnic - (Austin, TX) - Alma North Plaza",
5110-3000,5110-3000 Plumbing Parts/Bathroom Supplies,rm,3,"Guillermo - (Fort Worth, TX) - The Flats at Brentwood",
5110-4000,5110-4000 Plumbing Services,rm,5,"Yonnic - (Austin, TX) - Alma North Plaza",
5110.000,5110.000 MODEL / ADMINISTRATIVE UNITS,ad,2,"Greg- (Arlington, TX) - Pine Ridge Apartments",
51100,51100 MAINTENANCE RELATED - Other,rm,2,"David - (Waco, TX) - Eleven06 on 35",
51100,51100 Small Tools & Equipment,rm,2,"Paul - (Fort Worth, TX) - Rio Apartments",
51100-000,51100-000     Workers Compensation,pr,2,"Yonnic - (San Antonio, TX) - Landera",
5111,5111 - Airfare,ad,2,"Guillermo - (Lubbock, TX) - The Boulders at Lakeridge",
5111,5111   ASSISTANT MANAGER,pr,4,"Dylan - (Temple, TX) - Chappell Hill & Park at Chappell Hill",
5112,5112 Flooring Expense,rm,4,"David - (Grand Prairie, TX) - Serrano Creek",
5112,5112 Irrigation (R&M-ext),rm,2,"Dylan - (Arlington, TX) - Sweet Redemption",
5112,5112   LEASING AGENT,pr,4,"Dylan - (Temple, TX) - Chappell Hill & Park at Chappell Hill",
5112,5112 - Resident Activities | Events,m,2,"Dylan - (Houston, TX) - Northbrooke",
51120-000,51120-000     Group Insurance,pr,2,"Yonnic - (San Antonio, TX) - Landera",
5113,5113 Appliance Purchase <$2500,rm,4,"David - (Grand Prairie, TX) - Serrano Creek",
5113,5113 OT - Office,pr,2,"Bryce - (San Antonio, TX) - Reserve at Lone Oak",
5113,5113 Utilities-Electricity (Master),e,2,"Bryce - (DeSoto, TX) - Wooded Creek Apartments",
5113-0000,5113-0000 Administrative Fee,oi,4,"Yonnic - (Beaumont, TX) - Autumn Oaks",
51130,51130 Moving Expense,rm,2,"Paul - (Fort Worth, TX) - Rio Apartments",
5114,5114 Appliance Repair & Expense,rm,4,"David - (Grand Prairie, TX) - Serrano Creek",
5114,5114 - Locator Commission,m,2,"Dylan - (Houston, TX) - Northbrooke",
5114,5114 OT - Maintenance,pr,2,"Bryce - (San Antonio, TX) - Reserve at Lone Oak",
5114,5114 Utilities - Elec (Occ/Billable),e,2,"Bryce - (DeSoto, TX) - Wooded Creek Apartments",
5115,5115 Apartment Guides,m,5,"Greg - (Houston, TX) - Hidden Park",
5115,5115 Countertop/Tub Resurfacing,rm,1,"Jon - (Sherman, TX) - Northridge Villas",
5115,5115 Electric Repairs,rm,4,"David - (Grand Prairie, TX) - Serrano Creek",
5115,5115 - Food and Entertainment,ad,2,"Guillermo - (Lubbock, TX) - The Boulders at Lakeridge",
5115,5115 Internet/Online Ad,m,4,"Yonnic - (Houston, TX) - Fall Lakes",
5115,5115 Internet/Online Advertising,m,2,"Guillermo - (Dallas, TX) - Casa Bonita",
5115,5115 Payroll Taxes,pr,2,"Bryce - (San Antonio, TX) - Reserve at Lone Oak",
5115,5115 Utilities-Elec (Vacancies),e,2,"Bryce - (DeSoto, TX) - Wooded Creek Apartments",
5115-0000,5115-0000 Cleaning Fees,oi,2,"Yonnic - (Beaumont, TX) - Autumn Oaks",
5115-1000,5115-1000 HVAC Supplies,rm,5,"Yonnic - (Austin, TX) - Alma North Plaza",
5115-4000,5115-4000 HVAC Servicing,rm,5,"Yonnic - (Austin, TX) - Alma North Plaza",
51150,51150 Other Pest Control,rm,2,"Paul - (Fort Worth, TX) - Rio Apartments",
51150-000,51150-000     Contract Staffing - Admin,pr,2,"Yonnic - (San Antonio, TX) - Landera",
5116,5116 - Miscellaneous Travel,ad,2,"Guillermo - (Lubbock, TX) - The Boulders at Lakeridge",
5116,5116 Painting / Siding (R&M ),rm,2,"Dylan - (Arlington, TX) - Sweet Redemption",
5117,5117 Cleaning Supplies,rm,5,"Yonnic - (San Antonio, TX) - The Kelly Apartments",
5117,5117 Equipment - Maintenance,rm,1,"Jon - (Sherman, TX) - Northridge Villas",
5118,5118 - Marketing Supplies,m,2,"Dylan - (Houston, TX) - Northbrooke",
5119,5119 Carp& Cleaning / Repairs,rm,3,"Yonnic - (San Antonio, TX) - The Kelly Apartments",
5120,5120 - Decorations,m,2,"Dylan - (Houston, TX) - Northbrooke",
5120,5120 Drapes & Blinds,rm,1,"Jon - (Sherman, TX) - Northridge Villas",
5120,5120 Exterior Cleaning,rm,2,"Dylan - (Arlington, TX) - Sweet Redemption",
5120,5120 - Gross Potential Rent,r,2,"Jon - (San Antonio, TX) - The Selena Apartments",
5120,5120 - Gross Potential Rent (Gpr),r,4,"Dylan - (Houston, TX) - Brookfield",
5120,5120   MAINTENANCE SUPERVISOR,pr,4,"Dylan - (Temple, TX) - Chappell Hill & Park at Chappell Hill",
5120,5120 Payroll Processing Fees,pr,2,"Bryce - (San Antonio, TX) - Reserve at Lone Oak",
5120,5120 Utilities-Water Irrigation/Sprinkler,w,2,"Bryce - (DeSoto, TX) - Wooded Creek Apartments",
5120-0000,5120-0000 - Rent Revenue - Gross Potential,r,2,"Guillermo - (Lubbock, TX) - Cantibury Pointe",
5120.000,5120.000 EQUIPMENT/PAGER RENTAL,ad,2,"Greg- (Arlington, TX) - Pine Ridge Apartments",
5120.000,5120.000 - Rent Revenue - Gross Potential,r,2,"Dylan - (Bryan, TX) - Serenity at Briarcrest",
5121,5121 Cleaning/Makeready,rm,2,"Emilio - (Dallas, TX) - The Newport",
5121,5121   MAINTENANCE STAFF,rm,4,"Dylan - (Temple, TX) - Chappell Hill & Park at Chappell Hill","recoded from 'pr' (standardized to majority ({'rm': 4, 'pr': 4}))"
5121,5121 Utilities-Water,w,2,"Bryce - (DeSoto, TX) - Wooded Creek Apartments",
5121-0000,5121-0000 - Tenant Assistance Payments,r,2,"Guillermo - (Lubbock, TX) - Cantibury Pointe",
5122,5122   GROUNDSKEEPING,pr,4,"Dylan - (Temple, TX) - Chappell Hill & Park at Chappell Hill",
5122,5122 Utilities-Sewer,w,2,"Bryce - (DeSoto, TX) - Wooded Creek Apartments",
5123,5123   CLEANING STAFF,pr,4,"Dylan - (Temple, TX) - Chappell Hill & Park at Chappell Hill",
5123,5123 Corporate Payroll - Investments,pr,2,"Bryce - (San Antonio, TX) - Reserve at Lone Oak",
5123,5123 Dishwasher,rm,2,"Emilio - (Dallas, TX) - The Newport",
5123,5123 Interior Lights and bulbs,rm,5,"Dylan - (Fort Worth, TX) - Woods of Eastchase",
5123,5123 Utilities-Drainage,w,2,"Bryce - (DeSoto, TX) - Wooded Creek Apartments",
5124,5124   COMMISSIONS,pr,4,"Dylan - (Temple, TX) - Chappell Hill & Park at Chappell Hill",
5125,5125   BONUSES,pr,4,"Dylan - (Temple, TX) - Chappell Hill & Park at Chappell Hill",
5125,5125 Cleaning Charges / Fees,oi,2,"Emilio - (Houston, TX) - Los Pinos",
5125,5125 Exterior Lighting,rm,5,"Dylan - (Fort Worth, TX) - Woods of Eastchase",
5125-0000,5125-0000 Late Charges,oi,4,"Yonnic - (Beaumont, TX) - Autumn Oaks",
5125.000,5125.000 CITY INSPECTION FEES,ad,2,"Greg- (Arlington, TX) - Pine Ridge Apartments",
5126,5126   CAR/GAS ALLOWANCE,pr,4,"Dylan - (Temple, TX) - Chappell Hill & Park at Chappell Hill",
5127,5127 Blinds,rm,4,"David - (Grand Prairie, TX) - Serrano Creek",
5127,5127 Doors/Windows,rm,3,"Yonnic - (San Antonio, TX) - The Kelly Apartments",
5129,5129 Electrical,rm,3,"Yonnic - (San Antonio, TX) - The Kelly Apartments",
5129,5129 Roofing,rm,4,"David - (Grand Prairie, TX) - Serrano Creek",
5130,"5130 Banners, Bandit Signs, F",m,3,"Greg - (Houston, TX) - Encanto",
5130,"5130 Banners, Bandit Signs, Flyers",m,4,"Bryce - (OKC, OK) - 717 Ventura South",
5130,5130 Flooring Water Extraction,rm,1,"Jon - (Sherman, TX) - Northridge Villas",
5130,5130   HOUSING ALLOWANCE,pr,4,"Dylan - (Temple, TX) - Chappell Hill & Park at Chappell Hill",
5130,5130 Printed Materials,m,2,"Jackson - (College Station, TX) - Anderson Point",
5130,5130 Resurfacing,rm,4,"David - (Grand Prairie, TX) - Serrano Creek",
5130,5130 Utilities Billing Service,w,2,"Bryce - (DeSoto, TX) - Wooded Creek Apartments",
5130,5130 Water Extraction,rm,2,"Bryce - (Mineral Wells, TX) - The Dalton",
5130-0000,5130-0000 NSF Fees,oi,4,"Yonnic - (Beaumont, TX) - Autumn Oaks",
5130.000,5130.000 DUES & SUBSCRIPTIONS,ad,2,"Greg- (Arlington, TX) - Pine Ridge Apartments",
51300,51300 Appliance Parts & Supplies,rm,2,"David - (Waco, TX) - Eleven06 on 35",
5131,5131 Floor Repair,rm,1,"Jon - (Sherman, TX) - Northridge Villas",
5132,5132 Appliances (R&M - int),rm,2,"Dylan - (Arlington, TX) - Sweet Redemption",
5132,5132 Fire Extinguishers,rm,4,"David - (Grand Prairie, TX) - Serrano Creek",
5133,5133 Keys & Locks,rm,5,"Yonnic - (San Antonio, TX) - The Kelly Apartments",
5135,5135 Keys & Locks,rm,5,"Dylan - (Fort Worth, TX) - Woods of Eastchase",
5135,5135 Kitchen Cabin& / Counter,rm,3,"Yonnic - (San Antonio, TX) - The Kelly Apartments",
5135,5135 Kitchen Cabinet / Counter,rm,2,"Emilio - (Dallas, TX) - The Newport",
5135-0000,5135-0000 Reletting Charges,oi,2,"Yonnic - (Beaumont, TX) - Autumn Oaks",
5136,5136 Unit Remodelling Labor Expense,rm,4,"David - (Grand Prairie, TX) - Serrano Creek",
5137,5137 Small Tools,rm,3,"Bryce - (Mineral Wells, TX) - The Dalton",
5140,5140 Contract-Trash Removal,tr,2,"Bryce - (DeSoto, TX) - Wooded Creek Apartments",
5140,5140 Office Decorations,m,7,"Bryce - (OKC, OK) - 717 Ventura South",
5140,5140   PAYROLL TAXES,pr,4,"Dylan - (Temple, TX) - Chappell Hill & Park at Chappell Hill",
5140,5140 Privacy Gates,rm,1,"Jon - (Sherman, TX) - Northridge Villas",
5140-0000,5140-0000 Forfeited Deposits,oi,4,"Yonnic - (Beaumont, TX) - Autumn Oaks",
51400,51400 Doors Windows,rm,2,"David - (Waco, TX) - Eleven06 on 35",
5141,5141 Contract-Pest Control,cs,2,"Bryce - (DeSoto, TX) - Wooded Creek Apartments",
5141,5141 Fencing Repair Supplies,rm,2,"Dylan - (Fort Worth, TX) - Woods of Eastchase",
5141,5141 Fencing Repairs,rm,1,"Jon - (Sherman, TX) - Northridge Villas",
51410,51410 Carpentry Supplies,rm,2,"David - (Waco, TX) - Eleven06 on 35",
5142,5142 Contract-Landscaping,cs,2,"Bryce - (DeSoto, TX) - Wooded Creek Apartments",
5143,5143 Painting,rm,5,"Yonnic - (San Antonio, TX) - The Kelly Apartments",
5145,5145 Contract-Security Monitoring,cs,2,"Bryce - (DeSoto, TX) - Wooded Creek Apartments",
5145,5145 Landscaping Irrigation & Supplies,rm,3,"Bryce - (Mineral Wells, TX) - The Dalton",
5145,5145 Paint Supplies,rm,5,"Yonnic - (San Antonio, TX) - The Kelly Apartments",
5145-0000,5145-0000 Month-to-Month Fees,oi,4,"Yonnic - (Beaumont, TX) - Autumn Oaks",
5147,5147 Plumbing,rm,5,"Yonnic - (San Antonio, TX) - The Kelly Apartments",
5149,5149 Range,rm,3,"Yonnic - (San Antonio, TX) - The Kelly Apartments",
5149,5149 Recreation Equipment Supplies,rm,1,"Jon - (Sherman, TX) - Northridge Villas",
5150,5150 Drywall Repairs,cs,2,"Dylan - (Arlington, TX) - Sweet Redemption","recoded from 'rm' (standardized to majority ({'rm': 4, 'cs': 5}))"
5150,5150 Prepaid Income,oi,2,"Dylan - (Arlington, TX ) - Tristar Apartments","recoded from 'r' (standardized to majority ({'oi': 2, 'r': 2}))"
5150,5150 Printing and Reproducti,m,3,"Greg - (Houston, TX) - Encanto",
5150,5150 Printing And Reproduction,m,4,"Bryce - (OKC, OK) - 717 Ventura South",
5150,5150   WORKMAN'S COMPENSATION,pr,4,"Dylan - (Temple, TX) - Chappell Hill & Park at Chappell Hill",
5150-0000,5150-0000 Laundry Income,oi,4,"Yonnic - (Beaumont, TX) - Autumn Oaks",
5150.000,5150.000 CREDIT CARDS FEES,ad,2,"Greg- (Arlington, TX) - Pine Ridge Apartments",
51501,51501 Electrical - Contract,cs,2,"David - (Waco, TX) - Eleven06 on 35","recoded from 'rm' (standardized to majority ({'rm': 2, 'cs': 28}))"
5151-0000,5151-0000 Appliance Repairs,rm,5,"Yonnic - (Austin, TX) - Alma North Plaza",
5152,5152 Electrical (R&M- oth),rm,2,"Dylan - (Arlington, TX) - Sweet Redemption",
5152-0000,5152-0000 Garbage Disposals,rm,5,"Yonnic - (Austin, TX) - Alma North Plaza",
5153,5153 Interior Cleaning,rm,2,"Dylan - (Arlington, TX) - Sweet Redemption",
5153,5153 Repairs/Contractors,rm,5,"Yonnic - (San Antonio, TX) - The Kelly Apartments",
5154,5154 Contract-Bulk WiFi & Cable,o,2,"Bryce - (DeSoto, TX) - Wooded Creek Apartments",
5154,5154 Sheetrock Repair,rm,5,"Yonnic - (San Antonio, TX) - The Kelly Apartments",
5155,5155 Appliance Parts,rm,5,"Dylan - (Fort Worth, TX) - Woods of Eastchase",
5155,5155 Flooring Repair (R&M - int),rm,2,"Dylan - (Arlington, TX) - Sweet Redemption",
5155,5155 Food & Beverage,m,2,"Jackson - (College Station, TX) - Anderson Point",
5155,5155 Sinks/Toilets,rm,3,"Yonnic - (San Antonio, TX) - The Kelly Apartments",
5155-0000,5155-0000 Door/Lock/Key,rm,5,"Yonnic - (Austin, TX) - Alma North Plaza",
5155-0000,5155-0000 Pet Rent / Pet Screening Fee,oi,4,"Yonnic - (Beaumont, TX) - Autumn Oaks",
5157,5157 Smoke Detectors,rm,5,"Yonnic - (San Antonio, TX) - The Kelly Apartments",
5158,5158 Locks and Key (R&M - int),rm,2,"Dylan - (Arlington, TX) - Sweet Redemption",
5158-0000,5158-0000 Renters Insurance Premium,oi,2,"Yonnic - (Beaumont, TX) - Autumn Oaks",
5160,5160   GROUP INSURANCE,pr,4,"Dylan - (Temple, TX) - Chappell Hill & Park at Chappell Hill",
5160,5160 HVAC Supplies,rm,5,"Dylan - (Fort Worth, TX) - Woods of Eastchase",
5160,5160 Make Ready (R&M - int),rm,2,"Dylan - (Arlington, TX) - Sweet Redemption",
5160,5160 Resident Giveaways,m,5,"Greg - (Houston, TX) - Hidden Park",
5160-0000,5160-0000 Fire/Safety Equipment,rm,5,"Yonnic - (Austin, TX) - Alma North Plaza",
5161,5161 Paint Supplies,rm,2,"Dylan - (Arlington, TX) - Sweet Redemption",
5161-0000,5161-0000 Carpet/Tile/Vinyl Repairs,rm,5,"Yonnic - (Austin, TX) - Alma North Plaza",
5162,5162 Pest Control (R&M - non contract),rm,2,"Dylan - (Arlington, TX) - Sweet Redemption",
5163-0000,5163-0000 Interior Supplies,rm,5,"Yonnic - (Austin, TX) - Alma North Plaza",
5164-0000,5164-0000 Cabinet & Closet Repairs,rm,5,"Yonnic - (Austin, TX) - Alma North Plaza",
5165,5165 Electric Supplies,rm,5,"Dylan - (Fort Worth, TX) - Woods of Eastchase",
5165,5165 Gate Remote Rmbsmt / Rplcmt Fee,oi,2,"Emilio - (Houston, TX) - Los Pinos",
5165,5165 Plumbing (R&M - int),rm,2,"Dylan - (Arlington, TX) - Sweet Redemption",
5165-0000,5165-0000 Lighting Fixtures & Bulbs,rm,5,"Yonnic - (Austin, TX) - Alma North Plaza",
5166,5166 Plumbing Supplies (R&M - int),rm,2,"Dylan - (Arlington, TX) - Sweet Redemption",
5166-0000,5166-0000 Transfer Fee,oi,4,"Yonnic - (Beaumont, TX) - Autumn Oaks",
5167,5167 Annual Inspections,rm,2,"Dylan - (Fort Worth, TX) - Woods of Eastchase",
5167,5167 High Risk Fee,oi,2,"Emilio - (Houston, TX) - Los Pinos",
5167,5167 Water Heater,rm,3,"Yonnic - (San Antonio, TX) - The Kelly Apartments",
5167-0000,5167-0000 Trash Removal Fees,oi,2,"Yonnic - (Beaumont, TX) - Autumn Oaks",
5167-1500,5167-1500 Painting Exterior,rm,5,"Yonnic - (Austin, TX) - Alma North Plaza",
5167-2500,5167-2500 Painting Interior,rm,3,"Guillermo - (Fort Worth, TX) - The Flats at Brentwood",
5170,5170 Cleaning Supplies,rm,4,"Dylan - (Fort Worth, TX) - Woods of Eastchase",
5170,5170 Printing,ad,2,"Yonnic - (Houston, TX) - Fall Lakes","recoded from 'm' (standardized to majority ({'ad': 2, 'm': 2}))"
5170,5170   RETIREMENT CONTRIBUTIONS,pr,4,"Dylan - (Temple, TX) - Chappell Hill & Park at Chappell Hill",
5170.000,5170.000 DATA PROCESSING & SOFTWARE,ad,2,"Greg- (Arlington, TX) - Pine Ridge Apartments",
5170.000,5170.000 - Parking,oi,2,"Dylan - (Bryan, TX) - Serenity at Briarcrest",
5170.0001,5170.0001 - Advertising,m,4,"Bryce - (Houston, TX) - The Lofts at 3402",
5170.0002,"5170.0002 - Balloons, Helium And Similar",m,4,"Bryce - (Houston, TX) - The Lofts at 3402",
5170.0003,5170.0003 - Banners And Bandit Signs,m,4,"Bryce - (Houston, TX) - The Lofts at 3402",
5170.0004,5170.0004 - Blue Moon Leasing Costs,m,4,"Bryce - (Houston, TX) - The Lofts at 3402",
5170.0006,5170.0006 - Commissions and Locators,m,2,"Bryce - (Houston, TX) - Fairfield Cove",
5170.0012,5170.0012 - Mini-Model Expense,m,2,"Bryce - (Houston, TX) - The Lofts at 3402",
5170.0013,5170.0013 - Office Decorations,m,2,"Bryce - (Houston, TX) - The Lofts at 3402",
5170.0013,5170.0013 - Ofice Decorations,m,2,"Bryce - (Houston, TX) - Fairfield Cove",
5170.0014,5170.0014 - Resident Activities,m,4,"Bryce - (Houston, TX) - The Lofts at 3402",
5170.0015,5170.0015 - Resident Referral Fees,m,2,"Bryce - (Houston, TX) - Fairfield Cove",
5170.0016,5170.0016 - Website Expense,m,4,"Bryce - (Houston, TX) - The Lofts at 3402",
5171,5171 Annual Inspection,rm,2,"Dylan - (Arlington, TX) - Sweet Redemption",
5175,5175 Paint Supplies,rm,5,"Dylan - (Fort Worth, TX) - Woods of Eastchase",
5175-0000,5175-0000 Owner Billed Repairs & Maint.,oi,2,"Yonnic - (Beaumont, TX) - Autumn Oaks",
5175-0000,5175-0000 Small Tools,rm,5,"Yonnic - (Austin, TX) - Alma North Plaza",
5175.000,5175.000 RESIDENT SCREENING,ad,2,"Greg- (Arlington, TX) - Pine Ridge Apartments",
5176,5176 Electrical Contractor,rm,1,"Jon - (Sherman, TX) - Northridge Villas",
5177-0000,5177-0000 RUBS - Electricity,ro,2,"Yonnic - (Beaumont, TX) - Autumn Oaks",
5178-0000,5178-0000 RUBS - Gas,ro,4,"Yonnic - (Beaumont, TX) - Autumn Oaks",
5179,5179 HVAC - Repairs and Supplies,rm,2,"Dylan - (Arlington, TX) - Sweet Redemption",
5179,5179 Interior Carpentry,rm,1,"Jon - (Sherman, TX) - Northridge Villas",
5179-0000,5179-0000 RUBS - Water,rw,4,"Yonnic - (Beaumont, TX) - Autumn Oaks",
5180,5180 Keys / Locks Changes,oi,2,"Emilio - (Houston, TX) - Los Pinos",
5180,5180 Plumbing - Supplies,rm,5,"Dylan - (Fort Worth, TX) - Woods of Eastchase",
5180-0000,5180-0000 RUBS - Trash,rt,4,"Yonnic - (Beaumont, TX) - Autumn Oaks",
5180.000,5180.000 - Utility Reimbursements,rw,2,"Dylan - (Bryan, TX) - Serenity at Briarcrest",
5180.0000,5180.0000 - Management Fees,mf,4,"Bryce - (Houston, TX) - The Lofts at 3402",
5180.600,5180.600 - Utility Recovery - Pest Control,ro,2,"Dylan - (Bryan, TX) - Serenity at Briarcrest",
5181-0000,5181-0000 RUBS - Pest Control,ro,4,"Yonnic - (Beaumont, TX) - Autumn Oaks",
5182-0000,5182-0000 RUBS - Monthly Billing Fees,ro,4,"Yonnic - (Beaumont, TX) - Autumn Oaks",
5183-0000,5183-0000 Electric Reimbursement,ro,4,"Yonnic - (Beaumont, TX) - Autumn Oaks",
5185,5185 Late Charge Fees,oi,2,"Emilio - (Houston, TX) - Los Pinos",
5185,5185 Pools & Fountains,rm,1,"Jon - (Sherman, TX) - Northridge Villas",
5185-0000,5185-0000 Window/Glass Repairs,rm,5,"Yonnic - (Austin, TX) - Alma North Plaza",
5185.000,5185.000 BANK CHARGES,ad,2,"Greg- (Arlington, TX) - Pine Ridge Apartments",
5187-0000,5187-0000 Water Extraction,rm,5,"Yonnic - (Austin, TX) - Alma North Plaza",
5188-0000,5188-0000 Risk Fee,oi,4,"Yonnic - (Beaumont, TX) - Autumn Oaks",1xro
5190,5190 Safety - Fire Protection Supplies,rm,5,"Dylan - (Fort Worth, TX) - Woods of Eastchase",
5190,5190 Signage,m,2,"Guillermo - (Dallas, TX) - Casa Bonita",
5190-0000,5190-0000 Maintenance Supplies/Repairs,rm,5,"Yonnic - (Austin, TX) - Alma North Plaza",
5190.0001,5190.0001 - Accounting/Bookkeeping,ad,2,"Bryce - (Houston, TX) - The Lofts at 3402",
5190.0003,5190.0003 - Bank Service Fees,ad,4,"Bryce - (Houston, TX) - The Lofts at 3402",
5190.0004,5190.0004 - Cell phone expense- staf,ad,2,"Bryce - (Houston, TX) - Fairfield Cove",
5190.0004,5190.0004 - Cell Phone Expense- Staff,ad,2,"Bryce - (Houston, TX) - The Lofts at 3402",
5190.0006,5190.0006 - City Permits,ad,2,"Bryce - (Houston, TX) - The Lofts at 3402",
5190.0007,5190.0007 - Computer Software,ad,4,"Bryce - (Houston, TX) - The Lofts at 3402",
5190.0008,5190.0008 - Copier Service Or Repair,ad,4,"Bryce - (Houston, TX) - The Lofts at 3402",
5190.0009,5190.0009 - Credit And Background Checks,ad,4,"Bryce - (Houston, TX) - The Lofts at 3402",
5190.001,5190.001 Workers Compensa,pr,2,"Guillermo - (Hurst, TX) - Point on Calloway",
5190.001,5190.001 Workers Compensation Insurance,pr,2,"Yonnic - (Dallas, TX) - Casa de Arroyo",
5190.0011,5190.0011 - Dues And Subscriptions,ad,4,"Bryce - (Houston, TX) - The Lofts at 3402",
5190.0013,5190.0013 - Employee Uniforms,ad,4,"Bryce - (Houston, TX) - The Lofts at 3402",
5190.0014,5190.0014 - Eviction Fees,ad,4,"Bryce - (Houston, TX) - The Lofts at 3402",
5190.0016,5190.0016 - Legal And Professional Fees,ad,2,"Bryce - (Houston, TX) - The Lofts at 3402",
5190.0017,5190.0017 - Licenses And Permits,ad,2,"Bryce - (Houston, TX) - The Lofts at 3402",
5190.0018,5190.0018 - Meals And Entertainments,ad,4,"Bryce - (Houston, TX) - The Lofts at 3402",
5190.0019,5190.0019 - Office Supplies,ad,2,"Bryce - (Houston, TX) - The Lofts at 3402",
5190.0019,5190.0019 - Ofice Supplies,ad,2,"Bryce - (Houston, TX) - Fairfield Cove",
5190.0020,5190.0020 - Onesite Monthly Usage Fees,ad,4,"Bryce - (Houston, TX) - The Lofts at 3402",
5190.0021,5190.0021 - Onesite Set-up Fee,ad,2,"Bryce - (Houston, TX) - Fairfield Cove",
5190.0023,5190.0023 - Postage,ad,4,"Bryce - (Houston, TX) - The Lofts at 3402",
5190.0024,5190.0024 - Printed Materials And Bus. Cards,ad,4,"Bryce - (Houston, TX) - The Lofts at 3402",
5190.0025,5190.0025 - Refreshments,m,4,"Bryce - (Houston, TX) - The Lofts at 3402","recoded from 'ad' (standardized to majority ({'m': 17, 'ad': 4}))"
5190.0028,5190.0028 - Training And Education Fees,ad,4,"Bryce - (Houston, TX) - The Lofts at 3402",
5190.0035,5190.0035 - Renter'S Liability,ad,2,"Bryce - (Houston, TX) - The Lofts at 3402",
51910,51910 Glass - Mirrors - Screens,rm,2,"David - (Waco, TX) - Eleven06 on 35",
5193,5193 Window/Glass Repair,rm,5,"Dylan - (Fort Worth, TX) - Woods of Eastchase",
5195,5195 Laundry,oi,2,"Emilio - (Houston, TX) - Los Pinos",
5195,5195 Maintenance Supplies & Hardware,rm,5,"Dylan - (Fort Worth, TX) - Woods of Eastchase",
5197,5197 Maintenance Supplies,rm,2,"Dylan - (Arlington, TX) - Sweet Redemption",
5199,5199 Misc Maintenance-Interior,rm,5,"Yonnic - (San Antonio, TX) - The Kelly Apartments",
520.01,520.01 Employee Related Supplies,ad,2,"Jon - (Dallas, TX) - Iris Memory Care of Turtle Creek",
520.02,520.02 Household/Facility Supplies,ad,2,"Jon - (Dallas, TX) - Iris Memory Care of Turtle Creek",
520.03,520.03 Kitchen Supplies,ad,2,"Jon - (Dallas, TX) - Iris Memory Care of Turtle Creek",
520.04,520.04 Nursing Supplies,ad,2,"Jon - (Dallas, TX) - Iris Memory Care of Turtle Creek",
520.05,520.05 Office Supplies,ad,2,"Jon - (Dallas, TX) - Iris Memory Care of Turtle Creek",
520.06,520.06 Resident & Family Related,ad,2,"Jon - (Dallas, TX) - Iris Memory Care of Turtle Creek",
5200,5200 ADVERTISING EXPENSES - Other,m,2,"Emilio - (Garland, TX) - The Retreat at Faulkner Point",
5200,5200 Interest Income,oi,2,"Greg - (Haltom City, TX) - Haltom Oaks",
5200,5200 Lease breakage - reletting fee,oi,2,"Emilio - (Houston, TX) - Los Pinos",
5200,5200 Make Ready - Other,rm,4,"Bryce - (OKC, OK) - 717 Ventura South",
5200,5200 - Office Salaries,pr,2,"Dylan - (Houston, TX) - Northbrooke",
5200,5200 REPAIRS & MAINTENANCE - Other,rm,2,"Jackson - (College Station, TX) - Anderson Point",
5200,5200 Supplies Expense,ad,2,"Jon - (Anadarko, OK) - The Crossings in Anadarko",
5200-001,5200-001 - Site Office Salaries,pr,4,"Dylan - (Fort Worth, TX) - Trail Lakes",
5200-002,5200-002 - Site Maintenance Salaries,pr,4,"Dylan - (Fort Worth, TX) - Trail Lakes",
5200-003,5200-003 - Employee Bonuses,pr,4,"Dylan - (Fort Worth, TX) - Trail Lakes",
5200-004,5200-004 - Temporary Employee,pr,4,"Dylan - (Fort Worth, TX) - Trail Lakes",
5200-005,5200-005 - Employee Health Insurance,pr,4,"Dylan - (Fort Worth, TX) - Trail Lakes",
5200-006,5200-006 - Payroll Fees,pr,4,"Dylan - (Fort Worth, TX) - Trail Lakes",
5200-007,5200-007 - Payroll Tax,pr,4,"Dylan - (Fort Worth, TX) - Trail Lakes",
5200-008,5200-008 - Worker'S Compensation Insurance,pr,4,"Dylan - (Fort Worth, TX) - Trail Lakes",
5200-0100,5200-0100 - Interest On Bank Accounts,oi,2,"Bryce - (Arlington, TX) - District on Collins",
5200.00,5200.00 Advertising and Marketing - Other,m,2,"Emilio - (Dallas, TX) - The Apollo at Bishop Ridge",
5200.000,5200.000 ADVERTISING EXPENSES - Other,m,2,"Greg- (Arlington, TX) - Pine Ridge Apartments",
5200.001,5200.001 Repair/Maint Expense,rm,3,"Jackson - (Balch Springs, TX) - Shepherd Lane Apartments",
5200.001,5200.001 Repair/Maint Expense - Other,rm,3,"Jackson - (Balch Springs, TX) - Shepherd Lane Apartments",
52000,52000 · Accounting & Legal Fees,ad,2,"Dylan - (College Station, TX)  - Quarters on Luther",
52001,52001 APARTMENTS.,m,2,"Danny - (Tulsa, OK) - Waterford",
52002,52002 WEBSITE HOST,m,2,"Danny - (Tulsa, OK) - Waterford",
52003,52003 ADVERTISING P,m,2,"Danny - (Tulsa, OK) - Waterford",
52004,52004 RESIDENT REF,m,2,"Danny - (Tulsa, OK) - Waterford",
52006,52006 RESIDENT FUN,m,2,"Danny - (Tulsa, OK) - Waterford",
52007,52007 RENT.COM,m,2,"Danny - (Tulsa, OK) - Waterford",
52008,52008 INTERNET ADV,m,2,"Danny - (Tulsa, OK) - Waterford",
5201,5201 Advertising Et Marketing,m,2,"Emilio  - (Fort Worth, TX) - Leuda-May Apartments",
5201,5201 Advertising & Marketing,m,2,"Emilio - (Garland, TX) - The Retreat at Faulkner Point",
5201,5201 - Manager,pr,2,"Jon - (Waco, TX) - Red Oak Townhomes",
5201,5201 - Office Salaries,pr,2,"Bryce - (Addison, TX) - Jade Addison",
5201,5201 R&M - Electrical,rm,2,"Bryce - (San Antonio, TX) - Reserve at Lone Oak",
5201-000,5201-000 Contract Services - Security,cs,2,"Danny - (Tulsa, OK) - Metro Plex",
5201.00,5201.00 Advertising & Marketing,m,2,"Emilio - (Dallas, TX) - The Apollo at Bishop Ridge",
5201.0001,5201.0001 - Office Salaries - Admin,pr,2,"Bryce - (Addison, TX) - Jade Addison",
5201.001,5201.001 Plumbing,rm,5,"Guillermo - (Hurst, TX) - Point on Calloway",
5201.003,5201.003 Faucets,rm,5,"Guillermo - (Hurst, TX) - Point on Calloway",
5201.005,5201.005 Plumbing Supplies,rm,7,"Yonnic - (Dallas, TX) - Casa de Arroyo",
5201.999,5201.999 Plumbing,rm,3,"Jackson - (Balch Springs, TX) - Shepherd Lane Apartments",
5201.999,5201.999 Plumbing - Misc.,rm,4,"Yonnic - (Dallas, TX) - Casa de Arroyo",
52010,52010 Landscaping,cs,2,"Paul - (Fort Worth, TX) - Rio Apartments",
52011,52011 SOCIAL MEDIA,m,2,"Danny - (Tulsa, OK) - Waterford",
52012,52012 ZILLOW ADVER,m,2,"Danny - (Tulsa, OK) - Waterford",
5202,5202 Locator Fee,m,2,"Emilio - (Garland, TX) - The Retreat at Faulkner Point",
5202,5202 - Maintenance Salaries,pr,4,"Dylan - (Houston, TX) - Northbrooke",
5202,5202 Other Income - Cable TV Income,ro,4,"Bryce - (Dallas, TX) - The Landing at McCallum",
5202,5202 Painting Supplies,rm,4,"Bryce - (OKC, OK) - 717 Ventura South",
5202,5202 R&M - HVAC,rm,2,"Bryce - (San Antonio, TX) - Reserve at Lone Oak",
5202-000,5202-000 Contract Services - Trash Removal,tr,2,"Danny - (Tulsa, OK) - Metro Plex",
5202.0001,5202.0001 - Maintenance Salaries - Admin,pr,2,"Bryce - (Addison, TX) - Jade Addison",
5202.001,5202.001 Building Supplies,rm,4,"Guillermo - (Hurst, TX) - Point on Calloway",
5202.001,5202.001 Building Supplies - Other,rm,2,"Yonnic - (Dallas, TX) - Casa de Arroyo",
5202.004,5202.004 Counter Tops,rm,3,"Jackson - (Balch Springs, TX) - Shepherd Lane Apartments",
5202.005,5202.005 Hardware,rm,7,"Yonnic - (Dallas, TX) - Casa de Arroyo",
5202.006,5202.006 Interior doors/Trim,rm,3,"Jackson - (Balch Springs, TX) - Shepherd Lane Apartments",
5202.998,5202.998 Other Building Supplies,rm,7,"Yonnic - (Dallas, TX) - Casa de Arroyo",
5202.999,5202.999 Building Supplies -,rm,5,"Guillermo - (Hurst, TX) - Point on Calloway",
5202.999,5202.999 Building Supplies - Misc.,rm,2,"Yonnic - (Dallas, TX) - Casa de Arroyo",
52020,52020 · Applicant Screening,ad,2,"Dylan - (College Station, TX)  - Quarters on Luther",
52020,52020 Pest Control,cs,2,"Paul - (Fort Worth, TX) - Rio Apartments",
5203,5203 Answering Service,ad,3,"Yonnic - (San Antonio, TX) - The Kelly Apartments",recoded from 'cs' (house rule: telephone/answering -> ad)
5203,5203 Other Income - Electric Revenue Share,ro,4,"Bryce - (Dallas, TX) - The Landing at McCallum",
5203,5203 - Overtime,pr,2,"Bryce - (Addison, TX) - Jade Addison",
5203,5203 R&M - Plumbing,rm,2,"Bryce - (San Antonio, TX) - Reserve at Lone Oak",
5203-000,5203-000 Contract Services - Landscaping and Grounds,cs,2,"Danny - (Tulsa, OK) - Metro Plex",
5203.00,5203.00 Resident Referral,m,2,"Emilio - (Dallas, TX) - The Apollo at Bishop Ridge",
5203.001,5203.001 Grounds Maintenance - Other,rm,3,"Jackson - (Balch Springs, TX) - Shepherd Lane Apartments",
5203.004,5203.004 Contract - Landscape,cs,3,"Jackson - (Balch Springs, TX) - Shepherd Lane Apartments",
5203.004,5203.004 Ground Maintenan,cs,2,"Guillermo - (Hurst, TX) - Point on Calloway",
5203.004,5203.004 Ground Maintenance Monthly Service,cs,2,"Yonnic - (Dallas, TX) - Casa de Arroyo",
5203.005,5203.005 Landscape Supplie,cs,2,"Guillermo - (Hurst, TX) - Point on Calloway",
5203.005,5203.005 Supplies,rm,3,"Jackson - (Balch Springs, TX) - Shepherd Lane Apartments",
5203.999,5203.999 Grounds Maintena,cs,2,"Guillermo - (Hurst, TX) - Point on Calloway",
5203.999,5203.999 Grounds Maintenance - Misc.,cs,5,"Yonnic - (Dallas, TX) - Casa de Arroyo",2xrm
52030,52030 Pool Maintenance Service,cs,2,"Paul - (Fort Worth, TX) - Rio Apartments",
52030,52030 - Re Mem lAordoring,e,2,"Danny - (Dallas, TX) - Magnolia on Gaston",
5204,5204 - Bonuses,pr,2,"Dylan - (Houston, TX) - Northbrooke",
5204,5204 - Lead Maintenance,rm,2,"Jon - (Waco, TX) - Red Oak Townhomes","recoded from 'pr' (standardized to majority ({'rm': 5, 'pr': 2}))"
5204,5204 - Mileage Reimbursement,rm,2,"Bryce - (Addison, TX) - Jade Addison","recoded from 'pr' (standardized to majority ({'rm': 14, 'ad': 7, 'pr': 6}))"
5204,5204 Other Income - Loss Damage Waiver,oi,4,"Bryce - (Dallas, TX) - The Landing at McCallum",
5204,5204 Promotional Expense,m,2,"Emilio - (Garland, TX) - The Retreat at Faulkner Point",
5204,5204 R&M - Interior,rm,2,"Bryce - (San Antonio, TX) - Reserve at Lone Oak",
5204,5204 Sheetrock Supplies,rm,4,"Bryce - (OKC, OK) - 717 Ventura South",
5204.001,5204.001 Maintenance & Re,rm,2,"Guillermo - (Hurst, TX) - Point on Calloway",
5204.001,5204.001 Maintenance & Repair - Other,rm,3,"Jackson - (Balch Springs, TX) - Shepherd Lane Apartments",
5204.002,5204.002 Electrical,rm,7,"Yonnic - (Dallas, TX) - Casa de Arroyo",
5204.003,5204.003 Exterior Doors,rm,5,"Guillermo - (Hurst, TX) - Point on Calloway",
5204.005,5204.005 Glass,rm,4,"Yonnic - (Dallas, TX) - Casa de Arroyo",
5204.008,5204.008 Roofing,rm,3,"Jackson - (Balch Springs, TX) - Shepherd Lane Apartments",
5204.009,5204.009 Tools,rm,7,"Yonnic - (Dallas, TX) - Casa de Arroyo",
5204.011,5204.011 Wood Work,rm,2,"Guillermo - (Hurst, TX) - Point on Calloway",
5204.012,"5204.012 Locks, knobs",rm,3,"Jackson - (Balch Springs, TX) - Shepherd Lane Apartments",
5204.0141,5204.0141 Appliance repair parts,rm,3,"Jackson - (Balch Springs, TX) - Shepherd Lane Apartments",
5204.999,5204.999 Maintenance & Re,rm,2,"Guillermo - (Hurst, TX) - Point on Calloway",
5204.999,5204.999 Maintenance & Repair,rm,3,"Jackson - (Balch Springs, TX) - Shepherd Lane Apartments",
5204.999,5204.999 Maintenance & Repair - Misc.,rm,2,"Yonnic - (Dallas, TX) - Casa de Arroyo",
52040-000,52040-000     Building - Exterior,rm,2,"Yonnic - (San Antonio, TX) - Landera",
5205,5205 Alarm System,cs,1,"Jon - (Sherman, TX) - Northridge Villas",
5205,5205 - Commissions,pr,4,"Dylan - (Houston, TX) - Northbrooke",
5205,5205 Contract Services-Other,cs,2,"Dylan - (Fort Worth, TX) - Woods of Eastchase",
5205,5205 Flooring Labor,rm,4,"Bryce - (OKC, OK) - 717 Ventura South",
5205,5205 Maintenance Fee,oi,2,"Emilio - (Houston, TX) - Los Pinos",
5205,5205 Other Income - Conditional Fees,oi,4,"Bryce - (Dallas, TX) - The Landing at McCallum",
5205,5205 R&M - Appliances,rm,2,"Bryce - (San Antonio, TX) - Reserve at Lone Oak",
5205,5205 Resident Retention,m,4,"Emilio - (Garland, TX) - The Retreat at Faulkner Point",
5205,5205 T/C Cleaning Contractors,rm,2,"Jon - (San Antonio, TX) - Salado Creek Villas",
5205-000,5205-000 Employee Discount,nr,4,"Emilio - (Houston, TX) - Walnut Creek",
5205.00,5205.00 Resident Retention,m,2,"Emilio - (Dallas, TX) - The Apollo at Bishop Ridge",
5205.001,5205.001 A/C Expense,rm,2,"Guillermo - (Hurst, TX) - Point on Calloway",
5205.005,5205.005 HVAC Repairs,rm,3,"Jackson - (Balch Springs, TX) - Shepherd Lane Apartments",
5205.006,5205.006 HVAC Parts & Supplies,rm,3,"Jackson - (Balch Springs, TX) - Shepherd Lane Apartments",
5205.006,5205.006 HVAC supplies,rm,4,"Yonnic - (Dallas, TX) - Casa de Arroyo",
5205.999,5205.999 A/C Expense - M,rm,2,"Guillermo - (Hurst, TX) - Point on Calloway",
5205.999,5205.999 A/C Expense - Misc.,rm,2,"Yonnic - (Dallas, TX) - Casa de Arroyo",
52057-000,52057-000     Cleaning & Supplies,rm,2,"Yonnic - (San Antonio, TX) - Landera",
5206,5206 - Bonuses,pr,2,"Bryce - (Addison, TX) - Jade Addison",
5206,5206 Flooring Supplies,rm,4,"Bryce - (OKC, OK) - 717 Ventura South",
5206,5206 Key Lockbox,cs,1,"Jon - (Sherman, TX) - Northridge Villas",
5206,5206 - Overtime,pr,2,"Dylan - (Houston, TX) - Northbrooke",
5206-000,5206-000 Contract Services - Pest Control,cs,2,"Danny - (Tulsa, OK) - Metro Plex",
5206.0001,5206.0001 - Bonuses - Admin,pr,2,"Bryce - (Addison, TX) - Jade Addison",
5206.001,5206.001 Contract - Pest Control,cs,3,"Jackson - (Balch Springs, TX) - Shepherd Lane Apartments",
5206.001,5206.001 Pest Control,cs,4,"Yonnic - (Dallas, TX) - Casa de Arroyo",1xrm
52060,52060 · Bank & Portal Service Charges,ad,2,"Dylan - (College Station, TX)  - Quarters on Luther",
52060,52060 Copier / Office Equipment Service,cs,2,"Paul - (Fort Worth, TX) - Rio Apartments",
52065-000,52065-000     Door Repair / Replacement,rm,2,"Yonnic - (San Antonio, TX) - Landera",
5207,5207 - Payroll Taxes,pr,2,"Bryce - (Addison, TX) - Jade Addison",
5207,5207 R&M - Locks and Keys,rm,2,"Bryce - (San Antonio, TX) - Reserve at Lone Oak",
5207.00,5207.00 Office Refreshments,ad,2,"Emilio - (Dallas, TX) - The Apollo at Bishop Ridge","recoded from 'm' (standardized to majority ({'m': 2, 'ad': 4}))"
5207.001,5207.001 Pool Expense,rm,2,"Guillermo - (Hurst, TX) - Point on Calloway",
5207.1000,5207.1000 - Payroll Taxes - Admin,pr,2,"Bryce - (Addison, TX) - Jade Addison",
52070,52070 Snow & Ice Removal,cs,2,"Paul - (Fort Worth, TX) - Rio Apartments",
52070,52070 - Trash Colection,tr,2,"Danny - (Dallas, TX) - Magnolia on Gaston",
52070-000,52070-000     Electrical Supplies / Repairs,rm,2,"Yonnic - (San Antonio, TX) - Landera",
5208,5208 - Employee Benefits,pr,2,"Bryce - (Addison, TX) - Jade Addison",
5208,5208 - Payroll Taxes,pr,2,"Dylan - (Houston, TX) - Northbrooke",
5208,5208 R&M - Equipment,rm,2,"Bryce - (San Antonio, TX) - Reserve at Lone Oak",
5208,5208 Website,m,4,"Emilio - (Garland, TX) - The Retreat at Faulkner Point",
5208.00,5208.00 Website/Portals,m,2,"Emilio - (Dallas, TX) - The Apollo at Bishop Ridge",
5208.001,5208.001 Electrical,rm,4,"Yonnic - (Dallas, TX) - Casa de Arroyo",
5208.001,5208.001 Fire Inspection,cs,3,"Jackson - (Balch Springs, TX) - Shepherd Lane Apartments","recoded from 'rm' (standardized to majority ({'rm': 7, 'cs': 26}))"
5208.004,5208.004 Light Fixture,rm,2,"Guillermo - (Hurst, TX) - Point on Calloway",
5208.1000,5208.1000 - Employee Benefits - Admin,pr,2,"Bryce - (Addison, TX) - Jade Addison",
5208.999,5208.999 Electrical - Misc.,rm,4,"Yonnic - (Dallas, TX) - Casa de Arroyo",
5209,5209 Carpet Cleaning,rm,4,"Bryce - (OKC, OK) - 717 Ventura South",
5209,5209 Marketing Collateral,m,4,"Emilio - (Garland, TX) - The Retreat at Faulkner Point",
5209,5209 - Workers Comp,pr,2,"Bryce - (Addison, TX) - Jade Addison",
5209.00,5209.00 Internet Listing Service (ILS),m,2,"Emilio - (Dallas, TX) - The Apollo at Bishop Ridge",
5209.001,5209.001 Electrical,rm,3,"Jackson - (Balch Springs, TX) - Shepherd Lane Apartments",
5209.001,5209.001 Electrical - Other,rm,3,"Jackson - (Balch Springs, TX) - Shepherd Lane Apartments",
5209.004,5209.004 Light Fixture,rm,3,"Jackson - (Balch Springs, TX) - Shepherd Lane Apartments",
5209.1000,5209.1000 - Workers Comp - Admin,pr,2,"Bryce - (Addison, TX) - Jade Addison",
5209.999,5209.999 Electrical,rm,3,"Jackson - (Balch Springs, TX) - Shepherd Lane Apartments",
5210,5210 Alarm System,cs,2,"Dylan - (Arlington, TX) - Sweet Redemption",
5210,5210 Drapes & Blinds,rm,2,"Bryce - (San Antonio, TX) - Reserve at Lone Oak",
5210,5210 - Insurance | Benefits,pr,2,"Dylan - (Houston, TX) - Northbrooke",
5210,5210 - Loss / Gain To Lease,ll,6,"Dylan - (Houston, TX) - Brookfield",
5210,5210 Miscellaneous Income,oi,2,"Emilio - (Houston, TX) - Los Pinos",
5210,5210 - Payroll Processing Fee,pr,2,"Bryce - (Addison, TX) - Jade Addison",
5210,5210 Signage,m,4,"Emilio - (Garland, TX) - The Retreat at Faulkner Point",
5210,5210 Unit Expenses,rm,2,"Jackson - (College Station, TX) - Anderson Point",
5210,5210 Unit Expenses - Other,rm,2,"Jackson - (College Station, TX) - Anderson Point",
5210-1000,5210-1000 Pest Control Supplies,rm,5,"Yonnic - (Austin, TX) - Alma North Plaza","recoded from 'cs' (standardized to majority ({'rm': 51, 'cs': 5}))"
5210-5000,5210-5000 Pest Control Termites,cs,5,"Yonnic - (Austin, TX) - Alma North Plaza",
5210-6000,5210-6000 Pest Control Other,cs,2,"Yonnic - (Austin, TX) - Alma North Plaza",
5210.00,5210.00 Digital Advertising,m,2,"Emilio - (Dallas, TX) - The Apollo at Bishop Ridge",
52100,52100 Key System / Controlled Access,cs,2,"Paul - (Fort Worth, TX) - Rio Apartments",
5211,5211 Apt Prep-Carpet Repair/Cleaning,ad,2,"Bryce - (DeSoto, TX) - Wooded Creek Apartments",
5211,5211 Client Relations,m,2,"Emilio  - (Fort Worth, TX) - Leuda-May Apartments",
5211,5211 - Employee Recruitment,pr,2,"Bryce - (Addison, TX) - Jade Addison",
5211,5211 Housekeeping,cs,4,"Bryce - (OKC, OK) - 717 Ventura South","recoded from 'rm' (standardized to majority ({'cs': 8, 'rm': 7}))"
5211,5211 Int and Ext Door Access,rm,2,"Dylan - (Arlington, TX) - Sweet Redemption",
5211,5211 Other Income - Water/Sewer Reimbursements,rw,4,"Bryce - (Dallas, TX) - The Landing at McCallum",
5211.00,5211.00 Marketing Technology- CRM,m,2,"Emilio - (Dallas, TX) - The Apollo at Bishop Ridge",
52110,52110 Application fees,oi,2,"Yonnic - (Lubbock, TX) - Estrada South II",
52110-000,52110-000     HVAC Supplies / Repairs,rm,2,"Yonnic - (San Antonio, TX) - Landera",
5212,5212 Make Ready Misc.,rm,4,"Bryce - (OKC, OK) - 717 Ventura South",
5212,5212 Other Income - Trash Reimbursements,rt,4,"Bryce - (Dallas, TX) - The Landing at McCallum",
5212,5212 R&M - Janitorial/Maint. Supplies,rm,2,"Bryce - (San Antonio, TX) - Reserve at Lone Oak",
5212,5212 - Temporary Employee,pr,2,"Bryce - (Addison, TX) - Jade Addison",
5212,5212 - Worker'S Compensation,pr,2,"Dylan - (Houston, TX) - Northbrooke",
52120,52120 · Dues and Subscriptions,ad,2,"Dylan - (College Station, TX)  - Quarters on Luther",
52120-000,52120-000     Intrusion Alarm Supplies / Repairs,rm,2,"Yonnic - (San Antonio, TX) - Landera",
5213,5213 Apt Prep-Contract Cleaning,ad,2,"Bryce - (DeSoto, TX) - Wooded Creek Apartments",
5213,5213 Blinds,rm,4,"Bryce - (OKC, OK) - 717 Ventura South",
5213,5213 Landscaping Service,cs,5,"Yonnic - (San Antonio, TX) - The Kelly Apartments",
5213,5213 Other Income - Gas Reimbursements,ro,4,"Bryce - (Dallas, TX) - The Landing at McCallum",
5213,5213 R&M - Paint Supplies,rm,2,"Bryce - (San Antonio, TX) - Reserve at Lone Oak",
5214,5214 Apt Prep-Contract Make Ready,ad,2,"Bryce - (DeSoto, TX) - Wooded Creek Apartments",
5214,5214 Misc Tenant,r,2,"Dylan - (Arlington, TX ) - Tristar Apartments",
5214,5214 - Payroll Administration,pr,2,"Dylan - (Houston, TX) - Northbrooke",
5214,5214 R&M - Pool Chemicals,rm,2,"Bryce - (San Antonio, TX) - Reserve at Lone Oak",
52140-000,52140-000     Locks & Keys,rm,2,"Yonnic - (San Antonio, TX) - Landera",
5215,5215 Appliance Parts & Repairs,rm,2,"Jackson - (College Station, TX) - Anderson Point",
5215,5215 Light Bulbs,rm,2,"Bryce - (San Antonio, TX) - Reserve at Lone Oak",
5215,5215 Misc. Other,oi,2,"Dylan - (Arlington, TX ) - Tristar Apartments",
5215,5215 Month to Month Fee,oi,2,"Emilio - (Houston, TX) - Los Pinos",
5215,5215 Pest Control,cs,5,"Yonnic - (San Antonio, TX) - The Kelly Apartments",
5215,5215 Resident Survey / Shopping Reports,m,2,"Emilio - (Garland, TX) - The Retreat at Faulkner Point",
5215-000,5215-000 Contract Services - Background Checks/Appl screen,cs,2,"Danny - (Tulsa, OK) - Metro Plex",
5215-000,5215-000 Renewal Concessions,nr,2,"Emilio - (Houston, TX) - Walnut Creek",
5216,5216 - Temp Salaries,pr,2,"Dylan - (Houston, TX) - Northbrooke",
5217,5217 Apt Prep-Contract TouchUp Paint / Wall Paper,ad,2,"Bryce - (DeSoto, TX) - Wooded Creek Apartments",
5217,5217 Refuse Removal,cs,5,"Yonnic - (San Antonio, TX) - The Kelly Apartments",1xtr
5218,5218 - Floater Salaries,pr,2,"Bryce - (Addison, TX) - Jade Addison",
5218,5218 Other Income - Recycling Fees,oi,4,"Bryce - (Dallas, TX) - The Landing at McCallum",
5218,5218 R&M - Carpets/Flood and Renewal Cleaning,rm,2,"Bryce - (San Antonio, TX) - Reserve at Lone Oak",
52180,52180 · Miscellaneous Expense,ad,2,"Dylan - (College Station, TX)  - Quarters on Luther",
5219,5219 Apt Prep-Paint/WallPR Supplies,ad,2,"Bryce - (DeSoto, TX) - Wooded Creek Apartments",
5219,5219 R&M - Exterior,rm,2,"Bryce - (San Antonio, TX) - Reserve at Lone Oak",
5219.0001,5219.0001 - Employee Concession - Apartment,pr,2,"Bryce - (Addison, TX) - Jade Addison",
52190-000,52190-000     Plumbing Supplies / Repairs,rm,2,"Yonnic - (San Antonio, TX) - Landera",
52195-000,52195-000     Preventative Maintenance,rm,2,"Yonnic - (San Antonio, TX) - Landera",
52196-000,52196-000     Property Auto - Repairs / Maint,rm,2,"Yonnic - (San Antonio, TX) - Landera",
5220,5220 Blinds,rm,2,"Jackson - (College Station, TX) - Anderson Point",
5220,5220   CARPET CLEANING & REPAIR,rm,4,"Dylan - (Temple, TX) - Chappell Hill & Park at Chappell Hill",
5220,5220 Damage Recover,oi,2,"Dylan - (Arlington, TX ) - Tristar Apartments",
5220,5220 NSF Check Fee,oi,2,"Emilio - (Houston, TX) - Los Pinos",
5220,5220 Other Income - Pest Control Reimbursement,ro,4,"Bryce - (Dallas, TX) - The Landing at McCallum","recoded from 'oi' (standardized to majority ({'ro': 6, 'oi': 4}))"
5220,5220 Painting & Sheetrock L,rm,5,"Greg - (Houston, TX) - Hidden Park",
5220,5220 R&M - Grounds,rm,2,"Bryce - (San Antonio, TX) - Reserve at Lone Oak",
5220,5220 - Vacancy Loss,v,6,"Dylan - (Houston, TX) - Brookfield",
5220-000,5220-000 Rental Concessions,nr,4,"Emilio - (Houston, TX) - Walnut Creek",
5220-0000,5220-0000 - Apartments Vacancy,v,2,"Guillermo - (Lubbock, TX) - Cantibury Pointe",
5220.000,5220.000 - Vacancy Loss,v,2,"Dylan - (Bryan, TX) - Serenity at Briarcrest",
5220.020,5220.020 - Concessions - Move In,nr,2,"Dylan - (Bryan, TX) - Serenity at Briarcrest",
5220.110,5220.110 - Resident Referrals,nr,2,"Dylan - (Bryan, TX) - Serenity at Briarcrest",
5220.200,5220.200 - Gain (Loss) To Lease,ll,2,"Dylan - (Bryan, TX) - Serenity at Briarcrest",
52200,52200 Charge for NSF checks,oi,2,"Yonnic - (Lubbock, TX) - Estrada South II",
52200,52200 HVAC Preventative Maintenance,rm,2,"David - (Waco, TX) - Eleven06 on 35",
52200,52200 · Office Supplies,ad,2,"Dylan - (College Station, TX)  - Quarters on Luther",
5221,5221 Apt Prep-Supplies,ad,2,"Bryce - (DeSoto, TX) - Wooded Creek Apartments",
5221,5221 Utility Billing,ad,3,"Yonnic - (San Antonio, TX) - The Kelly Apartments","recoded from 'cs' (standardized to majority ({'cs': 5, 'ad': 10, 'o': 8, 'w': 6}))"
52210,52210 Charges to tenants for damage,oi,2,"Yonnic - (Lubbock, TX) - Estrada South II",
5222,5222 Apt Prep-Locks & Keys,ad,2,"Bryce - (DeSoto, TX) - Wooded Creek Apartments",
5222,5222 R&M - General Maintenance,rm,2,"Bryce - (San Antonio, TX) - Reserve at Lone Oak",
5223,5223 Apt Prep-Drywall / Sheetrock,ad,2,"Bryce - (DeSoto, TX) - Wooded Creek Apartments",
5223,5223 Pest Control income,oi,2,"Emilio - (Houston, TX) - Los Pinos",
52230,52230 · PM Software,ad,2,"Dylan - (College Station, TX)  - Quarters on Luther",
52240,52240 · Postage and Delivery,ad,2,"Dylan - (College Station, TX)  - Quarters on Luther",
52240-000,52240-000     Sprinkler / Irrigation Supplies / Repairs,rm,2,"Yonnic - (San Antonio, TX) - Landera",
5225,5225 Cleaning,rm,2,"Jackson - (College Station, TX) - Anderson Point",
5225,5225 Other Income - Credit Builder,oi,2,"Bryce - (Dallas, TX) - The Landing at McCallum",
5225,5225 Pet Fees,oi,2,"Emilio - (Houston, TX) - Los Pinos",
5225-0000,5225-0000 Landscape Supplies,rm,3,"Guillermo - (Fort Worth, TX) - The Flats at Brentwood","recoded from 'cs' (standardized to majority ({'cs': 5, 'rm': 6}))"
52250,52250 · Professional Services,ad,2,"Dylan - (College Station, TX)  - Quarters on Luther",
52250-000,52250-000     Window / Screen / Glass Repair,rm,2,"Yonnic - (San Antonio, TX) - Landera",
5226,5226 - Marketing Billback,m,2,"Bryce - (Addison, TX) - Jade Addison",
5226,5226 Pet Rent,oi,2,"Emilio - (Houston, TX) - Los Pinos",
52260,52260 Eviction fees,oi,2,"Yonnic - (Lubbock, TX) - Estrada South II",
52260-000,52260-000     Miscellaneous Supplies / Repairs,rm,2,"Yonnic - (San Antonio, TX) - Landera",
5227,5227 Apt Prep-Small Tools,ad,2,"Bryce - (DeSoto, TX) - Wooded Creek Apartments",
5227,5227 employee rent from paycheck,oi,2,"Emilio - (Houston, TX) - Los Pinos",
5228,5228 R&M - Fire /Safety Repairs,rm,2,"Bryce - (San Antonio, TX) - Reserve at Lone Oak",
5228,5228 Reserved Parking,oi,2,"Emilio - (Houston, TX) - Los Pinos",
52280,52280 · Telephone Expense,ad,2,"Dylan - (College Station, TX)  - Quarters on Luther",
5230,5230 Cleaning Contract,rm,4,"Dylan - (Fort Worth, TX) - Woods of Eastchase","recoded from 'cs' (standardized to majority ({'rm': 16, 'cs': 6}))"
5230,5230 Cleaning Contractor,rm,1,"Jon - (Sherman, TX) - Northridge Villas","recoded from 'cs' (standardized to majority ({'cs': 1, 'rm': 2}))"
5230,5230 - Commissions/Bonuses,pr,2,"Jon - (Waco, TX) - Red Oak Townhomes",
5230,5230 Landscaping,cs,2,"Dylan - (Arlington, TX) - Sweet Redemption",
5230,5230 Make Ready Materials,rm,5,"Greg - (Houston, TX) - Hidden Park",
5230,5230 Monthly Grounds/Landscaping Maintenance,cs,2,"Jon - (San Antonio, TX) - Salado Creek Villas",
5230,5230   PAINT & WALLPAPER,rm,4,"Dylan - (Temple, TX) - Chappell Hill & Park at Chappell Hill",
5230,5230 R&M - Gate/Fence,rm,2,"Bryce - (San Antonio, TX) - Reserve at Lone Oak",
5230.000,5230.000 LOCATORS,m,2,"Greg- (Arlington, TX) - Pine Ridge Apartments",
52300,52300 Landscaping R/M Supplies,rm,2,"David - (Waco, TX) - Eleven06 on 35",
52300,52300 · Travel Expense,ad,2,"Dylan - (College Station, TX)  - Quarters on Luther",
5232,5232 Cleaning Supplies,rm,1,"Jon - (Sherman, TX) - Northridge Villas","recoded from 'cs' (standardized to majority ({'rm': 122, 'cs': 1}))"
5233,5233 Transfer Fees,oi,2,"Emilio - (Houston, TX) - Los Pinos",
5234,5234 - Payroll Taxes,pr,2,"Jon - (Waco, TX) - Red Oak Townhomes",
5235,5235 Electrical - Contract,cs,4,"Dylan - (Fort Worth, TX) - Woods of Eastchase",
5235,5235 Electrical Contractor,rm,1,"Jon - (Sherman, TX) - Northridge Villas","recoded from 'cs' (standardized to majority ({'rm': 1, 'cs': 1}))"
5235,5235 - Employee Discount,nr,4,"Dylan - (Houston, TX) - Brookfield",
5235,5235 Trash Service Fee,rt,2,"Emilio - (Houston, TX) - Los Pinos",
5235,5235 - Worker'S Comp,pr,2,"Jon - (Waco, TX) - Red Oak Townhomes",
5236,5236 - Group Benefits,pr,2,"Jon - (Waco, TX) - Red Oak Townhomes",
5236,5236 - Shop / Down Unit,nr,2,"Danny - (Dallas, TX) - The Centennial Apartments",
5236-0000,5236-0000 Pool Supplies,rm,3,"Guillermo - (Fort Worth, TX) - The Flats at Brentwood","recoded from 'cs' (standardized to majority ({'rm': 33, 'cs': 3}))"
5237,5237 - Office / Model,nr,2,"Danny - (Dallas, TX) - The Centennial Apartments",
5237,5237 - Payroll Processing Fees,pr,2,"Jon - (Waco, TX) - Red Oak Townhomes",
5237-0000,5237-0000 Pool Repairs,rm,3,"Guillermo - (Fort Worth, TX) - The Flats at Brentwood","recoded from 'cs' (standardized to majority ({'rm': 9, 'cs': 3}))"
5240,5240   DRAPERY CLEANING,rm,4,"Dylan - (Temple, TX) - Chappell Hill & Park at Chappell Hill",
5240,5240 Flooring- Carpet Cleaning,rm,2,"Jackson - (College Station, TX) - Anderson Point",
5240,5240 T/C Painting Contractors,rm,2,"Jon - (San Antonio, TX) - Salado Creek Villas",
5240.000,5240.000 MARKETING MATERIALS,m,2,"Greg- (Arlington, TX) - Pine Ridge Apartments",
52400,52400 Key income,oi,2,"Yonnic - (Lubbock, TX) - Estrada South II",
52400,52400 Landscaping/Grounds - Seasonal,rm,2,"David - (Waco, TX) - Eleven06 on 35",
5244,5244 Cleaning Contract,rm,2,"Dylan - (Arlington, TX) - Sweet Redemption","recoded from 'cs' (standardized to majority ({'rm': 16, 'cs': 6}))"
5245,5245 Flooring- Carpet Repair,rm,2,"Jackson - (College Station, TX) - Anderson Point",
5245,5245 Painting - Contract,cs,5,"Dylan - (Fort Worth, TX) - Woods of Eastchase",
5245,5245 Utilities - Submetered Electric,ro,2,"Emilio - (Houston, TX) - Los Pinos",
52450,52450 Late fees,oi,2,"Yonnic - (Lubbock, TX) - Estrada South II",
5247,5247 Drywall Repairs,cs,5,"Dylan - (Fort Worth, TX) - Woods of Eastchase",
5247,5247 R&M - Golf Carts,rm,2,"Bryce - (San Antonio, TX) - Reserve at Lone Oak",
5248,5248 R&M - Landscape Irrigation,rm,2,"Bryce - (San Antonio, TX) - Reserve at Lone Oak",
525.00,525.00 Employee Incentives & Other Benefits,pr,2,"Jon - (Dallas, TX) - Iris Memory Care of Turtle Creek",
5250,5250 - Annual Inspection,rm,2,"Guillermo - (Lubbock, TX) - The Boulders at Lakeridge","recoded from 'ad' (standardized to majority ({'rm': 2, 'ad': 2}))"
5250,5250 Carpet Cleaning - Contract,cs,4,"Dylan - (Fort Worth, TX) - Woods of Eastchase",
5250,5250 Carpet cleaning - Contractor,cs,1,"Jon - (Sherman, TX) - Northridge Villas",
5250,5250   CLEANING SERVICE/SUPPLIES,rm,4,"Dylan - (Temple, TX) - Chappell Hill & Park at Chappell Hill",
5250,5250 Make Ready Labor,rm,5,"Greg - (Houston, TX) - Hidden Park",
5250,5250 Monthly Pest Control,cs,2,"Jon - (San Antonio, TX) - Salado Creek Villas",
5250,5250 Pest Control,cs,2,"Dylan - (Arlington, TX) - Sweet Redemption",
5250-0000,5250-0000 - Rental Concessions,nr,2,"Guillermo - (Lubbock, TX) - Cantibury Pointe",
5250-0002,5250-0002 - Gain / Loss To Lease,ll,2,"Guillermo - (Lubbock, TX) - Cantibury Pointe",
5251-0000,5251-0000 Fuel & Propane,rm,5,"Yonnic - (Austin, TX) - Alma North Plaza",
5255,5255 Hardware,rm,2,"Jackson - (College Station, TX) - Anderson Point",
5255,5255 HVAC- Contract,cs,5,"Dylan - (Fort Worth, TX) - Woods of Eastchase",
5255,5255 Utility - Pest Control,o,2,"Bryce - (San Antonio, TX) - Reserve at Lone Oak",
5256,5256 Utility Package,oi,2,"Emilio - (Houston, TX) - Los Pinos","recoded from 'rw' (standardized to majority ({'oi': 2, 'rw': 2}))"
5257,5257 HVAC Repairs,rm,2,"Jackson - (College Station, TX) - Anderson Point",
5258,5258 Contract - Janitor/Maint,cs,2,"Bryce - (San Antonio, TX) - Reserve at Lone Oak",
5258-1400,5258-1400 Common Area Cleaning,rm,5,"Yonnic - (Austin, TX) - Alma North Plaza",
5259-0000,5259-0000 Seasonal Decorations/Plants,rm,2,"Yonnic - (Austin, TX) - Alma North Plaza",
5260,5260 Contract - Landscaping,cs,2,"Bryce - (San Antonio, TX) - Reserve at Lone Oak",
5260,5260 Keys & Locks,rm,2,"Jackson - (College Station, TX) - Anderson Point",
5260,5260 Landscaping - Contract,cs,5,"Dylan - (Fort Worth, TX) - Woods of Eastchase",
5260,5260 Plumbing Contract Services,rm,2,"Jon - (San Antonio, TX) - Salado Creek Villas",
5260,5260 Resurfacing,rm,5,"Greg - (Houston, TX) - Hidden Park",
5260,5260 Utilities - Water,rw,2,"Emilio - (Houston, TX) - Los Pinos",
5260.000,5260.000 SIGNAGE,m,2,"Greg- (Arlington, TX) - Pine Ridge Apartments",
52600,52600 Month to month premium,oi,2,"Yonnic - (Lubbock, TX) - Estrada South II",
5260100,5260100 Workers Compensation,pr,2,"Chris - (Alvin, TX) - Morgan Oaks",
52610-000,52610-000     Blinds / Drapes Repair,rm,2,"Yonnic - (San Antonio, TX) - Landera",
52620-000,52620-000     Carpet Cleaning,rm,2,"Yonnic - (San Antonio, TX) - Landera",
5265,5265 Contract - Pool/Spa,cs,2,"Bryce - (San Antonio, TX) - Reserve at Lone Oak",
5265-0000,5265-0000 - Mailbox Repairs,rm,5,"Yonnic - (Austin, TX) - Alma North Plaza",
52650-000,52650-000     Housekeeper / Cleaning Service,rm,2,"Yonnic - (San Antonio, TX) - Landera",
52660-000,52660-000     Paint Contractor,rm,2,"Yonnic - (San Antonio, TX) - Landera",
52670-000,52670-000     Painting Supplies,rm,2,"Yonnic - (San Antonio, TX) - Landera",
527.00,527.00 Third-Party Providers,pr,2,"Jon - (Dallas, TX) - Iris Memory Care of Turtle Creek",
5270,5270 Carpet Cleaning,rm,2,"Greg - (Houston, TX) - Hidden Park",
5270,5270 Make Ready Labor,rm,2,"Jackson - (College Station, TX) - Anderson Point",
5270,5270 Pest Control,cs,5,"Dylan - (Fort Worth, TX) - Woods of Eastchase",
52700,52700 Plumbing Supplies,rm,2,"David - (Waco, TX) - Eleven06 on 35",
5271,5271 Bed Bug Abatement,cs,3,"Bryce - (Mineral Wells, TX) - The Dalton",
5275,5275 Contract - Fire / Safety,cs,2,"Bryce - (San Antonio, TX) - Reserve at Lone Oak",
5275,5275 Paint & Paintine Materials,rm,2,"Jackson - (College Station, TX) - Anderson Point",
5275,5275 Plumbing - Contract,cs,4,"Dylan - (Fort Worth, TX) - Woods of Eastchase",
5275,5275 Plumbing Contractor,cs,1,"Jon - (Sherman, TX) - Northridge Villas",
52760,52760 Pet Fees,oi,2,"Yonnic - (Lubbock, TX) - Estrada South II",
52770,52770 Pet Rent,oi,2,"Yonnic - (Lubbock, TX) - Estrada South II",
5280,5280 Housekeeping,cs,3,"Greg - (Houston, TX) - Encanto","recoded from 'rm' (standardized to majority ({'cs': 8, 'rm': 7}))"
5280,5280 Plumbing & Plumbing Fixtures,rm,2,"Jackson - (College Station, TX) - Anderson Point",
5280,5280 Pool Service,cs,2,"Bryce - (Mineral Wells, TX) - The Dalton",
52800,52800 Plumbing - Contract,cs,2,"David - (Waco, TX) - Eleven06 on 35","recoded from 'rm' (standardized to majority ({'cs': 49, 'rm': 2}))"
5280000,5280000   Payroll Taxes,pr,15,0e66e893-T12__Property_Name__Month_Year__Processor.xlsx,
5280100,5280100   Workers Compensation,pr,13,0e66e893-T12__Property_Name__Month_Year__Processor.xlsx,
5280300,5280300  Group Insurance,pr,12,"Chris - (Alvin, TX) - Hillcrest Village",
5280400,5280400 401 K Match,pr,4,"Chris - (Alvin, TX) - Morgan Oaks",
5280400,5280400 401k Match,pr,4,"Chris - (Alvin, TX) - Hillcrest Village",
5280500,5280500  Employee Rent,pr,2,"Chris - (Houston, TX) - Harpers Mill Apartments",
5281-0000,5281-0000 Golf Cart Repairs,rm,2,"Yonnic - (Austin, TX) - Alma North Plaza",
5285,5285 Cleaning Supplies,rm,5,"Greg - (Houston, TX) - Hidden Park",
5285,5285 Monthly Courtesy Patrol,cs,2,"Jon - (San Antonio, TX) - Salado Creek Villas",
52860-000,52860-000     Pool Supplies / Maint,rm,2,"Yonnic - (San Antonio, TX) - Landera",
529.00,529.00 Employee Recruitment/Background Checks,pr,2,"Jon - (Dallas, TX) - Iris Memory Care of Turtle Creek",
5290,5290 Repair Supplies,rm,2,"Jackson - (College Station, TX) - Anderson Point",
52900,52900 Pool Supplies & Upkeep,rm,2,"David - (Waco, TX) - Eleven06 on 35",
5293,5293 Wall & Ceiling Repair,rm,2,"Jackson - (College Station, TX) - Anderson Point",
5295,5295 - Concessions,nr,4,"Dylan - (Houston, TX) - Brookfield",
5295,5295 - Miscellaneous Expense,ad,2,"Guillermo - (Lubbock, TX) - The Boulders at Lakeridge",
5295,5295 Windows & Glass,rm,2,"Jackson - (College Station, TX) - Anderson Point",
5295.1,5295.1 Dishwasher-Vacant,rm,2,"Dylan - (Arlington, TX) - Sweet Redemption",
5297,5297 - Write-Offs / Bad Debt Expense,bd,4,"Dylan - (Houston, TX) - Brookfield",
5298,5298 Counter Top/Tub/Surround Resurfacing,cs,1,"Jon - (Sherman, TX) - Northridge Villas",
5299,5299 Contract - Other Contract Services,cs,2,"Bryce - (San Antonio, TX) - Reserve at Lone Oak",
530.00,530.00 Employee Training,ad,2,"Jon - (Dallas, TX) - Iris Memory Care of Turtle Creek","recoded from 'pr' (standardized to majority ({'ad': 9, 'pr': 2}))"
5300,5300   LANDSCAPING,cs,4,"Dylan - (Temple, TX) - Chappell Hill & Park at Chappell Hill",1xrm
5300,5300 Management Fees Expense,mf,2,"Emilio  - (Fort Worth, TX) - Leuda-May Apartments",
5300,5300 - Office Supplies/Forms,ad,2,"Jon - (Waco, TX) - Red Oak Townhomes",
5300-000,5300-000 Turnover - Carpet Cleaning,rm,2,"Danny - (Tulsa, OK) - Metro Plex",
5300-001,5300-001 - R&M - Electrical,rm,4,"Dylan - (Fort Worth, TX) - Trail Lakes",
5300-002,5300-002 - R&M - Hvac,rm,4,"Dylan - (Fort Worth, TX) - Trail Lakes",
5300-003,5300-003 - R&M - Plumbing,rm,4,"Dylan - (Fort Worth, TX) - Trail Lakes",
5300-004,5300-004 - R&M - Walls & Windows,rm,4,"Dylan - (Fort Worth, TX) - Trail Lakes",
5300-005,5300-005 - R&M - Appliances,rm,4,"Dylan - (Fort Worth, TX) - Trail Lakes",
5300-006,5300-006 - R&M - Exterior,rm,4,"Dylan - (Fort Worth, TX) - Trail Lakes",
5300-007,5300-007 - R&M - Pool,rm,2,"Chris - (Hurst, TX) - Arbor Park",
5300-008,5300-008 - R&M - Doors / Trim / Interior Wood,rm,4,"Dylan - (Fort Worth, TX) - Trail Lakes",
5300-009,5300-009 - R&M - Fencing / Gates,rm,2,"Dylan - (Fort Worth, TX) - Trail Lakes",
5300-010,5300-010 - R&M - Keys & Locks,rm,4,"Dylan - (Fort Worth, TX) - Trail Lakes",
5300-011,"5300-011 - R&M - Miscellaneous Tools, Supplies & Hardware",rm,4,"Dylan - (Fort Worth, TX) - Trail Lakes",
5300-013,5300-013 - Landscaping,cs,4,"Dylan - (Fort Worth, TX) - Trail Lakes",
5300-014,5300-014 - Pest Control,cs,4,"Dylan - (Fort Worth, TX) - Trail Lakes",
5300-016,5300-016 - Common Area Cleaning,rm,4,"Dylan - (Fort Worth, TX) - Trail Lakes",
5300-019,5300-019 - Bulk Trash Removal,tr,2,"Chris - (Hurst, TX) - Arbor Park",
5300-024,5300-024 - Controlled Access Gates / Keys,cs,2,"Dylan - (Fort Worth, TX) - Trail Lakes",
5300.001,5300.001 Make Ready Expen,rm,2,"Guillermo - (Hurst, TX) - Point on Calloway",
53000,53000 · Internet,ad,2,"Dylan - (College Station, TX)  - Quarters on Luther",
53001,53001 LIGHT BULBS/F,rm,2,"Danny - (Tulsa, OK) - Waterford",
53002,53002 SMOKE DETEC,rm,2,"Danny - (Tulsa, OK) - Waterford",
53003,53003 CARPET CLEAN,rm,2,"Danny - (Tulsa, OK) - Waterford",
53006,53006 PAINTER - STA,rm,2,"Danny - (Tulsa, OK) - Waterford",
53007,53007 PAINTING - SUP,rm,2,"Danny - (Tulsa, OK) - Waterford",
53008,53008 PAINTING - CO,rm,2,"Danny - (Tulsa, OK) - Waterford",
53009,53009 HOUSEKEEPER,pr,2,"Danny - (Tulsa, OK) - Waterford","recoded from 'rm' (standardized to majority ({'pr': 2, 'rm': 2}))"
5301,5301 Electric - Resident,e,2,"Emilio - (Dallas, TX) - The Newport",
5301,5301 - Electricity - Property,e,2,"Bryce - (Addison, TX) - Jade Addison",
5301,5301 Field & Grounds,rm,2,"Bryce - (OKC, OK) - 717 Ventura South",
5301,5301 Field & Grounds - General Supplies,rm,2,"Bryce - (OKC, OK) - 5560 Medical",
5301,5301 Management Fee Expense,mf,4,"Emilio - (Garland, TX) - The Retreat at Faulkner Point",
5301,5301 - Telephone,ad,2,"Jon - (Waco, TX) - Red Oak Townhomes",
5301,5301 Utility - Electricity - Common Area,e,2,"Bryce - (San Antonio, TX) - Reserve at Lone Oak",
5301-000,5301-000 Turnover - Interior Painting,rm,2,"Danny - (Tulsa, OK) - Metro Plex",
5301.001,5301.001 Appliances,rm,2,"Guillermo - (Hurst, TX) - Point on Calloway",
53010,53010 CLEANING - SU,rm,2,"Danny - (Tulsa, OK) - Waterford",
53011,53011 CLEANING - CO,rm,2,"Danny - (Tulsa, OK) - Waterford",
53013,53013 CEILING FANS,rm,2,"Danny - (Tulsa, OK) - Waterford",
53014,53014 ELECTRICAL,rm,2,"Danny - (Tulsa, OK) - Waterford",
53015,53015 LOCKS & KEYS,rm,2,"Danny - (Tulsa, OK) - Waterford",
53016,53016 MINI BLINDS,rm,2,"Danny - (Tulsa, OK) - Waterford",
53017,53017 GLASS & SCRE,rm,2,"Danny - (Tulsa, OK) - Waterford",
53018,53018 APARTMENT M,rm,2,"Danny - (Tulsa, OK) - Waterford",
5302,5302 - Answering Service/Pagers,ad,2,"Jon - (Waco, TX) - Red Oak Townhomes",
5302,5302 - Electricity - Vacant And Model,e,2,"Bryce - (Addison, TX) - Jade Addison",
5302,5302 Management Bonus/Commission,mf,4,"Emilio - (Garland, TX) - The Retreat at Faulkner Point",
5302,5302 Utility - Water / Sewer,w,2,"Bryce - (San Antonio, TX) - Reserve at Lone Oak",
5302,"5302 Windows, Doors & Screen",rm,2,"Bryce - (OKC, OK) - 717 Ventura South",
5302,"5302 Windows, Doors & Screen Repair",rm,2,"Bryce - (OKC, OK) - 5560 Medical",
5302-000,5302-000 Turnover - Other Costs,rm,2,"Danny - (Tulsa, OK) - Metro Plex",
5302.001,5302.001 Painting,rm,2,"Guillermo - (Hurst, TX) - Point on Calloway",
5302.001,5302.001 Painting - Other,rm,2,"Guillermo - (Hurst, TX) - Point on Calloway",
5302.005,5302.005 Paint Supplies,rm,4,"Yonnic - (Dallas, TX) - Casa de Arroyo",
53020,53020 Vendor Cleaning,rm,2,"Paul - (Fort Worth, TX) - Rio Apartments",
5303,5303 Common Area Carpet,rm,2,"Bryce - (OKC, OK) - 717 Ventura South",
5303,5303 Electric - Vacant,e,3,"Yonnic - (San Antonio, TX) - The Kelly Apartments",
5303,5303 - Gas,o,2,"Bryce - (Addison, TX) - Jade Addison",
5303,5303 Management Fees - Retained App/Admin Fee,mf,2,"Emilio  - (Fort Worth, TX) - Leuda-May Apartments",
5303,5303 - Postage/Delivery,ad,2,"Jon - (Waco, TX) - Red Oak Townhomes",
5303,5303 Utility - Water Irrigation,w,2,"Bryce - (San Antonio, TX) - Reserve at Lone Oak",
5303-000,5303-000 Turnover - Window Coverings,rm,2,"Danny - (Tulsa, OK) - Metro Plex",
5304,5304 - Dues & Subscriptions,ad,2,"Jon - (Waco, TX) - Red Oak Townhomes",
5304,5304 - Storm Drains,w,2,"Bryce - (Addison, TX) - Jade Addison",
5304,5304 Utility - Gas - Common Area,o,2,"Bryce - (San Antonio, TX) - Reserve at Lone Oak",
5304-000,5304-000 Turnover - Glazing/Resurfacing,rm,2,"Danny - (Tulsa, OK) - Metro Plex",
5304.001,5304.001 Cleaning Expens,rm,2,"Guillermo - (Hurst, TX) - Point on Calloway",
5304.001,5304.001 Cleaning Expense - Other,rm,2,"Yonnic - (Dallas, TX) - Casa de Arroyo",
5304.002,5304.002 Contract Cleani,rm,2,"Guillermo - (Hurst, TX) - Point on Calloway",
5304.002,5304.002 Contract Cleaning,rm,2,"Yonnic - (Dallas, TX) - Casa de Arroyo",
5304.003,5304.003 Cleaning Suppli,rm,2,"Guillermo - (Hurst, TX) - Point on Calloway",
5304.003,5304.003 Cleaning Supplies,rm,2,"Yonnic - (Dallas, TX) - Casa de Arroyo",
5304.004,5304.004 Make Ready Cleanning,rm,2,"Yonnic - (Dallas, TX) - Casa de Arroyo",
5305,5305 - Advertising,m,2,"Guillermo - (Lubbock, TX) - The Boulders at Lakeridge",
5305,5305 Electric - Common,e,5,"Yonnic - (San Antonio, TX) - The Kelly Apartments",
5305,5305 General Supplies,rm,2,"Jackson - (College Station, TX) - Anderson Point",
5305,5305 - Permits/Licenses,ad,2,"Jon - (Waco, TX) - Red Oak Townhomes",
5305,5305  T/C Painting Supplies,rm,2,"Jon - (San Antonio, TX) - Salado Creek Villas",
5305,5305 Utility - Electric - Vacants,e,2,"Bryce - (San Antonio, TX) - Reserve at Lone Oak",
5305,5305 - Water,w,2,"Bryce - (Addison, TX) - Jade Addison",
5305-000,5305-000 Turnover - Flooring,rm,2,"Danny - (Tulsa, OK) - Metro Plex",
5305-0000,5305-0000 Landscape Services,cs,5,"Yonnic - (Austin, TX) - Alma North Plaza",
53050,53050 Unit Turn Paint Supplies,rm,2,"Paul - (Fort Worth, TX) - Rio Apartments",
5306,5306 - Seminars/Training,ad,2,"Jon - (Waco, TX) - Red Oak Townhomes",
5306,5306 T/C Blinds,rm,2,"Jon - (San Antonio, TX) - Salado Creek Villas",
5306.0001,5306.0001 - Water - Irrigation,w,2,"Bryce - (Addison, TX) - Jade Addison",
5306.002,5306.002 Mini Blinds,rm,2,"Yonnic - (Dallas, TX) - Casa de Arroyo",
53060,53060 Carpet Repairs & Cleaning,rm,2,"Paul - (Fort Worth, TX) - Rio Apartments",
5307,5307 - Office Equipment R & M,ad,2,"Jon - (Waco, TX) - Red Oak Townhomes",
5307,5307 Plumbing Supplies,rm,4,"Bryce - (OKC, OK) - 717 Ventura South",
5307,5307 - Sewer,w,2,"Bryce - (Addison, TX) - Jade Addison",
5307,5307 Utility - Electric - Occupied Unit,e,2,"Bryce - (San Antonio, TX) - Reserve at Lone Oak",
53070,53070 Discount for Referral,nr,2,"Yonnic - (Lubbock, TX) - Estrada South II",
53070,53070 Vinyl/Flooring Repairs,rm,2,"Paul - (Fort Worth, TX) - Rio Apartments",
53072,53072 - Corned Redecoratirg - Clean,cs,2,"Danny - (Dallas, TX) - Magnolia on Gaston",
5308,5308 - Computer Repairs/Supplies,ad,2,"Jon - (Waco, TX) - Red Oak Townhomes",
5308,5308 Plumbing Repairs,rm,4,"Bryce - (OKC, OK) - 717 Ventura South",
5308,5308 Utility - Sub-metering/ Third Party,o,2,"Bryce - (San Antonio, TX) - Reserve at Lone Oak",
53085-000,53085-000     Intrusion Alarm Contract,cs,2,"Yonnic - (San Antonio, TX) - Landera",
5309,5309 Electrical Supplies,rm,4,"Bryce - (OKC, OK) - 717 Ventura South",
5309,5309 - Garbage And Trash Removal,tr,2,"Bryce - (Addison, TX) - Jade Addison",
5309,5309 Gas - Common,o,2,"Emilio - (Dallas, TX) - The Newport",
5309.002,5309.002 Carpet Cleaning,rm,4,"Yonnic - (Dallas, TX) - Casa de Arroyo",
5309.004,5309.004 Carpet Replacement,rm,2,"Yonnic - (Dallas, TX) - Casa de Arroyo",
53090-000,53090-000     Janitorial Contract,cs,2,"Yonnic - (San Antonio, TX) - Landera",
5310,5310 - Decorations,m,2,"Jon - (Waco, TX) - Red Oak Townhomes","recoded from 'ad' (standardized to majority ({'m': 2, 'ad': 2}))"
5310,5310 Electric Expense (Property),e,2,"Dylan - (Arlington, TX) - Sweet Redemption",
5310,5310 Electric - House,e,5,"Dylan - (Fort Worth, TX) - Woods of Eastchase",
5310,5310 Electrical Repairs,rm,4,"Bryce - (OKC, OK) - 717 Ventura South",
5310,5310 Managers Salary,pr,6,"Yonnic - (Houston, TX) - Fall Lakes",
5310,5310 - Referral Fees,m,2,"Guillermo - (Lubbock, TX) - The Boulders at Lakeridge",
5310,5310 T/C Plumbing Supplies,rm,2,"Jon - (San Antonio, TX) - Salado Creek Villas",
5310,5310 - Utility Billing Fee,o,2,"Bryce - (Addison, TX) - Jade Addison",
5310,5310 Utility - Trash Removal,tr,2,"Bryce - (San Antonio, TX) - Reserve at Lone Oak",
5310-0000,5310-0000 Pest Control Contract,cs,5,"Yonnic - (Austin, TX) - Alma North Plaza",
5310-001,5310-001 - Make Ready - Painting,rm,4,"Dylan - (Fort Worth, TX) - Trail Lakes",
5310-002,5310-002 - Make Ready - Cleaning,rm,4,"Dylan - (Fort Worth, TX) - Trail Lakes",
5310-003,5310-003 - Make Ready - Carpet Cleaning,rm,4,"Dylan - (Fort Worth, TX) - Trail Lakes",
5310-005,5310-005 - Make Ready - Lighting Fixtures,rm,2,"Chris - (Hurst, TX) - Arbor Park",
5310-006,5310-006 - Make Ready - Plumbing Fixtures,rm,4,"Dylan - (Fort Worth, TX) - Trail Lakes",
5310-008,5310-008 - Make Ready - Drapes / Blinds,rm,2,"Dylan - (Fort Worth, TX) - Trail Lakes",
5310-009,5310-009 - Make Ready - Hardware,rm,4,"Dylan - (Fort Worth, TX) - Trail Lakes",
5310-010,5310-010 - Make Ready - Drywall Repairs,rm,2,"Dylan - (Fort Worth, TX) - Trail Lakes",
5310-011,5310-011 - Make Ready - Doors / Trim / Interior Wood,rm,4,"Dylan - (Fort Worth, TX) - Trail Lakes",
5310.000,5310.000 MANAGEMENT-FEES,mf,2,"Greg- (Arlington, TX) - Pine Ridge Apartments",recoded from 'ad' (house rule: management fees always mf)
5310.001,5310.001 Miscellaneous Mak,rm,2,"Guillermo - (Hurst, TX) - Point on Calloway",
5310.001,5310.001 Miscellaneous Make Ready,rm,2,"Yonnic - (Dallas, TX) - Casa de Arroyo",
53100,53100 Staff Discounts,nr,2,"Yonnic - (Lubbock, TX) - Estrada South II",
53100,53100 · Website Maintenance,ad,2,"Dylan - (College Station, TX)  - Quarters on Luther",
53100-000,53100-000     Landscape - Seasonal Contract,cs,2,"Yonnic - (San Antonio, TX) - Landera",
53105-000,53105-000     Landscape Maintenance Contract,cs,2,"Yonnic - (San Antonio, TX) - Landera",
5311,5311 - Evictions,ad,2,"Jon - (Waco, TX) - Red Oak Townhomes",
5311,5311 R&M Bldg-Appliances,rm,2,"Bryce - (DeSoto, TX) - Wooded Creek Apartments",
5312,5312 Electric Expense (Office),e,2,"Dylan - (Arlington, TX) - Sweet Redemption",
5312,5312 Maintenance Paint,rm,4,"Bryce - (OKC, OK) - 717 Ventura South",
5312,5312 R&M Bldg-Doors/Windows/Garage Doors,rm,2,"Bryce - (DeSoto, TX) - Wooded Creek Apartments",
5312.0001,5312.0001 - Audit Expense,ad,2,"Jon - (Waco, TX) - Red Oak Townhomes",
5313,5313 - Bank Charges,ad,2,"Jon - (Waco, TX) - Red Oak Townhomes",
5313,5313 Lighting Fixtures & Bulbs,rm,4,"Bryce - (OKC, OK) - 717 Ventura South",
5313,5313 R&M Carpentry,rm,2,"Bryce - (DeSoto, TX) - Wooded Creek Apartments",
5313,5313 Water,w,5,"Yonnic - (San Antonio, TX) - The Kelly Apartments",
5314,5314 Hvac Supplies,rm,4,"Bryce - (OKC, OK) - 717 Ventura South",
5314,5314 R&M Bldg-Electrical,rm,2,"Bryce - (DeSoto, TX) - Wooded Creek Apartments",
5314,5314 Water Recovery,rw,2,"Dylan - (Arlington, TX ) - Tristar Apartments",
53140-000,53140-000     Pest Control Contract,cs,2,"Yonnic - (San Antonio, TX) - Landera",
5315,5315 - Compliance Fees,ad,2,"Jon - (Waco, TX) - Red Oak Townhomes",
5315,5315 Electric - Vacant,e,5,"Dylan - (Fort Worth, TX) - Woods of Eastchase",
5315,5315 Hvac Repair,rm,4,"Bryce - (OKC, OK) - 717 Ventura South",
5315,5315 R&M Bldg-Common Area Expense,rm,2,"Bryce - (DeSoto, TX) - Wooded Creek Apartments",
5315,5315 Sewer,w,3,"Yonnic - (San Antonio, TX) - The Kelly Apartments",
5315,5315 T/C Flooring Repairs,rm,2,"Jon - (San Antonio, TX) - Salado Creek Villas",
5315-0000,5315-0000 Pool Maintenance,rm,3,"Guillermo - (Fort Worth, TX) - The Flats at Brentwood","recoded from 'cs' (standardized to majority ({'rm': 15, 'cs': 8}))"
5316,5316 Lock & Key,rm,4,"Bryce - (OKC, OK) - 717 Ventura South",
5316,5316 - Miscellaneous,ad,2,"Jon - (Waco, TX) - Red Oak Townhomes",
5316,5316 R&M Bldg-Wet Vacs / Relays,rm,2,"Bryce - (DeSoto, TX) - Wooded Creek Apartments",
5317,5317 Maintenance Supplies Misc,rm,4,"Bryce - (OKC, OK) - 717 Ventura South",
5318,5318 R&M Bldg-Fire Safety,rm,2,"Bryce - (DeSoto, TX) - Wooded Creek Apartments",
5318,5318 Small Tools & Supplies,rm,4,"Bryce - (OKC, OK) - 717 Ventura South",
5318,5318 T/C Carpet Cleaning,rm,2,"Jon - (San Antonio, TX) - Salado Creek Villas",
53180,53180 - Misc. Errwnert & &Apples,rm,2,"Danny - (Dallas, TX) - Magnolia on Gaston",
53180-000,53180-000     Trash Removal Contract,tr,2,"Yonnic - (San Antonio, TX) - Landera",
5319,5319 Maintenance Uniforms,ad,2,"Bryce - (DeSoto, TX) - Wooded Creek Apartments",recoded from 'rm' (house rule: uniforms -> ad)
5319,5319 Pool Supplies,rm,4,"Bryce - (OKC, OK) - 717 Ventura South",
5320,5320   APPLIANCE REPAIR,rm,4,"Dylan - (Temple, TX) - Chappell Hill & Park at Chappell Hill",
5320,5320 Boiler Repair,rm,4,"Bryce - (OKC, OK) - 717 Ventura South",
5320,5320 Gas - House,o,3,"Bryce - (Mineral Wells, TX) - The Dalton",
5320,5320 Leasing Agents W,pr,2,"Yonnic - (Houston, TX) - Fall Lakes",
5320,5320 Leasing Agents Wages,pr,2,"Guillermo - (Dallas, TX) - Casa Bonita",
5320,5320 R&M Bldg-HVAC,rm,2,"Bryce - (DeSoto, TX) - Wooded Creek Apartments",
5320,5320 - Resident Rentention Expense,m,2,"Guillermo - (Lubbock, TX) - The Boulders at Lakeridge",
5320-0000,5320-0000 Security Devices/Fire Alarm Contract,cs,5,"Yonnic - (Austin, TX) - Alma North Plaza",
5320.000,5320.000 LEGAL SERVICES,ad,2,"Greg- (Arlington, TX) - Pine Ridge Apartments",
5322,5322 Appliance Repair / Spare Parts,rm,4,"Bryce - (OKC, OK) - 717 Ventura South",
5323,5323 Bath Parts Replacements,rm,4,"Bryce - (OKC, OK) - 717 Ventura South",
5323,5323 - Credit Reporting,ad,2,"Jon - (Waco, TX) - Red Oak Townhomes",
5323,5323 R&M Bldg-Plumbing Supplies,rm,2,"Bryce - (DeSoto, TX) - Wooded Creek Apartments",
53230,53230 - Pest Contrl,rm,2,"Danny - (Dallas, TX) - Magnolia on Gaston",
5324,5324 R&M Bldg-Roof,rm,2,"Bryce - (DeSoto, TX) - Wooded Creek Apartments",
5325,5325 Cabinet And Countertop Repair,rm,4,"Bryce - (OKC, OK) - 717 Ventura South",
5325,5325 Contract Labor-Of,pr,2,"Yonnic - (Houston, TX) - Fall Lakes",
5325,5325 R&M Bldg-Security Equipment,rm,2,"Bryce - (DeSoto, TX) - Wooded Creek Apartments",
5325,5325 T/C Drywall,rm,2,"Jon - (San Antonio, TX) - Salado Creek Villas",
5326,5326 Pool Repair,rm,4,"Bryce - (OKC, OK) - 717 Ventura South",
5326,5326 R&M Bldg-Supplies Interior,rm,2,"Bryce - (DeSoto, TX) - Wooded Creek Apartments",
5326-0000,5326-0000 Contract Labor - Level 1,cs,5,"Yonnic - (Austin, TX) - Alma North Plaza",
5327,5327 Hardware Items,rm,4,"Bryce - (OKC, OK) - 717 Ventura South",
5327,5327 R&M Bldg-Supplies Exterior,rm,2,"Bryce - (DeSoto, TX) - Wooded Creek Apartments",
5328,5328 R&M Bldg-Other,rm,2,"Bryce - (DeSoto, TX) - Wooded Creek Apartments",
5328,5328 T/C Counter & Tub Resurfacing,rm,2,"Jon - (San Antonio, TX) - Salado Creek Villas",
5329,5329 R&M-,rm,2,"Bryce - (DeSoto, TX) - Wooded Creek Apartments",
5329,5329 Water Extraction,rm,4,"Bryce - (OKC, OK) - 717 Ventura South",
5330,5330 Cleaning Supplies,rm,4,"Bryce - (OKC, OK) - 717 Ventura South",
5330,5330 Fence & Gate Repair,rm,2,"Jackson - (College Station, TX) - Anderson Point",
5330,5330 Maintenance Mileage,rm,2,"Bryce - (DeSoto, TX) - Wooded Creek Apartments",
5330,5330 Maintenance Sup,pr,4,"Yonnic - (Houston, TX) - Fall Lakes",
5330,5330 Maintenance Supervisors Salary,pr,2,"Guillermo - (Dallas, TX) - Casa Bonita",
5330,5330 T/C Appliance Parts & Repairs,rm,2,"Jon - (San Antonio, TX) - Salado Creek Villas",
5330,5330 Water,w,5,"Dylan - (Fort Worth, TX) - Woods of Eastchase",
5330,5330 Water Expense,w,2,"Dylan - (Arlington, TX) - Sweet Redemption",
5330-0000,5330-0000 Contract Labor - Grounds Cleaning,cs,3,"Guillermo - (Fort Worth, TX) - The Flats at Brentwood",
5330.000,5330.000 PROFESSIONAL SERVICES CONSULTANTS,ad,2,"Greg- (Arlington, TX) - Pine Ridge Apartments",
5331,5331 Vinyl/Flooring Repairs,rm,4,"Bryce - (OKC, OK) - 717 Ventura South",
5332,5332 Office / Club / Equipment,rm,4,"Bryce - (OKC, OK) - 717 Ventura South",
5333,5333 R&M Grounds-Parking Sweeping,rm,2,"Bryce - (DeSoto, TX) - Wooded Creek Apartments",
5334,5334 R&M Grounds-Seasonal Planting & Maintenance,rm,2,"Bryce - (DeSoto, TX) - Wooded Creek Apartments",
5337,5337 R&M Grounds-Supplies,rm,2,"Bryce - (DeSoto, TX) - Wooded Creek Apartments",
5337,5337  T/C Light Fixtures & Ceiling Fans,rm,2,"Jon - (San Antonio, TX) - Salado Creek Villas",
5338,5338 R&M Grounds-Other,rm,2,"Bryce - (DeSoto, TX) - Wooded Creek Apartments",
5340,5340 T/C Make Ready,rm,2,"Jon - (San Antonio, TX) - Salado Creek Villas",
5340,5340 - Tenant Services,m,2,"Guillermo - (Lubbock, TX) - The Boulders at Lakeridge",
5340.000,5340.000 COURT COST,ad,2,"Greg- (Arlington, TX) - Pine Ridge Apartments",
5341,5341 R&M Pool-Contract,rm,2,"Bryce - (DeSoto, TX) - Wooded Creek Apartments",
53415,53415 - Urifomo,ad,2,"Danny - (Dallas, TX) - Magnolia on Gaston",
5343,5343 R&M Pool-Repairs,rm,2,"Bryce - (DeSoto, TX) - Wooded Creek Apartments",
5345,5345 R&M Pool-Supplies,rm,2,"Bryce - (DeSoto, TX) - Wooded Creek Apartments",
5345,5345 T/C Trash Outs,rm,2,"Jon - (San Antonio, TX) - Salado Creek Villas",
5346,5346 R&M Pool -Tools & Equipment,rm,2,"Bryce - (DeSoto, TX) - Wooded Creek Apartments",
5347,5347 R&M Pool Phone & Other,ad,2,"Bryce - (DeSoto, TX) - Wooded Creek Apartments",recoded from 'rm' (house rule: telephone/answering -> ad)
5350,5350 Housekeeper Wa,pr,2,"Yonnic - (Houston, TX) - Fall Lakes",
5350,5350   PLUMBING,rm,4,"Dylan - (Temple, TX) - Chappell Hill & Park at Chappell Hill",
5350,5350  T/C Cleaning Supplies,rm,2,"Jon - (San Antonio, TX) - Salado Creek Villas",
5350,5350 Trash Expense,tr,2,"Dylan - (Arlington, TX) - Sweet Redemption",
5350,5350 Trash Removal,tr,5,"Dylan - (Fort Worth, TX) - Woods of Eastchase",
5350.000,5350.000 ACCOUNTING SERVICES,ad,2,"Greg- (Arlington, TX) - Pine Ridge Apartments",
53500,53500 Miscellaneous Interior,rm,2,"David - (Waco, TX) - Eleven06 on 35",
53503,53503 Kitchen Bathroom Fixtures,rm,2,"David - (Waco, TX) - Eleven06 on 35",
5351-0000,5351-0000 Make Ready: Blinds/Drapes,rm,5,"Yonnic - (Austin, TX) - Alma North Plaza",
53510,53510 Drywall,rm,2,"David - (Waco, TX) - Eleven06 on 35",
53515,53515 Materials,rm,2,"David - (Waco, TX) - Eleven06 on 35",
53516,53516 Maintenance Fee,rm,2,"David - (Waco, TX) - Eleven06 on 35",
5352,5352 - Pest Control,cs,2,"Bryce - (Addison, TX) - Jade Addison",
5352,5352 R&M Other-Parking Lot Striping,rm,2,"Bryce - (DeSoto, TX) - Wooded Creek Apartments",
5352-0000,5352-0000 Make Ready: Carpet Cleaning,rm,5,"Yonnic - (Austin, TX) - Alma North Plaza",
53528,53528 Key Track,rm,2,"David - (Waco, TX) - Eleven06 on 35",
5353,5353 - Courtesy Patrol & Alarm Services,cs,2,"Bryce - (Addison, TX) - Jade Addison",
5353-0000,5353-0000 Make Ready: Cleaning Services & Supplies,rm,5,"Yonnic - (Austin, TX) - Alma North Plaza",
5354,5354 R&M Other-Gate Maintenance,rm,2,"Bryce - (DeSoto, TX) - Wooded Creek Apartments",
53546,53546 Electrical Parts & Supplies,rm,2,"David - (Waco, TX) - Eleven06 on 35",
53547,53547 Pool Phone,ad,2,"David - (Waco, TX) - Eleven06 on 35",recoded from 'rm' (house rule: telephone/answering -> ad)
5355,"5355 T/C Doors, Cabinets & Related Hardware Repairs",rm,2,"Jon - (San Antonio, TX) - Salado Creek Villas",
5355-0000,5355-0000 Make Ready: Drywall Repairs,rm,5,"Yonnic - (Austin, TX) - Alma North Plaza",
53563,53563 Key and Lock Repairs,rm,2,"David - (Waco, TX) - Eleven06 on 35",
53567,53567 Hardware - Misc,rm,2,"David - (Waco, TX) - Eleven06 on 35",
53569,53569 HVAC Parts & Supplies,rm,2,"David - (Waco, TX) - Eleven06 on 35",
5357,5357 - Grounds Maintenance Contract,cs,2,"Bryce - (Addison, TX) - Jade Addison",
5357,5357 R&M Other-Other,rm,2,"Bryce - (DeSoto, TX) - Wooded Creek Apartments",
53570,53570 Light Bulbs & Fixture Repairs,rm,2,"David - (Waco, TX) - Eleven06 on 35",
53571,"53571 Locks, Keys & Security",rm,2,"David - (Waco, TX) - Eleven06 on 35",
53573,53573 Maint. Tools & Supplies,rm,2,"David - (Waco, TX) - Eleven06 on 35",
53574,53574 Pest Control - Supplies,rm,2,"David - (Waco, TX) - Eleven06 on 35",
53581,53581 Exterior Lighting,rm,2,"David - (Waco, TX) - Eleven06 on 35",
53584,53584 Water Extraction,rm,2,"David - (Waco, TX) - Eleven06 on 35",
53586,53586 Other Maint. & Repairs,rm,2,"David - (Waco, TX) - Eleven06 on 35",
5360,5360   ELECTRICAL,rm,4,"Dylan - (Temple, TX) - Chappell Hill & Park at Chappell Hill",
5360,5360 - Hvac Maintenance,cs,2,"Bryce - (Addison, TX) - Jade Addison",
5360,5360 Telephone,ad,5,"Dylan - (Fort Worth, TX) - Woods of Eastchase",recoded from 'o' (house rule: telephone/answering -> ad)
5360-0000,5360-0000 Make Ready: Miscellaneous Hardware,rm,5,"Yonnic - (Austin, TX) - Alma North Plaza",
53608,53608 Uniforms - Maintenance,ad,2,"David - (Waco, TX) - Eleven06 on 35",recoded from 'rm' (house rule: uniforms -> ad)
5361,5361 - Pest Control - Other,cs,2,"Bryce - (Addison, TX) - Jade Addison",
5361-0000,5361-0000 Make Ready: Painting Services,rm,5,"Yonnic - (Austin, TX) - Alma North Plaza",
5362-0000,5362-0000 Make Ready: Painting Supplies,rm,5,"Yonnic - (Austin, TX) - Alma North Plaza",
5365,5365 Bonuses,pr,4,"Yonnic - (Houston, TX) - Fall Lakes",
5365,5365 Plumbing- Repairs & Labor,rm,2,"Jackson - (College Station, TX) - Anderson Point",
5367-0000,5367-0000 Make Ready: Resurfacing - Counters,rm,5,"Yonnic - (Austin, TX) - Alma North Plaza",
5368-0000,5368-0000 Make Ready: Resurfacing - Tubs/Showers,rm,5,"Yonnic - (Austin, TX) - Alma North Plaza",
5369-0000,5369-0000 Make Ready: Turn-key Contract,rm,5,"Yonnic - (Austin, TX) - Alma North Plaza",
5370,5370 Cable TV/Internet,o,5,"Dylan - (Fort Worth, TX) - Woods of Eastchase",
5370,5370   HVAC,rm,4,"Dylan - (Temple, TX) - Chappell Hill & Park at Chappell Hill",
5371-0000,5371-0000 Unit Occupied: Blinds/Drapes,rm,5,"Yonnic - (Austin, TX) - Alma North Plaza",
5375,5375 Pool Repairs & Supplies,rm,2,"Jackson - (College Station, TX) - Anderson Point",
5375-0000,5375-0000 Unit Occupied: Drywall Repairs,rm,5,"Yonnic - (Austin, TX) - Alma North Plaza",
5380,5380   DRIVEWAYS,rm,4,"Dylan - (Temple, TX) - Chappell Hill & Park at Chappell Hill",
5380,5380 Insurance and Ot,i,4,"Yonnic - (Houston, TX) - Fall Lakes",recoded from 'pr' (property insurance -> i)
5380,5380 Insurance And Other Benefits,pr,2,"Guillermo - (Dallas, TX) - Casa Bonita",
5382-0000,5382-0000 Unit Occupied: Painting Supplies,rm,2,"Yonnic - (Austin, TX) - Alma North Plaza",
5385,5385 Payroll Taxes,pr,6,"Yonnic - (Houston, TX) - Fall Lakes",
5387-0000,5387-0000 Unit Occupied: Resurfacing - Counters,rm,3,"Guillermo - (Fort Worth, TX) - The Flats at Brentwood",
5388-0000,5388-0000 Unit Occupied: Resurfacing - Tubs/Showers,rm,5,"Yonnic - (Austin, TX) - Alma North Plaza",
5390,5390 Resident Utility Fee Reimbursement,oi,4,"Dylan - (Fort Worth, TX) - Woods of Eastchase",1xro
5390,5390   ROOF & GUTTER,rm,4,"Dylan - (Temple, TX) - Chappell Hill & Park at Chappell Hill",
5395,5395 - Marketing and Promotions,m,2,"Guillermo - (Lubbock, TX) - The Boulders at Lakeridge",
5395,5395 Utilities-Late Fees,o,2,"Bryce - (San Antonio, TX) - Reserve at Lone Oak",
5399,5399 Misc. Utilities,o,3,"Yonnic - (San Antonio, TX) - The Kelly Apartments",
540.00,540.00 Placement/Referral Fees,pr,2,"Jon - (Dallas, TX) - Iris Memory Care of Turtle Creek",
5400,5400 MAKE READY & TURN EXPENSE - Other,rm,2,"Emilio - (Garland, TX) - The Retreat at Faulkner Point",
5400,5400   POOL,rm,4,"Dylan - (Temple, TX) - Chappell Hill & Park at Chappell Hill",
5400,5400 Repairs and Maintenance,rm,2,"Jon - (San Antonio, TX) - Salado Creek Villas",
5400,5400 - Software Access Fees,m,2,"Jon - (Waco, TX) - Red Oak Townhomes",
5400-001,5400-001 - Electricity,e,4,"Dylan - (Fort Worth, TX) - Trail Lakes",
5400-002,5400-002 - Water,w,4,"Dylan - (Fort Worth, TX) - Trail Lakes",
5400-003,5400-003 - Trash Collection,tr,4,"Dylan - (Fort Worth, TX) - Trail Lakes",
5400-004,5400-004 - Valet Trash Services,tr,2,"Dylan - (Fort Worth, TX) - Trail Lakes",
5400-005,5400-005 - Natural Gas,o,2,"Chris - (Hurst, TX) - Arbor Park",
5400-006,5400-006 - Utility Billing Fees,o,4,"Dylan - (Fort Worth, TX) - Trail Lakes",
5400-007,5400-007 - Sewer,w,4,"Dylan - (Fort Worth, TX) - Trail Lakes",1xo
5400-008,5400-008 - Electricity - Vacant,e,2,"Dylan - (Fort Worth, TX) - Trail Lakes",
5400-0100,5400-0100 - Application Fees,oi,2,"Bryce - (Arlington, TX) - District on Collins",
5400-0200,5400-0200 - Administration Fees,oi,2,"Bryce - (Arlington, TX) - District on Collins",
5400-0250,5400-0250 - Supplemental Application Fee,oi,2,"Bryce - (Arlington, TX) - District on Collins",
5400-0400,5400-0400 - Cleaning Fees,oi,2,"Bryce - (Arlington, TX) - District on Collins",
5400-1000,5400-1000 - Lease Violation,oi,2,"Bryce - (Arlington, TX) - District on Collins",
5400-1100,5400-1100 - Legal Fees,oi,2,"Bryce - (Arlington, TX) - District on Collins",
5400-1200,5400-1200 - Month To Month Fees,oi,2,"Bryce - (Arlington, TX) - District on Collins",
5400-1300,5400-1300 - Nsf Fees,oi,2,"Bryce - (Arlington, TX) - District on Collins",
5400-1400,5400-1400 - Late Fee,oi,2,"Bryce - (Arlington, TX) - District on Collins",
5400-1500,5400-1500 - Pet Fee,oi,2,"Bryce - (Arlington, TX) - District on Collins",
5400-1800,5400-1800 - Water Reimbursement,rw,2,"Bryce - (Arlington, TX) - District on Collins",
5400-1900,5400-1900 - Gas Reimbursement,ro,2,"Bryce - (Arlington, TX) - District on Collins",
5400-2000,5400-2000 - Trash/Recycling Reimbursement,rt,2,"Bryce - (Arlington, TX) - District on Collins",
5400-2050,5400-2050 - Wifi/Internet Reimbursment,ro,2,"Bryce - (Arlington, TX) - District on Collins",
5400-2053,5400-2053 - Community Maintenance Fee,oi,2,"Bryce - (Arlington, TX) - District on Collins",
5400-2055,5400-2055 - Utility Admin Fee,oi,2,"Bryce - (Arlington, TX) - District on Collins",
5400-2056,5400-2056 - Vacant Electric Cost Fee,oi,2,"Bryce - (Arlington, TX) - District on Collins",
5400-2100,5400-2100 - Pest Control Reimbursement,ro,2,"Bryce - (Arlington, TX) - District on Collins","recoded from 'oi' (standardized to majority ({'ro': 38, 'oi': 4}))"
5400-2200,5400-2200 - Laundry Income,oi,2,"Bryce - (Arlington, TX) - District on Collins",
5400-2350,5400-2350 - Recovery From Bad Debt Write Off,oi,2,"Bryce - (Arlington, TX) - District on Collins",
5400-2502,5400-2502 - Bad Debt Expense,bd,2,"Bryce - (Arlington, TX) - District on Collins",
5400-2505,5400-2505 - Bad Debt (Non-Rent),oi,2,"Bryce - (Arlington, TX) - District on Collins",
5400-999,5400-999 Other Repairs & Maintenance,rm,2,"Danny - (Tulsa, OK) - Metro Plex",
5400.000,5400.000 OFFICE EXPENSE - Other,ad,2,"Greg- (Arlington, TX) - Pine Ridge Apartments",
5400.001,5400.001 Utility Expense - Other,e,3,"Jackson - (Balch Springs, TX) - Shepherd Lane Apartments",
54000,54000 MAINTENANCE -,pr,2,"Danny - (Tulsa, OK) - Waterford","recoded from 'rm' (standardized to majority ({'rm': 13, 'pr': 16}))"
5400100,5400100  Offce Supplies/General,ad,6,"Chris - (Baytown, TX) - Ranch at Rolling Brook",
5400100,5400100   Office Supplies/General,ad,5,0e66e893-T12__Property_Name__Month_Year__Processor.xlsx,
5400100,5400100 Ofice Supplies/General,ad,4,"Chris - (Alvin, TX) - Morgan Oaks",
5400200,5400200   Postage,ad,15,0e66e893-T12__Property_Name__Month_Year__Processor.xlsx,
5400300,5400300  Copier Supplies,ad,12,"Chris - (Alvin, TX) - Hillcrest Village",
5400400,5400400   Leasing Forms and Supplies,ad,8,"Chris - (Alvin, TX) - Oak Park Village",
5400500,5400500  Computer Supplies,ad,6,"Chris - (Baytown, TX) - Ranch at Rolling Brook",
54006,54006 PLUMBING CON,rm,2,"Danny - (Tulsa, OK) - Waterford",
54007,54007 PLUMBING SUP,rm,2,"Danny - (Tulsa, OK) - Waterford",
54008,54008 HEATING & AIR,rm,2,"Danny - (Tulsa, OK) - Waterford",
54009,54009 ELECTRICAL,rm,2,"Danny - (Tulsa, OK) - Waterford",
5400900,5400900   Auto and Travel,ad,13,0e66e893-T12__Property_Name__Month_Year__Processor.xlsx,
5401,5401 Gas & Propane,o,4,"David - (Grand Prairie, TX) - Serrano Creek",
5401,5401 - Janitorial And Cleaning Supplies And Services,rm,2,"Bryce - (Addison, TX) - Jade Addison",
5401,5401 Turn Make Ready Supplies,rm,2,"Emilio  - (Fort Worth, TX) - Leuda-May Apartments",
5401.00,5401.00 T/O - Make Ready,rm,2,"Emilio - (Dallas, TX) - The Apollo at Bishop Ridge",
5401.001,5401.001 Electricity,e,4,"Yonnic - (Dallas, TX) - Casa de Arroyo",
5401.001,5401.001 Electricity Main,e,3,"Jackson - (Balch Springs, TX) - Shepherd Lane Apartments",
5401.002,5401.002 Electricity-vacant,e,3,"Jackson - (Balch Springs, TX) - Shepherd Lane Apartments",
5401.003,5401.003 Electricity-common,e,3,"Jackson - (Balch Springs, TX) - Shepherd Lane Apartments",
54010,54010 CEILING FANS,rm,2,"Danny - (Tulsa, OK) - Waterford",
54010-000,54010-000     Search Engine Marketing Campaigns,m,2,"Yonnic - (San Antonio, TX) - Landera",
5401000,5401000   Dues and Subscription,ad,15,0e66e893-T12__Property_Name__Month_Year__Processor.xlsx,
54011,54011 ROOF,rm,2,"Danny - (Tulsa, OK) - Waterford",
5401100,5401100   Education Seminars,ad,6,"Chris - (Baytown, TX) - Ranch at Rolling Brook",
54012,54012 LANDSCAPING,cs,2,"Danny - (Tulsa, OK) - Waterford","recoded from 'rm' (standardized to majority ({'cs': 148, 'rm': 6}))"
54012,54012 Salaries - Property Manager,pr,2,"Paul - (Fort Worth, TX) - Rio Apartments",
54012-000,54012-000     Internet Listing Services (ILS),m,2,"Yonnic - (San Antonio, TX) - Landera",
5401200,5401200   Application Screening,ad,15,0e66e893-T12__Property_Name__Month_Year__Processor.xlsx,
54013,54013 Salaries - Assistant Manager,pr,2,"Paul - (Fort Worth, TX) - Rio Apartments",
54013,54013 WATER EXTRA,rm,2,"Danny - (Tulsa, OK) - Waterford",
54013-000,54013-000     Paid Email,m,2,"Yonnic - (San Antonio, TX) - Landera",
5401300,5401300   Legal and Professional,ad,15,0e66e893-T12__Property_Name__Month_Year__Processor.xlsx,
54014,54014 CARPET CLEAN,rm,2,"Danny - (Tulsa, OK) - Waterford",
54014,54014 Salaries - Leasing Agent,pr,2,"Paul - (Fort Worth, TX) - Rio Apartments",
5401400,5401400   Evictions,ad,13,0e66e893-T12__Property_Name__Month_Year__Processor.xlsx,
54015,54015 POOL,rm,2,"Danny - (Tulsa, OK) - Waterford",
5401500,5401500   Payroll Processing,ad,12,"Chris - (Alvin, TX) - Hillcrest Village",
54016,54016 APPLIANCE PA,rm,2,"Danny - (Tulsa, OK) - Waterford",
5401700,5401700   Computer Fees/Permits,ad,13,0e66e893-T12__Property_Name__Month_Year__Processor.xlsx,
5401790,5401790  Other feelpermits,ad,2,"Chris - (Sealy, TX) - Edgewood",
54018,54018 EXTERMINATIN,rm,2,"Danny - (Tulsa, OK) - Waterford",
54019,54019 TRAVEL - MAIN,rm,2,"Danny - (Tulsa, OK) - Waterford",
5401900,5401900   Bank Charges,ad,15,0e66e893-T12__Property_Name__Month_Year__Processor.xlsx,
5402,5402 - Electric - Common Bldg,e,2,"Dylan - (Houston, TX) - Northbrooke",
5402,5402 Professional Services,ad,2,"Bryce - (DeSoto, TX) - Wooded Creek Apartments",
5402,5402 Turn Contract Painting,rm,2,"Emilio - (Garland, TX) - The Retreat at Faulkner Point",
5402,5402 Turn Painting,rm,2,"Emilio  - (Fort Worth, TX) - Leuda-May Apartments",
5402,5402 Water & Sewer,w,4,"David - (Grand Prairie, TX) - Serrano Creek",
5402-000,5402-000 Repairs & Maintenance - General Maintenance,rm,2,"Danny - (Tulsa, OK) - Metro Plex",
5402.00,5402.00 T/O - Painting,rm,2,"Emilio - (Dallas, TX) - The Apollo at Bishop Ridge",
5402.001,5402.001 Water & Sanitation,w,4,"Yonnic - (Dallas, TX) - Casa de Arroyo",
5402.001,5402.001 Water & Sewer,w,3,"Jackson - (Balch Springs, TX) - Shepherd Lane Apartments",
54020,54020 STREETS & SID,rm,2,"Danny - (Tulsa, OK) - Waterford",
5402000,5402000   Employee Relations,ad,15,0e66e893-T12__Property_Name__Month_Year__Processor.xlsx,
54021,54021 GLASS & SCRE,rm,2,"Danny - (Tulsa, OK) - Waterford",
54022,54022 CARPENTRY,rm,2,"Danny - (Tulsa, OK) - Waterford",
54023,54023 UNIFORMS,ad,2,"Danny - (Tulsa, OK) - Waterford",recoded from 'rm' (house rule: uniforms -> ad)
54024,54024 RECREATIONA,rm,2,"Danny - (Tulsa, OK) - Waterford",
54025,54025 TRASH SERVIC,rm,2,"Danny - (Tulsa, OK) - Waterford",
54025-000,54025-000     Property Website,m,2,"Yonnic - (San Antonio, TX) - Landera",
54026,54026 ACCESS GATE,rm,2,"Danny - (Tulsa, OK) - Waterford",
54027,54027 SMALL TOOLS,rm,2,"Danny - (Tulsa, OK) - Waterford",
54028-000,54028-000     Organic Online Presence,m,2,"Yonnic - (San Antonio, TX) - Landera",
5403,5403 Applicant Processing,ad,2,"Bryce - (DeSoto, TX) - Wooded Creek Apartments",
5403,5403 DC Water Fee,w,2,"Jon - (Anadarko, OK) - The Crossings in Anadarko",
5403,5403 - Painting - Contract Labor,rm,2,"Bryce - (Addison, TX) - Jade Addison",
5403,5403 Turn Paint Supplies,rm,4,"Emilio - (Garland, TX) - The Retreat at Faulkner Point",
5403-000,5403-000 Repairs & Maintenance - Common Area Maintenance,rm,2,"Danny - (Tulsa, OK) - Metro Plex",
5403.001,5403.001 Trash Collection,tr,4,"Yonnic - (Dallas, TX) - Casa de Arroyo",
54030,54030 SEASONAL CO,rm,2,"Danny - (Tulsa, OK) - Waterford",
54031,54031 Salaries - Lead Maintenance,pr,2,"Paul - (Fort Worth, TX) - Rio Apartments",
54033,54033 Salaries - Maintenance Tech,pr,2,"Paul - (Fort Worth, TX) - Rio Apartments",
54034,54034 Salaries - Make Ready,pr,2,"Paul - (Fort Worth, TX) - Rio Apartments",
54034,54034 TERMITE CONT,rm,2,"Danny - (Tulsa, OK) - Waterford",
54035,54035 OTHER,ad,2,"Danny - (Tulsa, OK) - Waterford","recoded from 'rm' (standardized to majority ({'ad': 26, 'rm': 2}))"
54035,54035 Salaries - Porter,pr,2,"Paul - (Fort Worth, TX) - Rio Apartments",
54037,54037 LOCKS & KEYS,rm,2,"Danny - (Tulsa, OK) - Waterford",
54038,54038 MINI BLINDS,rm,2,"Danny - (Tulsa, OK) - Waterford",
54038-000,54038-000     Reputation Management,m,2,"Yonnic - (San Antonio, TX) - Landera",
5404,5404 Electric Utility,e,4,"David - (Grand Prairie, TX) - Serrano Creek",
5404,5404 - Electric - Vacant,e,2,"Dylan - (Houston, TX) - Northbrooke",
5404,5404 - Paint Supplies,rm,2,"Bryce - (Addison, TX) - Jade Addison",
5404,5404 - Supportive Services,ad,2,"Jon - (Waco, TX) - Red Oak Townhomes","recoded from 'm' (standardized to majority ({'m': 2, 'ad': 10}))"
5404,5404 Turn Clean,rm,2,"Emilio  - (Fort Worth, TX) - Leuda-May Apartments",
5404,5404 Turn Contract Clean,rm,2,"Emilio - (Garland, TX) - The Retreat at Faulkner Point",
5404-000,5404-000 Repairs & Maintenance - Exterior Maintenance,rm,2,"Danny - (Tulsa, OK) - Metro Plex",
5404.00,5404.00 T/O - Contract Cleaning,rm,2,"Emilio - (Dallas, TX) - The Apollo at Bishop Ridge",
5404.001,5404.001 Natural Gas,o,4,"Yonnic - (Dallas, TX) - Casa de Arroyo",
54040,54040 · Online Advertising,m,2,"Dylan - (College Station, TX)  - Quarters on Luther",
54046-000,54046-000     Traditional - Promotional Signage,m,2,"Yonnic - (San Antonio, TX) - Landera",
5405,5405 Dues/Subscriptions,ad,2,"Bryce - (DeSoto, TX) - Wooded Creek Apartments",
5405,5405 - Manager Payroll,pr,2,"Guillermo - (Lubbock, TX) - The Boulders at Lakeridge",
5405,5405 R/M Appliance Supplies,rm,2,"Jon - (San Antonio, TX) - Salado Creek Villas",
5405,5405 - Resident Retention,m,2,"Jon - (Waco, TX) - Red Oak Townhomes",
5405,5405 Turnover - Carpet - Make Ready,rm,2,"Bryce - (San Antonio, TX) - Reserve at Lone Oak",
5405-000,5405-000 Repairs & Maintenance - Other Repairs & Maintenanc,rm,2,"Danny - (Tulsa, OK) - Metro Plex",
54050-000,54050-000     Locator and Broker Referrals,m,2,"Yonnic - (San Antonio, TX) - Landera",
54055-000,54055-000     Referral Fees,m,2,"Yonnic - (San Antonio, TX) - Landera",
5406,5406 Education/Training,ad,2,"Bryce - (DeSoto, TX) - Wooded Creek Apartments",
5406,5406 - Federal Payroll Taxes-Mgr,pr,2,"Guillermo - (Lubbock, TX) - The Boulders at Lakeridge",
5406,5406 Garbage Mf,tr,4,"David - (Grand Prairie, TX) - Serrano Creek",
5406,5406 - Resurfacing - Countertop,rm,2,"Bryce - (Addison, TX) - Jade Addison",
5406,5406 - Signage/Banners/Flags,m,2,"Jon - (Waco, TX) - Red Oak Townhomes",
5406,5406 Turn Carpet Cleaning,rm,4,"Emilio - (Garland, TX) - The Retreat at Faulkner Point",
5406-000,5406-000 Repairs & Maintenance - Janitorial,rm,2,"Danny - (Tulsa, OK) - Metro Plex",
5406.001,5406.001 3rd Party Util Proc,o,2,"Guillermo - (Hurst, TX) - Point on Calloway",
5406.001,5406.001 3rd Party Util Processing Fees,o,2,"Yonnic - (Dallas, TX) - Casa de Arroyo",
54060,54060 · Signs,m,2,"Dylan - (College Station, TX)  - Quarters on Luther",
5407,5407 DC Processing,w,2,"Jon - (Anadarko, OK) - The Crossings in Anadarko",
5407,5407 Payroll Fees,pr,2,"Bryce - (DeSoto, TX) - Wooded Creek Apartments","recoded from 'ad' (standardized to majority ({'pr': 31, 'ad': 4}))"
5407,5407 - Resurfacing Sinks And Baths,rm,2,"Bryce - (Addison, TX) - Jade Addison",
5407,5407 Turn Sheetrock Repairs,rm,2,"Emilio  - (Fort Worth, TX) - Leuda-May Apartments",
5407,5407 - TWC Taxes-MGR,pr,2,"Guillermo - (Lubbock, TX) - The Boulders at Lakeridge",
5407-000,5407-000 Repairs & Maintenance - Plumbing,rm,2,"Danny - (Tulsa, OK) - Metro Plex",
54070,54070 Payroll Tax,pr,2,"Paul - (Fort Worth, TX) - Rio Apartments",
5408,5408 - Carpet Cleaning,rm,2,"Bryce - (Addison, TX) - Jade Addison",
5408,"5408 License, Annual Permit & Inspections - City",ad,2,"Bryce - (DeSoto, TX) - Wooded Creek Apartments",
5408,5408 - Other Marketing Expense,m,2,"Jon - (Waco, TX) - Red Oak Townhomes",
5408-000,5408-000 Repairs & Maintenance - Electrical,rm,2,"Danny - (Tulsa, OK) - Metro Plex",
5409,5409 - Carpet Dying And Repairs,rm,2,"Bryce - (Addison, TX) - Jade Addison",
5409-000,5409-000 Repairs & Maintenance - Doors/Keys/Locks,rm,2,"Danny - (Tulsa, OK) - Metro Plex",
54090-000,54090-000     Strategic Marketing Services Fee,m,2,"Yonnic - (San Antonio, TX) - Landera",
54098-000,54098-000     Other Advertising,m,2,"Yonnic - (San Antonio, TX) - Landera",
5410,5410 Appliance Parts & Rep,rm,5,"Greg - (Houston, TX) - Hidden Park",
5410,5410 - Assistant Manager Payroll,pr,2,"Guillermo - (Lubbock, TX) - The Boulders at Lakeridge",
5410,5410 Banners/Flags/Signs,m,5,"Dylan - (Fort Worth, TX) - Woods of Eastchase",
5410,5410 - Interest Revenue,oi,2,"Dylan - (Houston, TX) - Brookfield",
5410,5410   PEST CONTROL,cs,4,"Dylan - (Temple, TX) - Chappell Hill & Park at Chappell Hill",1xrm
5410,5410 - Sheetrock Repairs,rm,2,"Bryce - (Addison, TX) - Jade Addison",
5410,5410 Turn Keys & Locks,rm,2,"Emilio - (Garland, TX) - The Retreat at Faulkner Point",
5410,5410 Turnover - Paint,rm,2,"Bryce - (San Antonio, TX) - Reserve at Lone Oak",
5410,5410 - Water,w,2,"Dylan - (Houston, TX) - Northbrooke",
5410-000,5410-000 Repairs & Maintenance - General Supplies,rm,2,"Danny - (Tulsa, OK) - Metro Plex",
5410-0000,5410-0000 - Interest Revenue - Security Deposits,oi,2,"Guillermo - (Lubbock, TX) - Cantibury Pointe",
5410.000,5410.000 COMPUTER & INTERNET EXPENSES,ad,2,"Greg- (Arlington, TX) - Pine Ridge Apartments",
54100,54100 Prorated Concessions,nr,2,"Yonnic - (Lubbock, TX) - Estrada South II",
54101,54101 One-Time Concessions,nr,2,"Yonnic - (Lubbock, TX) - Estrada South II",
54101-000,54101-000     Model Furniture - Rent,m,2,"Yonnic - (San Antonio, TX) - Landera",
5411,5411 Accounting & Management Software,ad,2,"Bryce - (DeSoto, TX) - Wooded Creek Apartments",
5411,5411 - Odor/Scent Treatment,rm,2,"Bryce - (Addison, TX) - Jade Addison",
5411,5411 R/M Keys/Locks,rm,2,"Jon - (San Antonio, TX) - Salado Creek Villas",
5411,5411 Turn Make Ready & Trash Out,rm,2,"Emilio - (Garland, TX) - The Retreat at Faulkner Point",
5411,5411 Turn - Make Ready/Trash Out,rm,2,"Emilio  - (Fort Worth, TX) - Leuda-May Apartments",
5411-000,5411-000 Repairs & Maintenance - HVAC,rm,2,"Danny - (Tulsa, OK) - Metro Plex",
54110,54110 Workers Comp Insurance,pr,2,"Paul - (Fort Worth, TX) - Rio Apartments",
54110-000,54110-000     Resident Activities,m,2,"Yonnic - (San Antonio, TX) - Landera",
5412,5412 Credit Builder,ad,2,"Bryce - (DeSoto, TX) - Wooded Creek Apartments",
5412,5412 - Sewer,w,2,"Dylan - (Houston, TX) - Northbrooke",
5412-000,5412-000 Repairs & Maintenance - Pool Supplies,rm,2,"Danny - (Tulsa, OK) - Metro Plex",
54122-000,54122-000     Resident Retention,m,2,"Yonnic - (San Antonio, TX) - Landera",
54126-000,54126-000     Satisfaction Survey,m,2,"Yonnic - (San Antonio, TX) - Landera",
5413-000,5413-000 Repairs & Maintenance - Landscaping,rm,2,"Danny - (Tulsa, OK) - Metro Plex",
54130,54130 Payroll Processing,ad,2,"Paul - (Fort Worth, TX) - Rio Apartments","recoded from 'pr' (standardized to majority ({'ad': 18, 'pr': 6}))"
5414,5414 Office Phone/Internet/Cable,ad,2,"Bryce - (DeSoto, TX) - Wooded Creek Apartments",
5414-000,5414-000 Repairs & Maintenance - Maintenance Supplies,rm,2,"Danny - (Tulsa, OK) - Metro Plex",
54145,54145 Drug Testing & Background Checks,pr,2,"Paul - (Fort Worth, TX) - Rio Apartments",
5415,5415 Electrical & Lighting R,rm,3,"Greg - (Houston, TX) - Encanto",
5415,5415 - Manager Bonus,pr,2,"Guillermo - (Lubbock, TX) - The Boulders at Lakeridge",
5415,5415 Postage/Delivery,ad,2,"Bryce - (DeSoto, TX) - Wooded Creek Apartments",
5415,5415 Turnover - Resurfacing,rm,2,"Bryce - (San Antonio, TX) - Reserve at Lone Oak",
54150,54150 Health Insurance & Other Benefits,pr,2,"Paul - (Fort Worth, TX) - Rio Apartments",
54155,54155 AD&D / Life Insurance Benefits,pr,2,"Paul - (Fort Worth, TX) - Rio Apartments",
5416,5416 Office Supplies,ad,2,"Bryce - (DeSoto, TX) - Wooded Creek Apartments",
54160,54160 Move-In Special,nr,2,"Yonnic - (Lubbock, TX) - Estrada South II",
54160,54160 Temporary Labor - Office,pr,2,"Paul - (Fort Worth, TX) - Rio Apartments",
5417,5417 Travel/Mileage,ad,2,"Bryce - (DeSoto, TX) - Wooded Creek Apartments",
5418,5418 Staff Uniforms & Badges,ad,2,"Bryce - (DeSoto, TX) - Wooded Creek Apartments",
5420,5420 Copier/Printing,ad,2,"Bryce - (DeSoto, TX) - Wooded Creek Apartments",
5420,5420   GEN MAINT/REPAIR/SUPPLIES,rm,4,"Dylan - (Temple, TX) - Chappell Hill & Park at Chappell Hill",
5420,5420 HVAC Repairs,rm,5,"Greg - (Houston, TX) - Hidden Park",
5420,5420 Internet Ads,m,1,"Jon - (Sherman, TX) - Northridge Villas",
5420,5420 Internet Advertising,m,4,"Dylan - (Fort Worth, TX) - Woods of Eastchase",
5420,"5420 T/C Doors, Cabinets & Related Hardware Repairs",rm,2,"Jon - (San Antonio, TX) - Salado Creek Villas",
5420,5420 Turnover - Interior,rm,2,"Bryce - (San Antonio, TX) - Reserve at Lone Oak",
5420.000,5420.000 TELEPHONE AND ANSWERING SERVICE,ad,2,"Greg- (Arlington, TX) - Pine Ridge Apartments",
5421,5421 Answering Service,ad,2,"Bryce - (DeSoto, TX) - Wooded Creek Apartments",
5421-000,5421-000 Repairs & Maintenance - Life Safety/FE/EL/FA,rm,2,"Danny - (Tulsa, OK) - Metro Plex",
5422,5422 Eviction / Legal Fees,ad,2,"Bryce - (DeSoto, TX) - Wooded Creek Apartments",
5422,5422 Website,m,1,"Jon - (Sherman, TX) - Northridge Villas",
5422-000,5422-000 Repairs & Maintenance - Tools,rm,2,"Danny - (Tulsa, OK) - Metro Plex",
5424,5424 Computer Repair/Supplies/Setup,ad,2,"Bryce - (DeSoto, TX) - Wooded Creek Apartments",
5425,5425 - Employee Health Insurance-MGR,pr,2,"Guillermo - (Lubbock, TX) - The Boulders at Lakeridge",
5425,5425 New Hire Expenses,ad,2,"Bryce - (DeSoto, TX) - Wooded Creek Apartments",
5425,5425 Printed Media,m,1,"Jon - (Sherman, TX) - Northridge Villas",
5425,5425 R/M Electrical Repairs,rm,2,"Jon - (San Antonio, TX) - Salado Creek Villas",
5426,"5426 Staff Appreciation, Meals & Gifts",ad,2,"Bryce - (DeSoto, TX) - Wooded Creek Apartments",
5427,5427 Renter's Insurance Expense,i,2,"Bryce - (DeSoto, TX) - Wooded Creek Apartments","recoded from 'ad' (standardized to majority ({'i': 4, 'ad': 2}))"
5428,5428 Bank / Merchant Service Fees,ad,2,"Bryce - (DeSoto, TX) - Wooded Creek Apartments",
5429,5429 Miscellaneous,ad,2,"Bryce - (DeSoto, TX) - Wooded Creek Apartments",
5430,5430 Advertising/Lease/Promotional - Other,m,2,"Bryce - (DeSoto, TX) - Wooded Creek Apartments",
5430,5430 Boiler Parts and Labor,rm,2,"Greg - (Houston, TX) - Hidden Park",
5430,5430 - Cell Phone Allowance-MGR,pr,2,"Guillermo - (Lubbock, TX) - The Boulders at Lakeridge",
5430,5430   CONTRACT LABOR,cs,4,"Dylan - (Temple, TX) - Chappell Hill & Park at Chappell Hill","recoded from 'rm' (standardized to majority ({'cs': 26, 'pr': 12, 'rm': 9}))"
5430,5430 R/M Flooring Repairs,rm,2,"Jon - (San Antonio, TX) - Salado Creek Villas",
5430,5430 Resident Referrals,m,5,"Dylan - (Fort Worth, TX) - Woods of Eastchase",
5430,5430 Turnover - Cleaning,rm,2,"Bryce - (San Antonio, TX) - Reserve at Lone Oak",
5430.000,5430.000 ENTERTAINMENT / MEALS,ad,2,"Greg- (Arlington, TX) - Pine Ridge Apartments",
54300,54300 Carpet Repairs & Dyes,rm,2,"David - (Waco, TX) - Eleven06 on 35",
54300,54300 · Uniforms,ad,2,"Dylan - (College Station, TX)  - Quarters on Luther",
5431,5431 Advertising/Promotional,m,2,"Bryce - (DeSoto, TX) - Wooded Creek Apartments",
5431,5431 Contract Maintenance,cs,2,"Emilio - (Dallas, TX) - The Newport","recoded from 'pr' (standardized to majority ({'cs': 56, 'pr': 5}))"
5432,5432 Domain / Website Expenses,m,2,"Bryce - (DeSoto, TX) - Wooded Creek Apartments",
5433,5433 Locator Services,m,2,"Bryce - (DeSoto, TX) - Wooded Creek Apartments",
5433,5433 Other Contract Labor,pr,2,"Emilio - (Dallas, TX) - The Newport",
5434,5434 Office / Model Apt,m,2,"Bryce - (DeSoto, TX) - Wooded Creek Apartments",
5435,5435 - COVID Temporary Sick Pay,pr,2,"Guillermo - (Lubbock, TX) - The Boulders at Lakeridge",
5435,5435 Market Referrals,m,2,"Dylan - (Fort Worth, TX) - Woods of Eastchase",
5436,5436 Market Research,m,2,"Bryce - (DeSoto, TX) - Wooded Creek Apartments",
5436,5436 R/M General Operating Repairs & Supplies,rm,2,"Jon - (San Antonio, TX) - Salado Creek Villas",
5437,"5437 Brochures, Floors Plans & Business Cards",m,2,"Bryce - (DeSoto, TX) - Wooded Creek Apartments",
5437,5437 R/M Pool Supplies,rm,2,"Jon - (San Antonio, TX) - Salado Creek Villas",
5438,5438 Temporary Signage,m,2,"Bryce - (DeSoto, TX) - Wooded Creek Apartments",
5440,5440 - Gas/Mileage Allowance-MGR,pr,2,"Guillermo - (Lubbock, TX) - The Boulders at Lakeridge",
5440,5440 Paint Materials,rm,5,"Greg - (Houston, TX) - Hidden Park",
5440,"5440 R/M Glass, Mirror,Screens",rm,2,"Jon - (San Antonio, TX) - Salado Creek Villas",
5440,5440 Resident Functions/Relations,m,3,"Bryce - (Mineral Wells, TX) - The Dalton",
5440,5440   STRUCTURAL REPAIRS,rm,4,"Dylan - (Temple, TX) - Chappell Hill & Park at Chappell Hill",
5440-0000,5440-0000 - Revenue From Investments - Replacement Reserve,oi,2,"Guillermo - (Lubbock, TX) - Cantibury Pointe",
5440.000,5440.000 OFFICE EQUIPMENT,ad,2,"Greg- (Arlington, TX) - Pine Ridge Apartments",
5442,5442 Interior Repairs,rm,3,"Greg - (Houston, TX) - Encanto",
5442,5442 Resident Relations / Clubhouse,m,2,"Bryce - (DeSoto, TX) - Wooded Creek Apartments",
5445,5445 Plumbing Repairs & La,rm,3,"Greg - (Houston, TX) - Encanto",
5445,5445 R/M HVAC Supplies,rm,2,"Jon - (San Antonio, TX) - Salado Creek Villas",
5445,5445 - Rent Allowance -  Mgr,pr,2,"Guillermo - (Lubbock, TX) - The Boulders at Lakeridge",
5446,5446 R/M HVAC Contract,rm,2,"Jon - (San Antonio, TX) - Salado Creek Villas",
5450,5450   CLUBHOUSE,rm,4,"Dylan - (Temple, TX) - Chappell Hill & Park at Chappell Hill",
5450,5450 Parking Lot Repairs,rm,3,"Greg - (Houston, TX) - Encanto",
5450,5450 R/M Lighting/Electrical Supplies,rm,2,"Jon - (San Antonio, TX) - Salado Creek Villas",
5450.000,5450.000 OFFICE SUPPLIES & FORMS,ad,2,"Greg- (Arlington, TX) - Pine Ridge Apartments",
54500,54500 Cleaning / Janitorial Supplies,rm,2,"David - (Waco, TX) - Eleven06 on 35",
5455,5455 Office Repairs & Clean,rm,2,"Greg - (Houston, TX) - Hidden Park",
5460,5460   LOCKS AND KEYS,rm,4,"Dylan - (Temple, TX) - Chappell Hill & Park at Chappell Hill",
5460,5460 Office Hospitality,m,4,"Dylan - (Fort Worth, TX) - Woods of Eastchase",
5460,5460 Pool Repairs & Supplie,rm,2,"Greg - (Houston, TX) - Hidden Park",
54615,54615 Contract cleaning trash outs,rm,2,"David - (Waco, TX) - Eleven06 on 35",
5465,5465 R/M Pest Control Supplies,rm,2,"Jon - (San Antonio, TX) - Salado Creek Villas",
5470,5470   GLASS,rm,4,"Dylan - (Temple, TX) - Chappell Hill & Park at Chappell Hill",
5470,5470 Inventory,rm,5,"Greg - (Houston, TX) - Hidden Park",
5470,5470 Promotional Materials,m,4,"Dylan - (Fort Worth, TX) - Woods of Eastchase",
5470,5470 R/M Plumbing Supplies,rm,2,"Jon - (San Antonio, TX) - Salado Creek Villas",
54700,54700 Paint & Supplies,rm,2,"David - (Waco, TX) - Eleven06 on 35",
5472,5472 Prospect Refreshments,m,1,"Jon - (Sherman, TX) - Northridge Villas",
5474,5474 Resident Activities,m,2,"Bryce - (Mineral Wells, TX) - The Dalton",
5475,5475 Gate Repair,rm,2,"Greg - (Houston, TX) - Hidden Park",
5480,5480 Door Locks and Keys,rm,5,"Greg - (Houston, TX) - Hidden Park",
5480,5480   GARAGE DOORS,rm,4,"Dylan - (Temple, TX) - Chappell Hill & Park at Chappell Hill",
5480,5480 R/M Window Coverings Repairs and Maintenance,rm,2,"Jon - (San Antonio, TX) - Salado Creek Villas",
5480,5480 Stationary/ Brochures/ Business Cards,m,1,"Jon - (Sherman, TX) - Northridge Villas",
54805,54805 Turnover Expenses,ad,2,"David - (Waco, TX) - Eleven06 on 35","recoded from 'rm' (standardized to majority ({'ad': 4, 'rm': 2}))"
54808,54808 Turnover Appliance/HVAC/Plumbing Parts/Repairs,rm,2,"David - (Waco, TX) - Eleven06 on 35",
5481,5481 Landscaping,cs,4,"Bryce - (OKC, OK) - 717 Ventura South",
5482,5482 Pest Control,cs,4,"Bryce - (OKC, OK) - 717 Ventura South",
5483,5483 Professional Fees,ad,4,"Bryce - (OKC, OK) - 717 Ventura South","recoded from 'cs' (standardized to majority ({'ad': 67, 'cs': 4}))"
5484,5484 Courtesy Officer,cs,4,"Bryce - (OKC, OK) - 717 Ventura South",
5485,5485 R/M Fire Safety,rm,2,"Jon - (San Antonio, TX) - Salado Creek Villas",
5485,5485   SIGNAGE,m,4,"Dylan - (Temple, TX) - Chappell Hill & Park at Chappell Hill","recoded from 'rm' (standardized to majority ({'m': 75, 'rm': 8}))"
5490,5490 Locators,m,1,"Jon - (Sherman, TX) - Northridge Villas",
5490,5490 Misc. Repairs,rm,5,"Greg - (Houston, TX) - Hidden Park",
5490,5490 Turnover - Misc.,rm,2,"Bryce - (San Antonio, TX) - Reserve at Lone Oak",
5490-0000,5490-0000 - Interest Revenue - Misc.,oi,2,"Guillermo - (Lubbock, TX) - Cantibury Pointe",
5490-0001,5490-0001 - Interest Revenue - Escrows,oi,2,"Guillermo - (Lubbock, TX) - Cantibury Pointe",
5490-0003,5490-0003 - Interest Revenue - Bonds,oi,2,"Guillermo - (Lubbock, TX) - Cantibury Pointe",
5491,5491 Misc Parts and Supplie,rm,2,"Greg - (Houston, TX) - Hidden Park",
5491,5491 Misc Parts and Supplies,rm,3,"Greg - (Houston, TX) - Encanto",
5495,5495 R/M  Repairs & Maint Tools & Supplies,rm,2,"Jon - (San Antonio, TX) - Salado Creek Villas",
5495,5495 Tools & Equipment,rm,5,"Greg - (Houston, TX) - Hidden Park",
550.00,550.00 Management Fees,mf,2,"Jon - (Dallas, TX) - Iris Memory Care of Turtle Creek",
5500,5500 - Life Safety,rm,2,"Jon - (Waco, TX) - Red Oak Townhomes",
5500,5500 M/R Painting Apartments,rm,2,Guillermo - (Baton Rouge) - Eden Point,
5500,5500 Other Repairs & Maintenance,rm,2,"Guillermo - (Dallas, TX) - Casa Bonita",
5500,5500 - Trash Removal,tr,2,"Dylan - (Houston, TX) - Northbrooke",
5500-002,5500-002 - Property Insurance,i,4,"Dylan - (Fort Worth, TX) - Trail Lakes",
5500-003,5500-003 - Other Insurance,i,2,"Chris - (Hurst, TX) - Arbor Park",
5500-004,5500-004 - Other Taxes,tx,2,"Chris - (Hurst, TX) - Arbor Park",
55000,55000 · Appliances,rm,2,"Dylan - (College Station, TX)  - Quarters on Luther",
55001,55001 OFFICE SUPPL,ad,2,"Danny - (Tulsa, OK) - Waterford",
55002,55002 POSTAGE,ad,2,"Danny - (Tulsa, OK) - Waterford",
5500200,5500200   Equipment Rental and Expense,cs,3,0e66e893-T12__Property_Name__Month_Year__Processor.xlsx,
55003,55003 PRINTED FORM,ad,2,"Danny - (Tulsa, OK) - Waterford",
5500300,5500300   Landscaping,cs,15,0e66e893-T12__Property_Name__Month_Year__Processor.xlsx,
5500350,5500350   Landscaping Seasonal,cs,13,0e66e893-T12__Property_Name__Month_Year__Processor.xlsx,
55004,55004 COPIER EXPEN,ad,2,"Danny - (Tulsa, OK) - Waterford",
5500400,5500400  Answering Service,ad,12,"Chris - (Alvin, TX) - Hillcrest Village",recoded from 'cs' (house rule: telephone/answering -> ad)
55005,55005 COURTESY PA,ad,2,"Danny - (Tulsa, OK) - Waterford",
55006,55006 TELEPHONE,ad,2,"Danny - (Tulsa, OK) - Waterford",
5500600,5500600 Cable,cs,2,"Chris - (Alvin, TX) - Morgan Oaks",
55007,55007 ANSWERING S,ad,2,"Danny - (Tulsa, OK) - Waterford",
5500700,5500700   Pest Control,cs,15,0e66e893-T12__Property_Name__Month_Year__Processor.xlsx,
5500702,5500702   Pest Control Reimb,cs,4,"Chris - (Baytown, TX) - Ranch at Rolling Brook",
55008,55008 APPLICANT SC,ad,2,"Danny - (Tulsa, OK) - Waterford",
5500800,5500800   Alarm Monitoring,cs,7,0e66e893-T12__Property_Name__Month_Year__Processor.xlsx,
5500800,5500800  Alarm Monitorino,cs,4,"Chris - (Baytown, TX) - Ranch at Rolling Brook",
55009,55009 LEGAL,ad,2,"Danny - (Tulsa, OK) - Waterford",
5500900,5500900   Washer/Dryer Expense,cs,1,0e66e893-T12__Property_Name__Month_Year__Processor.xlsx,
5501,5501 Marketing Consulting/Locator,m,2,"Bryce - (San Antonio, TX) - Reserve at Lone Oak",
5501,5501 - Parking Lot And Sidewalk Repairs,rm,2,"Bryce - (Addison, TX) - Jade Addison",
55010,55010 Internet Advertising,m,2,"Paul - (Fort Worth, TX) - Rio Apartments",
55010,55010 TRAVEL,ad,2,"Danny - (Tulsa, OK) - Waterford",
5501000,5501000  Trash Removal,tr,4,"Chris - (Baytown, TX) - Ranch at Rolling Brook",
55011,55011 ACCOUNTING,ad,2,"Danny - (Tulsa, OK) - Waterford",
55012,55012 ONLINE PAYME,ad,2,"Danny - (Tulsa, OK) - Waterford",
55013,55013 WEB HOSTING,ad,2,"Danny - (Tulsa, OK) - Waterford",
55014,55014 OTHER,ad,2,"Danny - (Tulsa, OK) - Waterford",
55015,55015 · Cleaning Supplies,rm,2,"Dylan - (College Station, TX)  - Quarters on Luther",
55015,55015 CLUBHOUSE P,ad,2,"Danny - (Tulsa, OK) - Waterford",
55015,55015 Website and Domain Expenses,m,2,"Paul - (Fort Worth, TX) - Rio Apartments",
55016,55016 INTERNET/CAB,ad,2,"Danny - (Tulsa, OK) - Waterford",
55017,55017 EMPLOYEE PR,ad,2,"Danny - (Tulsa, OK) - Waterford",
55019,55019 BLUEMOON EX,ad,2,"Danny - (Tulsa, OK) - Waterford",
5502,5502 Advertising - Internet,m,2,"Bryce - (San Antonio, TX) - Reserve at Lone Oak",
5502,5502 - Grounds Maintenance Supplies/Repairs,rm,2,"Bryce - (Addison, TX) - Jade Addison",
5502,5502 - Landscape Contract,cs,2,"Jon - (Waco, TX) - Red Oak Townhomes",
5502,5502 - Pest Control,cs,2,"Dylan - (Houston, TX) - Northbrooke",
55020,55020 Print Advertising / Photos / Printed Media,m,2,"Paul - (Fort Worth, TX) - Rio Apartments",
55020,55020 SOFTWARE EX,ad,2,"Danny - (Tulsa, OK) - Waterford",
55022,55022 RENTERS INSU,ad,2,"Danny - (Tulsa, OK) - Waterford",
55023,55023 BANK SERVICE,ad,2,"Danny - (Tulsa, OK) - Waterford",
55025,55025 GATE SUBSCRI,ad,2,"Danny - (Tulsa, OK) - Waterford",
55026,55026 FITNESS SUBS,ad,2,"Danny - (Tulsa, OK) - Waterford",
55027,55027 MOVE-IN PROM,ad,2,"Danny - (Tulsa, OK) - Waterford",
5503,5503 Advertising - Signage,m,2,"Bryce - (San Antonio, TX) - Reserve at Lone Oak",
5503,5503 - Pool Supplies And Repairs,rm,2,"Bryce - (Addison, TX) - Jade Addison",
5503,5503 - Utility Billing,ad,2,"Dylan - (Houston, TX) - Northbrooke","recoded from 'cs' (standardized to majority ({'cs': 5, 'ad': 10, 'o': 8, 'w': 6}))"
55030,55030 · Building Repairs,rm,2,"Dylan - (College Station, TX)  - Quarters on Luther",
55030,55030 Leasing / Marketing Events,m,2,"Paul - (Fort Worth, TX) - Rio Apartments",
5504,5504 - Hvac Supplies And Repairs,rm,2,"Bryce - (Addison, TX) - Jade Addison",
5504,5504 - Yard & Grounds,rm,2,"Jon - (Waco, TX) - Red Oak Townhomes",
55040,55040 · Building & Maintenance Supplies,rm,2,"Dylan - (College Station, TX)  - Quarters on Luther",
5505,5505 Advertising - Property Website,m,2,"Bryce - (San Antonio, TX) - Reserve at Lone Oak",
5505,5505 - Electrical Supplies And Repairs,rm,2,"Bryce - (Addison, TX) - Jade Addison",
5505,5505 - Exterior Cleaning/Window Wash,rm,2,"Jon - (Waco, TX) - Red Oak Townhomes",
5505,5505 Monthly Telephone/Internet,ad,2,"Jon - (San Antonio, TX) - Salado Creek Villas",recoded from 'cs' (house rule: telephone/answering -> ad)
55050,55050 · Draperies & Blinds,rm,2,"Dylan - (College Station, TX)  - Quarters on Luther",
55050,55050 Resident Retention,m,2,"Paul - (Fort Worth, TX) - Rio Apartments",
5506,5506 - Exterior - Contract,cs,2,"Jon - (Waco, TX) - Red Oak Townhomes",
5506,5506 - Landscape Maintenance,cs,2,"Dylan - (Houston, TX) - Northbrooke",
5506,5506 Marketing - Printed Material/Direct Mail,m,2,"Bryce - (San Antonio, TX) - Reserve at Lone Oak",
5506,5506 - Plumbing Supplies And Repairs,rm,2,"Bryce - (Addison, TX) - Jade Addison",
55060,55060 · HVAC,rm,2,"Dylan - (College Station, TX)  - Quarters on Luther",
55060,55060 Locator & Referral Fees,m,2,"Paul - (Fort Worth, TX) - Rio Apartments",
5507,5507 - Exterior - Supplies,rm,2,"Jon - (Waco, TX) - Red Oak Townhomes",
5507,5507 - Hardware Supplies,rm,2,"Bryce - (Addison, TX) - Jade Addison",
55070,55070 · Electrical,rm,2,"Dylan - (College Station, TX)  - Quarters on Luther",
55070,55070 - Leasing Agora Bonuses,pr,2,"Danny - (Dallas, TX) - Magnolia on Gaston",
5508,5508 - Pest Control,cs,2,"Jon - (Waco, TX) - Red Oak Townhomes",
5508,5508 - Roof Repairs And Supplies,rm,2,"Bryce - (Addison, TX) - Jade Addison",
5508.0001,5508.0001 - Pest Control - Other,cs,2,"Jon - (Waco, TX) - Red Oak Townhomes","recoded from 'rm' (standardized to majority ({'cs': 4, 'rm': 2}))"
55080,55080 Temporary Signage,m,2,"Paul - (Fort Worth, TX) - Rio Apartments",
55085,55085 · Flooring Repairs,rm,2,"Dylan - (College Station, TX)  - Quarters on Luther",
5509,5509 - Glass Mirrors And Screens,rm,2,"Bryce - (Addison, TX) - Jade Addison",
5509,5509 - Trash Removal,tr,2,"Jon - (Waco, TX) - Red Oak Townhomes",
55090,55090 · Locks,rm,2,"Dylan - (College Station, TX)  - Quarters on Luther",
55095,55095 · Lighting,rm,2,"Dylan - (College Station, TX)  - Quarters on Luther",
5510,5510   ADVERTISING,m,4,"Dylan - (Temple, TX) - Chappell Hill & Park at Chappell Hill",
5510,5510 Appliance Supplie,rm,4,"Yonnic - (Houston, TX) - Fall Lakes",
5510,5510 Appliance Supplies,rm,2,"Guillermo - (Dallas, TX) - Casa Bonita",
5510,5510 Electric- Common,e,2,"Jackson - (College Station, TX) - Anderson Point",
5510,5510 Electricity,e,4,"Bryce - (OKC, OK) - 717 Ventura South",
5510,5510 Electricity CA and Vaca,e,2,"Greg - (Houston, TX) - Hidden Park",
5510,5510 Electricity CA and Vacan,e,3,"Greg - (Houston, TX) - Encanto",
5510,5510 - Fire Alarm Monitoring,cs,2,"Dylan - (Houston, TX) - Northbrooke",
5510,5510 - Locks And Key,rm,2,"Bryce - (Addison, TX) - Jade Addison",
5510,5510 M/R Painting Supplies,rm,2,Guillermo - (Baton Rouge) - Eden Point,
5510,5510 - Pool/Amenity - Contract,cs,2,"Jon - (Waco, TX) - Red Oak Townhomes",
5510,5510 Property Insurance,i,2,"Bryce - (DeSoto, TX) - Wooded Creek Apartments",
5510,5510 Property Management Fee,mf,5,"Dylan - (Fort Worth, TX) - Woods of Eastchase",
5510,5510 Utilities Electricity - Common Areas,e,2,"Jon - (San Antonio, TX) - Salado Creek Villas",
55100,55100 · Miscellaneous Repairs,rm,2,"Dylan - (College Station, TX)  - Quarters on Luther",
5511,5511 - Pool/Amenity - Supplies,rm,2,"Jon - (Waco, TX) - Red Oak Townhomes",
55110,55110 · Plumbing,rm,2,"Dylan - (College Station, TX)  - Quarters on Luther",
5512,5512 - Clubhouse And Amenity Repairs,rm,2,"Bryce - (Addison, TX) - Jade Addison",
5512,5512 - Heating & A/C - Contract,cs,2,"Jon - (Waco, TX) - Red Oak Townhomes",
5512,5512 Resident Referrals,m,2,"Bryce - (San Antonio, TX) - Reserve at Lone Oak",
55120,55120 Salary - Leasing Consultants,pr,2,"David - (Waco, TX) - Eleven06 on 35",
5513,5513 - Carpentry Supplies,rm,2,"Bryce - (Addison, TX) - Jade Addison",
5513,5513 - Heating & A/C - Supplies,rm,2,"Jon - (Waco, TX) - Red Oak Townhomes",
5513,5513 Resident Social Event,m,2,"Bryce - (San Antonio, TX) - Reserve at Lone Oak",
55130,55130 · Windows,rm,2,"Dylan - (College Station, TX)  - Quarters on Luther",
5514,5514 Marketing & Advertising - Other,m,2,"Bryce - (San Antonio, TX) - Reserve at Lone Oak",
5514,5514 - Plumbing - Contract,cs,2,"Jon - (Waco, TX) - Red Oak Townhomes",
5514,5514 - Sprinkler System Repairs,rm,2,"Bryce - (Addison, TX) - Jade Addison",
5515,5515 - Balconies And Stairways,rm,2,"Bryce - (Addison, TX) - Jade Addison",
5515,5515 Electric- Units,e,2,"Jackson - (College Station, TX) - Anderson Point",
5515,5515 G&A - Application Processing Fees,ad,2,"Bryce - (San Antonio, TX) - Reserve at Lone Oak",
5515,5515 - Plumbing - Supplies,rm,2,"Jon - (Waco, TX) - Red Oak Townhomes",
5515,5515   RESIDENT SERVICES,m,4,"Dylan - (Temple, TX) - Chappell Hill & Park at Chappell Hill",
5516,5516 - Electrical Repairs - Contract,rm,2,"Jon - (Waco, TX) - Red Oak Townhomes","recoded from 'cs' (standardized to majority ({'rm': 2, 'cs': 2}))"
5516,5516 Reputation and Social Media Management,m,2,"Bryce - (San Antonio, TX) - Reserve at Lone Oak",
55163,55163 Salaries - Manager,pr,2,"David - (Waco, TX) - Eleven06 on 35",
5517,5517 - Electrical - Supplies,rm,2,"Jon - (Waco, TX) - Red Oak Townhomes",
5518,5518 - Maintenance Supplies/Repairs,rm,2,"Jon - (Waco, TX) - Red Oak Townhomes",
5519,5519 - Cleaning Supplies,rm,2,"Jon - (Waco, TX) - Red Oak Townhomes",
5519,5519 Intern& Advertising,m,3,"Yonnic - (San Antonio, TX) - The Kelly Apartments",
5519,5519 Internet Advertising,m,2,"Emilio - (Dallas, TX) - The Newport",
5520,5520 - Appliance Repairs,rm,2,"Jon - (Waco, TX) - Red Oak Townhomes",
5520,5520 Equipment Expense,rm,2,"Guillermo - (Dallas, TX) - Casa Bonita",
5520,5520 M/R Carpet Cleaning,rm,2,Guillermo - (Baton Rouge) - Eden Point,
5520,5520   TELEPHONE,ad,4,"Dylan - (Temple, TX) - Chappell Hill & Park at Chappell Hill",recoded from 'm' (house rule: telephone/answering -> ad)
5520,5520 Utilities Gas Expense,o,2,"Jon - (San Antonio, TX) - Salado Creek Villas",
5520,5520 Water,w,2,"Jackson - (College Station, TX) - Anderson Point",
5520,5520 Water& Sewer,w,9,"Bryce - (OKC, OK) - 717 Ventura South",
55200,55200 Salaries - Maintenance,pr,2,"David - (Waco, TX) - Eleven06 on 35",
5521,5521 - Appliance Parts,rm,2,"Bryce - (Addison, TX) - Jade Addison",
5522,5522 - Locks & Keys,rm,2,"Jon - (Waco, TX) - Red Oak Townhomes",
5523,5523 Locator Fees,m,3,"Yonnic - (San Antonio, TX) - The Kelly Apartments",
5523,5523 - Uniforms,ad,2,"Jon - (Waco, TX) - Red Oak Townhomes",
5525,5525 Electrical Contrac,rm,2,"Yonnic - (Houston, TX) - Fall Lakes",
5525,5525 Electrical Contractors,rm,2,"Guillermo - (Dallas, TX) - Casa Bonita",
5525,5525 Promotions,m,3,"Yonnic - (San Antonio, TX) - The Kelly Apartments",
5530,5530 BUILDING SERVICE EXPENSES - Other,rm,2,"Emilio - (Garland, TX) - The Retreat at Faulkner Point",
5530,5530 Dues and Subscriptions,ad,2,"Dylan - (Arlington, TX) - Sweet Redemption",
5530,5530 Electrical Supplie,rm,2,"Emilio - (Cedar Hill, TX) - S C Crossing",
5530,5530 Electrical Supplies,rm,2,"Guillermo - (Dallas, TX) - Casa Bonita",
5530,5530 Franchise Tax,tx,2,"Bryce - (DeSoto, TX) - Wooded Creek Apartments",
5530,5530 Gas,o,9,"Bryce - (OKC, OK) - 717 Ventura South",
5530,5530 M/R Cleaning Apartments,rm,2,Guillermo - (Baton Rouge) - Eden Point,
5530,5530   OFFICE SUPPLIES,ad,4,"Dylan - (Temple, TX) - Chappell Hill & Park at Chappell Hill","recoded from 'm' (standardized to majority ({'ad': 253, 'm': 4, 'pr': 2}))"
5530,5530 Trash Collection,tr,2,"Jon - (San Antonio, TX) - Salado Creek Villas",
55300,55300 Bonuses & Commissions,pr,2,"David - (Waco, TX) - Eleven06 on 35",
5531,5531 Pest Control,cs,4,"Emilio - (Garland, TX) - The Retreat at Faulkner Point",
5531,5531 Signs & Banners,m,5,"Yonnic - (San Antonio, TX) - The Kelly Apartments",
5531.00,5531.00 Services - Pest Control,cs,2,"Emilio - (Dallas, TX) - The Apollo at Bishop Ridge",
5532,5532 Answering Service,ad,5,"Dylan - (Fort Worth, TX) - Woods of Eastchase",
5532,5532 Irrigation Repair,cs,2,"Emilio - (Garland, TX) - The Retreat at Faulkner Point",
5533,5533 Landscaping,cs,4,"Emilio - (Garland, TX) - The Retreat at Faulkner Point",
5533.00,5533.00 Landscaping,cs,2,"Emilio - (Dallas, TX) - The Apollo at Bishop Ridge",
5534.00,5534.00 Services - Trash Removal,tr,2,"Emilio - (Dallas, TX) - The Apollo at Bishop Ridge",
5535,5535 Exterior Repairs,rm,2,"Yonnic - (Houston, TX) - Fall Lakes",
5535,5535 M/R Contract Labor,rm,2,Guillermo - (Baton Rouge) - Eden Point,
5535,5535   POSTAGE & DELIVERY,ad,4,"Dylan - (Temple, TX) - Chappell Hill & Park at Chappell Hill","recoded from 'm' (standardized to majority ({'ad': 67, 'm': 4}))"
55350,55350 Payroll Processing Fees,pr,2,"David - (Waco, TX) - Eleven06 on 35",
5537,5537 Life Safety Systems,cs,2,"Emilio - (Garland, TX) - The Retreat at Faulkner Point",
55370,55370 Uniforms,ad,2,"David - (Waco, TX) - Eleven06 on 35",recoded from 'pr' (house rule: uniforms -> ad)
5538,5538 Washer/Dryer Lease,rm,2,"Emilio - (Garland, TX) - The Retreat at Faulkner Point",
5539,5539 Materials & Supplies,rm,2,"Emilio - (Dallas, TX) - The Newport","recoded from 'm' (standardized to majority ({'rm': 5, 'm': 2}))"
5539,5539 Renter's Insurance,rm,4,"Emilio - (Garland, TX) - The Retreat at Faulkner Point",1xcs
5540,5540 Computer Service Fees,ad,5,"Dylan - (Fort Worth, TX) - Woods of Eastchase",
5540,5540   CREDIT CHECK/TENANT SCREEN,m,4,"Dylan - (Temple, TX) - Chappell Hill & Park at Chappell Hill",
5540,5540 HVAC Contractor,rm,4,"Yonnic - (Houston, TX) - Fall Lakes",
5540,5540 Hvac Contractors,rm,2,"Guillermo - (Dallas, TX) - Casa Bonita",
5540,5540 M/R Interior Supplies,rm,2,Guillermo - (Baton Rouge) - Eden Point,
5540,5540 Trash Collection,tr,4,"Bryce - (OKC, OK) - 717 Ventura South",
55400,55400 Employee Taxes,pr,2,"David - (Waco, TX) - Eleven06 on 35",
5542,5542 Copy Machine Contract,ad,1,"Jon - (Sherman, TX) - Northridge Villas",
5542,5542 Lease Commissions-Nonpayroll,ad,2,"Dylan - (Arlington, TX) - Sweet Redemption",
5543,5543 Management Software Costs,ad,1,"Jon - (Sherman, TX) - Northridge Villas",
5543,5543 Software Costs,ad,4,"Dylan - (Fort Worth, TX) - Woods of Eastchase",
5544,5544 Payment Portal Fees,ad,4,"Dylan - (Fort Worth, TX) - Woods of Eastchase",
5545,5545 Credit Checks,ad,5,"Dylan - (Fort Worth, TX) - Woods of Eastchase",
5545,5545 HVAC Supplies,rm,4,"Emilio - (Cedar Hill, TX) - S C Crossing",
5545,5545 Water Expense,w,2,"Jon - (San Antonio, TX) - Salado Creek Villas",
5547,5547 Contract Marketing,m,5,"Yonnic - (San Antonio, TX) - The Kelly Apartments",
5549,5549 - Interior Drywall Repair,rm,2,"Jon - (Waco, TX) - Red Oak Townhomes",
5550,5550 Cable,o,4,"Bryce - (OKC, OK) - 717 Ventura South",
5550,5550   GENERAL OFFICE & ADMIN,m,4,"Dylan - (Temple, TX) - Chappell Hill & Park at Chappell Hill",
5550,5550 Legal Fees,ad,1,"Jon - (Sherman, TX) - Northridge Villas",
5550,5550 Legal Fees - Eviction,ad,4,"Dylan - (Fort Worth, TX) - Woods of Eastchase",
5550,5550 M/R Tub/Countertop Resurfacing,rm,2,Guillermo - (Baton Rouge) - Eden Point,
5550,5550 Sewer Expense,w,2,"Jon - (San Antonio, TX) - Salado Creek Villas",
5550.00,5550.00 Services - Credit Builder Contract,cs,2,"Emilio - (Dallas, TX) - The Apollo at Bishop Ridge",
55501,55501 MANAGEMENT,mf,2,"Danny - (Tulsa, OK) - Waterford",
5551,5551 Association and Accreditation Fees,ad,2,"Dylan - (Arlington, TX) - Sweet Redemption",
5551,5551 Carpet Cleaners - Occupied,rm,2,"Guillermo - (Dallas, TX) - Casa Bonita",
5551,5551   NON-DEDUCTIBLE MEALS,m,4,"Dylan - (Temple, TX) - Chappell Hill & Park at Chappell Hill",
5553,5553 Bank Charges,ad,5,"Dylan - (Fort Worth, TX) - Woods of Eastchase",
55545,55545 · Landscaping Contract,cs,2,"Dylan - (College Station, TX)  - Quarters on Luther",
5555,5555 Courier & Postage,ad,5,"Dylan - (Fort Worth, TX) - Woods of Eastchase",
5555,5555   LEGAL & PROFESSIONAL FEES,ad,4,"Dylan - (Temple, TX) - Chappell Hill & Park at Chappell Hill","recoded from 'm' (standardized to majority ({'ad': 9, 'm': 4}))"
5555,5555 Light Bulbs,rm,4,"Emilio - (Cedar Hill, TX) - S C Crossing",
5555,5555 Monthly Resident Liability insurance,cs,2,"Jon - (San Antonio, TX) - Salado Creek Villas",
5558,5558   UTILITY BILLING SERVICES,ad,4,"Dylan - (Temple, TX) - Chappell Hill & Park at Chappell Hill","recoded from 'm' (standardized to majority ({'ad': 6, 'o': 2, 'm': 4}))"
5560,5560 Dues & Subscriptions,ad,5,"Dylan - (Fort Worth, TX) - Woods of Eastchase",
5560,5560 Misc. Parts & Sup,rm,4,"Yonnic - (Houston, TX) - Fall Lakes",
5560,5560 Misc. Parts & Supplies,rm,2,"Guillermo - (Dallas, TX) - Casa Bonita",
5560,5560   RENTAL FURNITURE,m,4,"Dylan - (Temple, TX) - Chappell Hill & Park at Chappell Hill",
5565,5565 Education/Training,ad,4,"Dylan - (Fort Worth, TX) - Woods of Eastchase",
5565,5565   TRAINING & EDUCATIONAL,m,4,"Dylan - (Temple, TX) - Chappell Hill & Park at Chappell Hill",
5566,5566 Office Supplies,ad,2,"Dylan - (Arlington, TX) - Sweet Redemption",
5568,5568 Office Expense,ad,2,"Dylan - (Arlington, TX) - Sweet Redemption",
5569,5569 Utility Billing Company,ad,2,"Dylan - (Arlington, TX) - Sweet Redemption",
5570,5570 Employee relations,ad,1,"Jon - (Sherman, TX) - Northridge Villas",
5570,5570 Plumbing Supplie,rm,4,"Yonnic - (Houston, TX) - Fall Lakes",
5570,5570 Plumbing Supplies,rm,2,"Guillermo - (Dallas, TX) - Casa Bonita",
5570,5570   SECURITY/ALARM,m,4,"Dylan - (Temple, TX) - Chappell Hill & Park at Chappell Hill",
55700,55700 Insurance - Workers Compensation,pr,2,"David - (Waco, TX) - Eleven06 on 35",
5572,5572 Employee Functions,ad,1,"Jon - (Sherman, TX) - Northridge Villas",
5575,5575   LEASED EQUIPMENT,m,4,"Dylan - (Temple, TX) - Chappell Hill & Park at Chappell Hill",
5575,5575 Licenses & Permits,ad,3,"Dylan - (Fort Worth, TX) - Woods of Eastchase",
5575,5575 Plumbing Contrac,rm,4,"Yonnic - (Houston, TX) - Fall Lakes",
5575,5575 Plumbing Contractors,rm,2,"Guillermo - (Dallas, TX) - Casa Bonita",
5580,5580 Mileage Reimbursement,rm,1,"Jon - (Sherman, TX) - Northridge Villas","recoded from 'ad' (standardized to majority ({'rm': 14, 'ad': 7, 'pr': 6}))"
5580,5580 Pool & Pool Equip,rm,2,"Yonnic - (Houston, TX) - Fall Lakes",
5580,5580 Pool & Pool Equip. Repairs,rm,2,"Guillermo - (Dallas, TX) - Casa Bonita",
5580,5580   UNIFORMS,ad,4,"Dylan - (Temple, TX) - Chappell Hill & Park at Chappell Hill",recoded from 'm' (house rule: uniforms -> ad)
55800,55800 · Apartment Cleaning,rm,2,"Dylan - (College Station, TX)  - Quarters on Luther",
55810,55810 · Carpet Cleaning,rm,2,"Dylan - (College Station, TX)  - Quarters on Luther",
55830,55830 · Meals for Workers,rm,2,"Dylan - (College Station, TX)  - Quarters on Luther",
55840,55840 · Painting,rm,2,"Dylan - (College Station, TX)  - Quarters on Luther",
5585,5585   INSTANT HOME EXPENSE,m,4,"Dylan - (Temple, TX) - Chappell Hill & Park at Chappell Hill",
55850,55850 · Storage for Turn,rm,2,"Dylan - (College Station, TX)  - Quarters on Luther",
5586,5586 Software Costs,ad,2,"Dylan - (Arlington, TX) - Sweet Redemption",
5590,5590 - Mgtm. Training Costs,pr,2,"Guillermo - (Lubbock, TX) - The Boulders at Lakeridge",
5590,5590 Office Supplies,ad,5,"Dylan - (Fort Worth, TX) - Woods of Eastchase",
5590,5590 RUBS Service,o,2,"Greg - (Houston, TX) - Hidden Park",
5590,5590 Sprinkler Repairs,rm,2,"Guillermo - (Dallas, TX) - Casa Bonita",
5590,"5590 Telephone, Cable TV, Internet",ad,2,"Dylan - (Arlington, TX) - Sweet Redemption",
5595,5595 - Rental Commissions,pr,2,"Guillermo - (Lubbock, TX) - The Boulders at Lakeridge",
5595,5595 Tools & Equipmen,rm,4,"Yonnic - (Houston, TX) - Fall Lakes",
5595,5595 Tools & Equipment,rm,2,"Guillermo - (Dallas, TX) - Casa Bonita",
5595,5595 Travel,ad,2,"Bryce - (Mineral Wells, TX) - The Dalton",
5598,5598 - Training & Seminar Expenses,ad,2,"Guillermo - (Lubbock, TX) - The Boulders at Lakeridge",
5598,5598 Uniform Purchase,ad,1,"Jon - (Sherman, TX) - Northridge Villas",
5600,5600 Other Office Expense,ad,4,"David - (Grand Prairie, TX) - Serrano Creek",
5600,5600 - Painting - Labor & Repair,rm,2,"Dylan - (Houston, TX) - Northbrooke",
5600,5600 REPAIRS & MAINTENANCE EXPENSES - Other,rm,2,"Emilio - (Garland, TX) - The Retreat at Faulkner Point",
5600,5600 Unit Preparation,rm,2,"Emilio - (Cedar Hill, TX) - S C Crossing",
56001,56001 ELECTRIC-HOU,e,2,"Danny - (Tulsa, OK) - Waterford",
5600101,5600101   Unit Electricity,e,2,"Chris - (Houston, TX) - Harpers Mill Apartments",
56002,56002 ELECTRIC-VAC,e,2,"Danny - (Tulsa, OK) - Waterford",
5600200,5600200  Advedising Media,m,2,"Chris - (Houston, TX) - Harpers Mill Apartments",
5600200,5600200   Advertising Media,m,13,0e66e893-T12__Property_Name__Month_Year__Processor.xlsx,
56004,56004 GAS-VACANT U,o,2,"Danny - (Tulsa, OK) - Waterford",
5600400,5600400  Trash Removal,tr,2,"Chris - (Houston, TX) - Harpers Mill Apartments",
56005,56005 WATER & SEW,w,2,"Danny - (Tulsa, OK) - Waterford",
5600500,5600500   Mini Model,m,1,0e66e893-T12__Property_Name__Month_Year__Processor.xlsx,
56006,56006 WATER & SEW,w,2,"Danny - (Tulsa, OK) - Waterford",
5600600,5600600  Ofice Decorations,m,2,"Chris - (Houston, TX) - Harpers Mill Apartments",
56007,56007 UTILITY BILLIN,w,2,"Danny - (Tulsa, OK) - Waterford",
5600700,5600700  Resident Referral,m,6,"Chris - (Baytown, TX) - Ranch at Rolling Brook",
56009,"56009 Training, Seminars & Education",ad,2,"David - (Waco, TX) - Eleven06 on 35","recoded from 'pr' (standardized to majority ({'pr': 4, 'ad': 13}))"
5600900,5600900   Signs and Banners,m,9,0e66e893-T12__Property_Name__Month_Year__Processor.xlsx,
5601,5601 Bank Fees,ad,5,"Yonnic - (San Antonio, TX) - The Kelly Apartments",
5601,5601 Carpentry,rm,2,"Emilio - (Garland, TX) - The Retreat at Faulkner Point",
5601,5601 - Make Ready - Supplies,rm,2,"Jon - (Waco, TX) - Red Oak Townhomes",
5601,5601 - Microwaves,rm,2,"Bryce - (Addison, TX) - Jade Addison",
5601,5601 Supplies,rm,6,"Jon - (Anadarko, OK) - The Crossings in Anadarko","recoded from 'ad' (standardized to majority ({'rm': 48, 'ad': 6}))"
5601-000,5601-000 Utilities - Gas - House,o,2,"Danny - (Tulsa, OK) - Metro Plex",
5602,5602 - Dishwashers,rm,2,"Bryce - (Addison, TX) - Jade Addison",
5602,5602 - Interior Cleaning - Contract,cs,2,"Jon - (Waco, TX) - Red Oak Townhomes",
5602,5602 - Painting - Supplies,rm,2,"Dylan - (Houston, TX) - Northbrooke",
5602,"5602 Windows, Doors Et Glass Repairs",rm,2,"Emilio  - (Fort Worth, TX) - Leuda-May Apartments",
5602,"5602 Windows, Doors & Glass Repairs",rm,2,"Emilio - (Garland, TX) - The Retreat at Faulkner Point",
5602-000,5602-000 Utilities - Electricity - House,e,2,"Danny - (Tulsa, OK) - Metro Plex",
5602.00,"5602.00 Windows, Doors & Glass Repairs",rm,2,"Emilio - (Dallas, TX) - The Apollo at Bishop Ridge",
5603,5603 - Carpet Cleaning/Repairs,rm,2,"Jon - (Waco, TX) - Red Oak Townhomes",
5603,5603 - Ranges And Parts,rm,2,"Bryce - (Addison, TX) - Jade Addison",
5603,5603 Telephone Servic,ad,2,"Jon - (Anadarko, OK) - The Crossings in Anadarko",
5603,5603 Telephone Services,ad,4,"David - (Grand Prairie, TX) - Serrano Creek",
5603-000,5603-000 Utilities - Water,w,2,"Danny - (Tulsa, OK) - Metro Plex",
5604,5604 - Housekeeping - Labor,rm,2,"Dylan - (Houston, TX) - Northbrooke",
5604,5604 - Painting Contract & Supplies,rm,2,"Jon - (Waco, TX) - Red Oak Townhomes",
5604,5604 - Refrigerators,rm,2,"Bryce - (Addison, TX) - Jade Addison",
5604,5604 Software,ad,4,"David - (Grand Prairie, TX) - Serrano Creek",
5604-000,5604-000 Utilities - Sewer,w,2,"Danny - (Tulsa, OK) - Metro Plex",
5604.00,5604.00 Maintenance Other,rm,2,"Emilio - (Dallas, TX) - The Apollo at Bishop Ridge",
5605,5605 Common Area Maintenance,rm,2,"Emilio - (Garland, TX) - The Retreat at Faulkner Point",
5605,5605 - Payroll-Maint. & Repairs,pr,2,"Guillermo - (Lubbock, TX) - The Boulders at Lakeridge",
5605,5605 Postage,ad,2,"Jon - (Anadarko, OK) - The Crossings in Anadarko",
5605,5605 - Washers And Dryers,rm,2,"Bryce - (Addison, TX) - Jade Addison",
5605-000,5605-000 Utilities - Other Utility Charges,o,2,"Danny - (Tulsa, OK) - Metro Plex",
5605-0000,5605-0000 Pet Rent,oi,4,"Danny - (Arlington, TX) - The Sherry",
5605.00,5605.00 Common Area Maintenance,rm,2,"Emilio - (Dallas, TX) - The Apollo at Bishop Ridge",
5606,5606 - Cleaning Supplies,rm,2,"Dylan - (Houston, TX) - Northbrooke",
5606,5606 Decoration,ad,4,"David - (Grand Prairie, TX) - Serrano Creek",
5606,5606 - Federal Payroll Taxes-Rep & Maint,pr,2,"Guillermo - (Lubbock, TX) - The Boulders at Lakeridge",
5606,5606 - Mini-Blind And Drapery Replacement,rm,2,"Bryce - (Addison, TX) - Jade Addison",
5606,"5606 - Windows, Doors & Screens",rm,2,"Jon - (Waco, TX) - Red Oak Townhomes",
5607,5607 Copies & Printing,ad,5,"Yonnic - (San Antonio, TX) - The Kelly Apartments",
5607,5607 - Light Bulbs And Fixtures,rm,2,"Bryce - (Addison, TX) - Jade Addison",
5607,5607 PM Annual Maintenance,rm,2,"Emilio  - (Fort Worth, TX) - Leuda-May Apartments",
5607,5607 Screening Expense,ad,4,"David - (Grand Prairie, TX) - Serrano Creek",
5607,5607 - TWC - Taxes Maint.,pr,2,"Guillermo - (Lubbock, TX) - The Boulders at Lakeridge",
5607-000,5607-000 Utilities - Electricity - Vacant,e,2,"Danny - (Tulsa, OK) - Metro Plex",
5608,5608 - Carpet Clean,rm,2,"Dylan - (Houston, TX) - Northbrooke",
5608,5608 Plumbing Repair,rm,2,"Emilio - (Garland, TX) - The Retreat at Faulkner Point",
5608,5608 Plumbing Repairs a Maint,rm,2,"Emilio  - (Fort Worth, TX) - Leuda-May Apartments",
5608-000,5608-000 Utilities - Trash Removal,tr,2,"Danny - (Tulsa, OK) - Metro Plex",
5608.00,5608.00 Plumbing Repairs,rm,2,"Emilio - (Dallas, TX) - The Apollo at Bishop Ridge",
5609,5609 Answering Service,ad,4,"David - (Grand Prairie, TX) - Serrano Creek",
5609,5609 - Carpet Replacement,rm,2,"Bryce - (Addison, TX) - Jade Addison",
5609,5609 Credit Reporting,ad,3,"Yonnic - (San Antonio, TX) - The Kelly Apartments",
5609,5609 HVAC Repair,rm,2,"Emilio - (Garland, TX) - The Retreat at Faulkner Point",
5609,5609 HVAC Repair Ft Maint,rm,2,"Emilio  - (Fort Worth, TX) - Leuda-May Apartments",
5609.00,5609.00 HVAC Parts & Supplies,rm,2,"Emilio - (Dallas, TX) - The Apollo at Bishop Ridge",
561,561 0400   Resident Relations,m,2,"Chris - (Alvin, TX) - Hillcrest Village",
5610,5610 Carpet & Carpet Pad Repairs,rm,2,"Guillermo - (Dallas, TX) - Casa Bonita",
5610,5610 - Carpet Repair,rm,2,"Dylan - (Houston, TX) - Northbrooke",
5610,5610 Electrical materials,rm,2,"Emilio  - (Fort Worth, TX) - Leuda-May Apartments",
5610,5610 - Flooring (Non-Carpet),rm,2,"Bryce - (Addison, TX) - Jade Addison",
5610,5610 G&A - Furniture & Equip Rental,ad,2,"Bryce - (San Antonio, TX) - Reserve at Lone Oak",
5610,5610 - Houskeeping Payroll,pr,2,"Guillermo - (Lubbock, TX) - The Boulders at Lakeridge",
5610,5610 Landscaping and Ground,cs,5,"Greg - (Houston, TX) - Hidden Park",
5610,5610 M/A Banners/Signs/Flyers,m,2,"Jon - (San Antonio, TX) - Salado Creek Villas",
5610,5610 Property Taxes,tx,1,"Jon - (Sherman, TX) - Northridge Villas",
5610,5610 Real Property Taxes,tx,4,"Dylan - (Fort Worth, TX) - Woods of Eastchase",
5610400,5610400   Resident Relations,m,13,0e66e893-T12__Property_Name__Month_Year__Processor.xlsx,
5610600,5610600   Marketing Materials,m,15,0e66e893-T12__Property_Name__Month_Year__Processor.xlsx,
5611,5611 - Bathroom Fixtures,rm,2,"Bryce - (Addison, TX) - Jade Addison",
5611,5611 Dues Ft Subscriptions,ad,3,"Yonnic - (San Antonio, TX) - The Kelly Apartments",
5611,5611 Dues & Subscriptions,ad,6,"David - (Grand Prairie, TX) - Serrano Creek",
5611,5611 Electrical Repair,rm,2,"Emilio - (Garland, TX) - The Retreat at Faulkner Point",
5611,5611 Electrical Repairs,rm,2,"Emilio  - (Fort Worth, TX) - Leuda-May Apartments",
5611.00,5611.00 Electrical - Services/Repairs,rm,2,"Emilio - (Dallas, TX) - The Apollo at Bishop Ridge",
5612,5612 - Kitchen Fixtures,rm,2,"Bryce - (Addison, TX) - Jade Addison",
5612,5612 Light Bulbs,rm,4,"Emilio - (Garland, TX) - The Retreat at Faulkner Point",
5613,5613 Filing Fees-Eviction/Writ,ad,5,"Yonnic - (San Antonio, TX) - The Kelly Apartments",
5613,5613 G&A - Executive Recruiting,ad,2,"Bryce - (San Antonio, TX) - Reserve at Lone Oak",
5613,5613 Gate Et Fence Repairs,rm,2,"Emilio  - (Fort Worth, TX) - Leuda-May Apartments",
5613,5613 Gate & Fence Repair,rm,2,"Emilio - (Garland, TX) - The Retreat at Faulkner Point",
5613,5613 - Hvac Replacement,rm,2,"Bryce - (Addison, TX) - Jade Addison",
5614,5614 G&A - Employee HR/Admin,ad,2,"Bryce - (San Antonio, TX) - Reserve at Lone Oak",
5614,5614 R&M Sheetrock Repair,rm,2,"Emilio - (Garland, TX) - The Retreat at Faulkner Point",
5614,5614 - Resurfacing,rm,2,"Dylan - (Houston, TX) - Northbrooke",
5614,5614 RM Sheetrock Repairs,rm,2,"Emilio  - (Fort Worth, TX) - Leuda-May Apartments",
5614.00,5614.00 Wall/Sheetrock Repairs(Occupied),rm,2,"Emilio - (Dallas, TX) - The Apollo at Bishop Ridge",
5615,5615 - Ceiling Fans,rm,2,"Bryce - (Addison, TX) - Jade Addison",
5615,5615 G&A - Employee Uniforms,ad,2,"Bryce - (San Antonio, TX) - Reserve at Lone Oak",
5615,5615 Hosting Fees - Software,ad,5,"Yonnic - (San Antonio, TX) - The Kelly Apartments",
5615,5615 M/A Marketing Costs/Brochures/Business/Name Cards,m,2,"Jon - (San Antonio, TX) - Salado Creek Villas",
5615,5615 Misc. Repair,rm,2,"Emilio - (Garland, TX) - The Retreat at Faulkner Point",
5615,5615 - Porter Payroll,pr,2,"Guillermo - (Lubbock, TX) - The Boulders at Lakeridge",
5615-0000,5615-0000 Washer/Dryer Rent,oi,4,"Danny - (Arlington, TX) - The Sherry",
5615.00,5615.00 Miscellaneous Repairs Expense,rm,2,"Emilio - (Dallas, TX) - The Apollo at Bishop Ridge",
5616,5616 - Door Replacement,rm,2,"Bryce - (Addison, TX) - Jade Addison",
5616,5616 G&A - Employee Recruiting,ad,2,"Bryce - (San Antonio, TX) - Reserve at Lone Oak",
5616,5616 - Sheetrock Repair-Turn,rm,2,"Dylan - (Houston, TX) - Northbrooke",
5617,5617 G&A - Employee Relations,ad,2,"Bryce - (San Antonio, TX) - Reserve at Lone Oak",
5617,5617 Miscellaneous Expenses,ad,4,"David - (Grand Prairie, TX) - Serrano Creek",
5617,5617 - Window Replacement,rm,2,"Bryce - (Addison, TX) - Jade Addison",
5618,5618 G&A - Employee Support & Welfare,ad,2,"Bryce - (San Antonio, TX) - Reserve at Lone Oak",
5618,5618 Laundry Room Repairs,rm,2,"Emilio  - (Fort Worth, TX) - Leuda-May Apartments",
5618,5618 - Make Ready Labor Costs,rm,2,"Dylan - (Houston, TX) - Northbrooke",
5619,5619 Appliance Repairs,rm,2,"Emilio - (Garland, TX) - The Retreat at Faulkner Point",
5619,5619 In Unit Appliance Repairs,rm,2,"Emilio  - (Fort Worth, TX) - Leuda-May Apartments",
5619,5619 Office Supplies,ad,3,"Yonnic - (San Antonio, TX) - The Kelly Apartments",
5619.00,5619.00 Appliance Repairs,rm,2,"Emilio - (Dallas, TX) - The Apollo at Bishop Ridge",
5620,5620 A/C - Heat Supplies,rm,2,Guillermo - (Baton Rouge) - Eden Point,
5620,5620 - Cell Phone Allowance - Repair and Main,pr,2,"Guillermo - (Lubbock, TX) - The Boulders at Lakeridge",
5620,5620 Cleaning Supplies,rm,6,"Yonnic - (Houston, TX) - Fall Lakes",
5620,5620   ELECTRICITY - HOUSE METERS,e,4,"Dylan - (Temple, TX) - Chappell Hill & Park at Chappell Hill",
5620,5620 G&A - Office Equipment,ad,2,"Bryce - (San Antonio, TX) - Reserve at Lone Oak",
5620,5620 Materials,rm,2,"Emilio  - (Fort Worth, TX) - Leuda-May Apartments",
5620,5620 Paint Supplies,rm,2,"Emilio - (Garland, TX) - The Retreat at Faulkner Point",
5620,5620 Pest Control,cs,5,"Greg - (Houston, TX) - Hidden Park",
5621,5621 Cabinet Repairs,rm,2,"Emilio  - (Fort Worth, TX) - Leuda-May Apartments",
5621,5621 G&A - Office Supplies,ad,2,"Bryce - (San Antonio, TX) - Reserve at Lone Oak",
5621,5621 Postage/Courier Service,ad,5,"Yonnic - (San Antonio, TX) - The Kelly Apartments",
5622,5622 G&A - Office Expense,ad,2,"Bryce - (San Antonio, TX) - Reserve at Lone Oak",
5622,5622 Recreational Repairs,rm,2,"Emilio  - (Fort Worth, TX) - Leuda-May Apartments",
5625,5625 Admin EXP New Hire,ad,2,"Jon - (San Antonio, TX) - Salado Creek Villas",
5625,5625 Cleaning Contract,rm,4,"Yonnic - (Houston, TX) - Fall Lakes",
5625,5625 Cleaning Contractors,rm,2,"Guillermo - (Dallas, TX) - Casa Bonita",
5625,5625 G&A - Property Management Software,ad,2,"Bryce - (San Antonio, TX) - Reserve at Lone Oak",
5625,5625 - Health Benefits - Repair and Main,pr,2,"Guillermo - (Lubbock, TX) - The Boulders at Lakeridge",
5625,5625 Snow & Ice,rm,2,"Emilio - (Garland, TX) - The Retreat at Faulkner Point",
5626,5626 G&A - Internet,ad,2,"Bryce - (San Antonio, TX) - Reserve at Lone Oak",
5627,5627 G&A - Cable Television,ad,2,"Bryce - (San Antonio, TX) - Reserve at Lone Oak",
5628,5628 G&A - PC Software & IT Support,ad,2,"Bryce - (San Antonio, TX) - Reserve at Lone Oak",
5630,5630   ELECTRICITY - VACANT/MODEL,e,4,"Dylan - (Temple, TX) - Chappell Hill & Park at Chappell Hill",
5630,5630 G&A - Telephone,ad,2,"Bryce - (San Antonio, TX) - Reserve at Lone Oak",
5630,5630 Landscaping & Groundskeeping,cs,2,"Jackson - (College Station, TX) - Anderson Point",
5630,5630 M/A Locator Services,m,2,"Jon - (San Antonio, TX) - Salado Creek Villas",
5630,5630 Trash Collection,tr,5,"Greg - (Houston, TX) - Hidden Park",
5630-0000,5630-0000 Key Fee,oi,2,"Danny - (San Antonio, TX) - Villas de Sendero",
5631,5631 G&A - Pager/Answering Service,ad,2,"Bryce - (San Antonio, TX) - Reserve at Lone Oak",
5631,5631 Sign Repairs,rm,2,"Emilio  - (Fort Worth, TX) - Leuda-May Apartments",
5632,5632 RM Blinds,rm,2,"Emilio - (Garland, TX) - The Retreat at Faulkner Point",
5633-0000,5633-0000 Non-Refundable Opportunity Fee,oi,4,"Danny - (Arlington, TX) - The Sherry",
5633.00,5633.00 Cleaning Contract(non-T/O),rm,2,"Emilio - (Dallas, TX) - The Apollo at Bishop Ridge",
5635,5635 G&A - Travel/Mileage/Fuel/Meals,ad,2,"Bryce - (San Antonio, TX) - Reserve at Lone Oak",
5635,5635 M/A Resident functions/Promotions,m,2,"Jon - (San Antonio, TX) - Salado Creek Villas",
5635-0000,5635-0000 Non-Refundable Pet Fee,oi,4,"Danny - (Arlington, TX) - The Sherry",
5635.00,5635.00 HVAC - Repairs(INACTIVE),rm,2,"Emilio - (Dallas, TX) - The Apollo at Bishop Ridge",
5640,5640 Appliance - Parts & Supplies,rm,2,Guillermo - (Baton Rouge) - Eden Point,
5640,"5640 Doors, Keys and",rm,2,"Emilio - (Cedar Hill, TX) - S C Crossing",
5640,"5640 Doors, Keys And Locks",rm,2,"Guillermo - (Dallas, TX) - Casa Bonita",
5640,5640 G&A - Postage & Delivery,ad,2,"Bryce - (San Antonio, TX) - Reserve at Lone Oak",
5640,5640 - Gas Allowance - Repair and Maint,pr,2,"Guillermo - (Lubbock, TX) - The Boulders at Lakeridge",
5640,5640 M/A Advertising/Website Expenses,m,2,"Jon - (San Antonio, TX) - Salado Creek Villas",
5640,5640 Pest Control (3rd Party),cs,2,"Jackson - (College Station, TX) - Anderson Point",
5640,5640 Professional Fees,ad,3,"Greg - (Houston, TX) - Encanto",
5640,5640   WATER & SEWER,w,4,"Dylan - (Temple, TX) - Chappell Hill & Park at Chappell Hill",
5641.00,5641.00 Golf Cart Maintenance,rm,2,"Emilio - (Dallas, TX) - The Apollo at Bishop Ridge",
5645,5645 Light Fixtures / Fa,rm,2,"Emilio - (Cedar Hill, TX) - S C Crossing",
5645,5645 Light Fixtures / Fans,rm,2,"Guillermo - (Dallas, TX) - Casa Bonita",
5645,5645 - Rent Allownance - Repair and Maint,pr,2,"Guillermo - (Lubbock, TX) - The Boulders at Lakeridge",
5645,5645   WATER - LAWN SPRINKLERS,w,4,"Dylan - (Temple, TX) - Chappell Hill & Park at Chappell Hill",
5650,5650 G&A - Dues/Subscriptions/Memberships,ad,2,"Bryce - (San Antonio, TX) - Reserve at Lone Oak",
5650,5650   GAS,o,4,"Dylan - (Temple, TX) - Chappell Hill & Park at Chappell Hill",
5650,5650 Mileage - Maintenance,rm,2,Guillermo - (Baton Rouge) - Eden Point,
5650,5650 Misc. Parts & Sup,rm,2,"Emilio - (Cedar Hill, TX) - S C Crossing",
5650,5650 Misc. Parts & Supplies,rm,2,"Guillermo - (Dallas, TX) - Casa Bonita",
5650-0000,5650-0000 Move Out Repair/Damages,oi,4,"Danny - (Arlington, TX) - The Sherry",
56501,56501 REAL ESTATE T,tx,2,"Danny - (Tulsa, OK) - Waterford",
56502,56502 PERSONAL PR,tx,2,"Danny - (Tulsa, OK) - Waterford",
5655,5655 G&A - Licenses/Fees/Permits,ad,2,"Bryce - (San Antonio, TX) - Reserve at Lone Oak",
5655-0000,5655-0000 Lease Cancellation Charges,oi,4,"Danny - (Arlington, TX) - The Sherry",
5655-0000,5655-0000 Other Prop Management Company Operating Expense,mf,3,"Guillermo - (Fort Worth, TX) - The Flats at Brentwood",
5660,5660 G&A - Bank Charges,ad,2,"Bryce - (San Antonio, TX) - Reserve at Lone Oak",
5660,5660 Paint,rm,4,"Emilio - (Cedar Hill, TX) - S C Crossing",
5660,5660 Security Services,cs,5,"Greg - (Houston, TX) - Hidden Park",2xad
5660,5660   TRASH REMOVAL,tr,4,"Dylan - (Temple, TX) - Chappell Hill & Park at Chappell Hill",
5665,5665 Misc. Maintenance Supplies,rm,2,Guillermo - (Baton Rouge) - Eden Point,
5665-0000,5665-0000 Garage/Parking Rent,oi,4,"Danny - (Arlington, TX) - The Sherry",
5670,5670 Pool Cleaning/Care (3rd Party),cs,2,"Jackson - (College Station, TX) - Anderson Point",
5670,5670 Renters Insurance,ad,5,"Greg - (Houston, TX) - Hidden Park",
5671,5671 Pool Emergency Phon,cs,2,"Jackson - (College Station, TX) - Anderson Point",
5671.00,5671.00 Supplies Expense,ad,2,"Emilio - (Dallas, TX) - The Apollo at Bishop Ridge","recoded from 'rm' (standardized to majority ({'ad': 6, 'rm': 4}))"
5672,"5672 Locks, Keys a Remotes",rm,2,"Emilio  - (Fort Worth, TX) - Leuda-May Apartments",
5672,"5672 Locks, Keys & Remotes",rm,2,"Emilio - (Garland, TX) - The Retreat at Faulkner Point",
5672.00,"5672.00 Locks, Keys & Remotes",rm,2,"Emilio - (Dallas, TX) - The Apollo at Bishop Ridge",
5673,5673 Cleaning Supplies,rm,4,"Emilio - (Garland, TX) - The Retreat at Faulkner Point",
5673.00,5673.00 Cleaning Supplies,rm,2,"Emilio - (Dallas, TX) - The Apollo at Bishop Ridge",
5674,5674 Maintenance Supplies,rm,2,"Emilio  - (Fort Worth, TX) - Leuda-May Apartments",
5675,5675 Carpentry,rm,2,Guillermo - (Baton Rouge) - Eden Point,
5675,5675 Wall Repairs,rm,2,"Guillermo - (Dallas, TX) - Casa Bonita",
5677,5677 Small Tools/Equipment,rm,4,"Emilio - (Garland, TX) - The Retreat at Faulkner Point",
5682.00,5682.00 Safety/Fire Protection Supplies,rm,2,"Emilio - (Dallas, TX) - The Apollo at Bishop Ridge",
5690,5690 Carpet Cleaning,rm,2,Guillermo - (Baton Rouge) - Eden Point,
5690,5690 G&A - Other Expenses,ad,2,"Bryce - (San Antonio, TX) - Reserve at Lone Oak",
5695,5695 Carpet and Tile Repair,rm,2,Guillermo - (Baton Rouge) - Eden Point,
5700,5700 ADMINISTRATION - Other,ad,2,"Jackson - (College Station, TX) - Anderson Point",
5700,5700 - Carpentry Supplies,rm,2,"Dylan - (Houston, TX) - Northbrooke",
5700,5700 - Electricity-Clubhouse/Office,e,2,"Jon - (Waco, TX) - Red Oak Townhomes",
5700,5700   INSURANCE EXPENSE,i,4,"Dylan - (Temple, TX) - Chappell Hill & Park at Chappell Hill",
5700,5700 PAYROLL EXPENSE - Other,pr,2,"Emilio - (Garland, TX) - The Retreat at Faulkner Point",
5700-0000,5700-0000 Miscellaneous Income,oi,4,"Danny - (Arlington, TX) - The Sherry",
57000,57000 · Management Fees,mf,2,"Dylan - (College Station, TX)  - Quarters on Luther",
57001,57001 PROPERTY INS,i,2,"Danny - (Tulsa, OK) - Waterford",
57001,57001 Rental Expense,ad,2,"Paul - (Fort Worth, TX) - Rio Apartments",
5700100,5700100   Carpentry,rm,9,0e66e893-T12__Property_Name__Month_Year__Processor.xlsx,
5700100,5700100  Carpentry/ Resurfacing,rm,4,"Chris - (Baytown, TX) - Ranch at Rolling Brook",
5700200,5700200   Paint Contract,rm,15,0e66e893-T12__Property_Name__Month_Year__Processor.xlsx,
5700400,5700400   Ceiling fans,rm,10,"Chris - (Alvin, TX) - Hillcrest Village",
5700500,5700500   Small Tools,rm,15,0e66e893-T12__Property_Name__Month_Year__Processor.xlsx,
5700600,5700600  Resurfacing,rm,14,"Chris - (Alvin, TX) - Oak Park Village",
5700700,5700700   Electrical Pars and Labor,rm,2,"Chris - (Houston, TX) - Harpers Mill Apartments",
5700700,5700700   Electrical Parts and Labor,rm,13,0e66e893-T12__Property_Name__Month_Year__Processor.xlsx,
5700900,5700900  Air Conditioning and Heal,rm,4,"Chris - (Baytown, TX) - Ranch at Rolling Brook",
5700900,5700900   Air Conditioning and Heat,rm,11,0e66e893-T12__Property_Name__Month_Year__Processor.xlsx,
5701,5701 HVAC,rm,2,"Jon - (Anadarko, OK) - The Crossings in Anadarko",
5701,5701 Office Supplies,ad,4,"Bryce - (OKC, OK) - 717 Ventura South",
57010,57010 Software,ad,2,"Paul - (Fort Worth, TX) - Rio Apartments",
5701000,5701000   Pool Supplies and Repairs,rm,15,0e66e893-T12__Property_Name__Month_Year__Processor.xlsx,
57011,57011 Property Management Software,ad,2,"Paul - (Fort Worth, TX) - Rio Apartments",
5701100,5701100   General Supplies,rm,5,0e66e893-T12__Property_Name__Month_Year__Processor.xlsx,
5701200,5701200   Landscaping Supplies,rm,9,0e66e893-T12__Property_Name__Month_Year__Processor.xlsx,
5701300,5701300 Plumbing Labor And Pars,rm,2,"Chris - (Alvin, TX) - Morgan Oaks",
5701300,5701300   Plumbing Labor and Parts,rm,13,0e66e893-T12__Property_Name__Month_Year__Processor.xlsx,
5701400,5701400 Stairs/Sidewalk,rm,2,"Chris - (Alvin, TX) - Morgan Oaks",
57015,57015 IT Maintenance and Support,ad,2,"Paul - (Fort Worth, TX) - Rio Apartments",
5701500,5701500  Water Softener,rm,4,"Chris - (Baytown, TX) - Ranch at Rolling Brook",
5701600,5701600   Glass and Mirror,rm,15,0e66e893-T12__Property_Name__Month_Year__Processor.xlsx,
5701700,5701700   Driveway and Sidewalk Repairs,rm,3,0e66e893-T12__Property_Name__Month_Year__Processor.xlsx,
5701800,5701800   Appliance,rm,15,0e66e893-T12__Property_Name__Month_Year__Processor.xlsx,
5701900,5701900   Mini-blinds,rm,15,0e66e893-T12__Property_Name__Month_Year__Processor.xlsx,
5702,5702 Answering Service,ad,4,"Bryce - (OKC, OK) - 717 Ventura South",
5702,5702 - Automobile Expenses,ad,2,"Bryce - (Addison, TX) - Jade Addison",
5702,5702 Salaries - Community Director,pr,2,"Emilio - (Garland, TX) - The Retreat at Faulkner Point",
5702.00,5702.00 Salaries - Management,pr,2,"Emilio - (Dallas, TX) - The Apollo at Bishop Ridge",
57020,57020 Office Cable/Phone/Internet,ad,2,"Paul - (Fort Worth, TX) - Rio Apartments",
5702100,5702100  Safely Equipment,rm,2,"Chris - (Alvin, TX) - Oak Park Village",
5702100,5702100   Safety Equipment,rm,13,0e66e893-T12__Property_Name__Month_Year__Processor.xlsx,
5702200,5702200  Carpet Cleaning and Repairs,rm,14,"Chris - (Alvin, TX) - Oak Park Village",
5702300,5702300   Building Maintenance and Supplies,rm,15,0e66e893-T12__Property_Name__Month_Year__Processor.xlsx,
5702400,5702400   Light Bulbs and Accessories,rm,15,0e66e893-T12__Property_Name__Month_Year__Processor.xlsx,
5702500,5702500   Locks and Keys,rm,15,0e66e893-T12__Property_Name__Month_Year__Processor.xlsx,
5702600,5702600   Janitorial Service and Supplies,rm,15,0e66e893-T12__Property_Name__Month_Year__Processor.xlsx,
5702800,5702800   Paint-Purchase only,rm,15,0e66e893-T12__Property_Name__Month_Year__Processor.xlsx,
5702900,5702900  Gate Repairs,rm,10,"Chris - (Alvin, TX) - Oak Park Village",
5703,5703 Management Fee-Asset,mf,2,"Emilio - (Dallas, TX) - The Newport",
5703,5703 Salaries - Assistant Community Director,pr,2,"Emilio  - (Fort Worth, TX) - Leuda-May Apartments",
5703,5703 Telephone & Internet,ad,4,"Bryce - (OKC, OK) - 717 Ventura South",
5703.00,5703.00 Salaries - Assistant Manager,pr,2,"Emilio - (Dallas, TX) - The Apollo at Bishop Ridge",
57030,57030 Office Supplies,ad,2,"Paul - (Fort Worth, TX) - Rio Apartments",
5703000,5703000   Roof Repairs,rm,4,"Chris - (Baytown, TX) - Ranch at Rolling Brook",
5704,5704 - Plumbing Supplies,rm,2,"Dylan - (Houston, TX) - Northbrooke",
5704,5704 Salaries - Leasing Professional,pr,4,"Emilio - (Garland, TX) - The Retreat at Faulkner Point",
5704.00,5704.00 Salaries - Leasing Consultant,pr,2,"Emilio - (Dallas, TX) - The Apollo at Bishop Ridge",
57040,57040 Bank Fees,ad,2,"Paul - (Fort Worth, TX) - Rio Apartments",
5705,5705 - Electricity-Vacants,e,2,"Jon - (Waco, TX) - Red Oak Townhomes",
5705,5705 - Maintenance Materials,rm,2,"Guillermo - (Lubbock, TX) - The Boulders at Lakeridge",
5705,5705 Office Supplies,ad,5,"Greg - (Houston, TX) - Hidden Park",
5705,5705 Software,ad,4,"Bryce - (OKC, OK) - 717 Ventura South",
57050,57050 Postage / Shipping,ad,2,"Paul - (Fort Worth, TX) - Rio Apartments",
5706,5706 Bank Fees & Service,ad,4,"Bryce - (OKC, OK) - 717 Ventura South",
5706,5706 - Plumbing Labor,rm,2,"Dylan - (Houston, TX) - Northbrooke",
5706,5706 Salaries - Porter,pr,4,"Emilio - (Garland, TX) - The Retreat at Faulkner Point",
5706,5706 Sub-Contractors,pr,4,"David - (Grand Prairie, TX) - Serrano Creek",
5706.00,5706.00 Salaries - Grounds,pr,2,"Emilio - (Dallas, TX) - The Apollo at Bishop Ridge",
57060,57060 Eviction & Filing Fees,ad,2,"Paul - (Fort Worth, TX) - Rio Apartments",
57065,57065 Credit Builder Fee,ad,2,"Paul - (Fort Worth, TX) - Rio Apartments",
5707,5707 Dues & Subscriptions,ad,4,"Bryce - (OKC, OK) - 717 Ventura South",
5707,5707 Management Fee - Incentive,mf,2,"Emilio - (Dallas, TX) - The Newport",
5707,5707 Salaries - Maintenance Director,pr,2,"Emilio  - (Fort Worth, TX) - Leuda-May Apartments",
5707.00,5707.00 Salaries - Maintenance,pr,2,"Emilio - (Dallas, TX) - The Apollo at Bishop Ridge",
57070,57070 Payment Processor Fees,ad,2,"Paul - (Fort Worth, TX) - Rio Apartments",
5708,5708 Contractors,pr,4,"David - (Grand Prairie, TX) - Serrano Creek",
5708,5708 - Electrical Supplies,rm,2,"Dylan - (Houston, TX) - Northbrooke",
5708,5708 Office Supplies,ad,2,"Jackson - (College Station, TX) - Anderson Point",
5708,5708 Salaries - Maintenance Technician,pr,4,"Emilio - (Garland, TX) - The Retreat at Faulkner Point",
5708.00,5708.00 Salaries - Make Ready,pr,2,"Emilio - (Dallas, TX) - The Apollo at Bishop Ridge",
57080,57080 Dues / Permits,ad,2,"Paul - (Fort Worth, TX) - Rio Apartments",
5709,5709 Eviction & Legal Fees,ad,4,"Bryce - (OKC, OK) - 717 Ventura South",
5709,5709 Lease Commissions/Bonuses,pr,2,"Emilio  - (Fort Worth, TX) - Leuda-May Apartments",
5709,5709 Plumbing Supp,rm,2,"Jon - (Anadarko, OK) - The Crossings in Anadarko",
5709.00,5709.00 Lease Renewals/Bonuses,pr,2,"Emilio - (Dallas, TX) - The Apollo at Bishop Ridge",
57095,57095 Employee Meals,ad,2,"Paul - (Fort Worth, TX) - Rio Apartments",
5709900,5709900   Miscellaneous/Other,rm,14,"Chris - (Alvin, TX) - Oak Park Village",
5709901,5709901   Vendor Rebate,rm,1,0e66e893-T12__Property_Name__Month_Year__Processor.xlsx,
5710,5710 Admin Exp Blue Moon Leases Expense,ad,2,"Jon - (San Antonio, TX) - Salado Creek Villas",
5710,5710 Answering Service,ad,3,"Greg - (Houston, TX) - Encanto",
5710,5710 Cleaning Apartments,rm,2,Guillermo - (Baton Rouge) - Eden Point,
5710,5710 - Electricity - Common,e,2,"Jon - (Waco, TX) - Red Oak Townhomes",
5710,5710 Make Ready S,rm,2,"Jon - (Anadarko, OK) - The Crossings in Anadarko",
5710,5710 Payroll Taxes,pr,2,"Emilio  - (Fort Worth, TX) - Leuda-May Apartments",
5710,5710 Postage & Delivery,ad,4,"Bryce - (OKC, OK) - 717 Ventura South",
5710,5710 Property Inspections,ad,4,"David - (Grand Prairie, TX) - Serrano Creek",
5710,5710 Property Tax,tx,2,"Dylan - (Arlington, TX) - Sweet Redemption",
5710-1010,5710-1010 Marketing: Advertising - Ink,m,5,"Yonnic - (Austin, TX) - Alma North Plaza",
5710-1020,5710-1020 Marketing: Advertising - Fliers,m,2,"Yonnic - (Austin, TX) - Alma North Plaza",
5710-1030,5710-1030 Marketing: Advertising - Literature,m,5,"Yonnic - (Austin, TX) - Alma North Plaza",
5710-1040,5710-1040 Marketing: Advertising - Internet,m,5,"Yonnic - (Austin, TX) - Alma North Plaza",
5710-1050,5710-1050 Digital Strategy & Advertising,m,5,"Yonnic - (Austin, TX) - Alma North Plaza",
5710.00,5710.00 Payroll Taxes,pr,2,"Emilio - (Dallas, TX) - The Apollo at Bishop Ridge",
57100,57100 Applicant Screening Service,ad,2,"Paul - (Fort Worth, TX) - Rio Apartments",
57100,57100 Resident Events,m,2,"David - (Waco, TX) - Eleven06 on 35",
5711,5711 Cleaning Office,rm,2,Guillermo - (Baton Rouge) - Eden Point,
5711,5711 Prof Fees - Legal/Eviction,ad,2,"Bryce - (San Antonio, TX) - Reserve at Lone Oak",
5711.00,5711.00 Medical Premiums,pr,2,"Emilio - (Dallas, TX) - The Apollo at Bishop Ridge",
5712,5712 - Cleaning Services (Non Turn),rm,2,"Dylan - (Houston, TX) - Northbrooke",
5712,5712 Licenses & Permits,ad,4,"Bryce - (OKC, OK) - 717 Ventura South",
5712,5712 Pest Control Su,cs,2,"Jon - (Anadarko, OK) - The Crossings in Anadarko",
5712,5712 Workers Compensation,pr,2,"Emilio  - (Fort Worth, TX) - Leuda-May Apartments",
5712.00,5712.00 Workers Compensation,pr,2,"Emilio - (Dallas, TX) - The Apollo at Bishop Ridge",
5713,5713 Temporary Services,ad,2,"Emilio  - (Fort Worth, TX) - Leuda-May Apartments","recoded from 'pr' (standardized to majority ({'ad': 2, 'pr': 2}))"
57130,57130 Employee Appreciation,pr,2,"Paul - (Fort Worth, TX) - Rio Apartments","recoded from 'ad' (standardized to majority ({'pr': 4, 'ad': 2}))"
5714,5714 Appliance Re,rm,2,"Jon - (Anadarko, OK) - The Crossings in Anadarko",
5714,5714 Staff Retention,ad,4,"Bryce - (OKC, OK) - 717 Ventura South",
5714.00,5714.00 401K Contribution,pr,2,"Emilio - (Dallas, TX) - The Apollo at Bishop Ridge",
57140,57140 Training / Seminars / Conferences,ad,2,"Paul - (Fort Worth, TX) - Rio Apartments",
5715,5715 Bank Fees,ad,2,"Jackson - (College Station, TX) - Anderson Point",
5715,5715 Cleaning Supplies,rm,2,Guillermo - (Baton Rouge) - Eden Point,
5715,5715 - Contractor Fuel Expense,rm,2,"Guillermo - (Lubbock, TX) - The Boulders at Lakeridge",
5715,5715 Office Alarm,ad,4,"Bryce - (OKC, OK) - 717 Ventura South",
5715,5715 Payroll Processing,ad,2,"Emilio  - (Fort Worth, TX) - Leuda-May Apartments","recoded from 'pr' (standardized to majority ({'ad': 18, 'pr': 6}))"
5715,5715 Telephone & Internet,ad,5,"Greg - (Houston, TX) - Hidden Park",
5715-0000,5715-0000 Marketing: Leasing Hospitality,m,5,"Yonnic - (Austin, TX) - Alma North Plaza",
5716.00,5716.00 Payroll - Other,pr,2,"Emilio - (Dallas, TX) - The Apollo at Bishop Ridge",
5717,5717 Accounting,ad,4,"Bryce - (OKC, OK) - 717 Ventura South",
5717,5717 Employee Appreciation,pr,2,"Emilio  - (Fort Worth, TX) - Leuda-May Apartments",
5717-0000,5717-0000 Leasing & Hospitality,m,5,"Yonnic - (Austin, TX) - Alma North Plaza",
5717.00,5717.00 Employee Relations,ad,2,"Emilio - (Dallas, TX) - The Apollo at Bishop Ridge","recoded from 'pr' (standardized to majority ({'pr': 25, 'ad': 48}))"
5718,5718 - Roof Repair-Minor,rm,2,"Dylan - (Houston, TX) - Northbrooke",
5718.00,5718.00 Uniforms,ad,2,"Emilio - (Dallas, TX) - The Apollo at Bishop Ridge",recoded from 'pr' (house rule: uniforms -> ad)
5720,5720 Cell Phones,ad,5,"Greg - (Houston, TX) - Hidden Park",
5720,5720 Courtesy Patrol,cs,4,"Yonnic - (Houston, TX) - Fall Lakes",
5720,5720 Credit Builder,ad,2,"Bryce - (OKC, OK) - 717 Ventura South",
5720,5720 Credit Builder Fee,ad,2,"Bryce - (OKC, OK) - 5560 Medical",
5720,5720 - Gate & Fence Repair,rm,2,"Dylan - (Houston, TX) - Northbrooke",
5720,5720 - Water & Sewer,w,2,"Jon - (Waco, TX) - Red Oak Townhomes",
5720-,5720- Safety Supplies,rm,2,"Guillermo - (Lubbock, TX) - The Boulders at Lakeridge",
5720-0000,5720-0000 Marketing: Resident Retention,m,5,"Yonnic - (Austin, TX) - Alma North Plaza",
5721,5721 Copy Machine Rental,ad,4,"Bryce - (OKC, OK) - 717 Ventura South",
5721,5721 Resman Software Expense - Other,ad,2,"Jackson - (College Station, TX) - Anderson Point",
5721.01,5721.01 Resman-CreditBuilder Expense,ad,2,"Jackson - (College Station, TX) - Anderson Point",
5724,5724 - Alarm System | Life Safety Repair,rm,2,"Dylan - (Houston, TX) - Northbrooke",
5725,5725 Computer Software & In,ad,5,"Greg - (Houston, TX) - Hidden Park",
5725,5725 - Plumbing Parts,rm,2,"Guillermo - (Lubbock, TX) - The Boulders at Lakeridge",
5725-0000,5725-0000 Laundry Income,oi,4,"Danny - (Arlington, TX) - The Sherry",
5725-1000,5725-1000 Marketing: Signage - Advertising,m,5,"Yonnic - (Austin, TX) - Alma North Plaza",
5726,5726 Office Refreshments,ad,4,"Bryce - (OKC, OK) - 717 Ventura South",
5726,5726 Salaries - Administrative Assistant,pr,2,"Emilio  - (Fort Worth, TX) - Leuda-May Apartments",
5727.00,5727.00 Temp Service - Admin,pr,2,"Emilio - (Dallas, TX) - The Apollo at Bishop Ridge",
5728,5728 Additional Bonus,pr,2,"Emilio  - (Fort Worth, TX) - Leuda-May Apartments",
5728,5728 Utility Billing,ad,4,"Bryce - (OKC, OK) - 717 Ventura South",
5728.00,5728.00 Cell Phone Allowance,pr,2,"Emilio - (Dallas, TX) - The Apollo at Bishop Ridge",
5729,5729 CL - Make Ready & Paint,pr,2,"Emilio - (Garland, TX) - The Retreat at Faulkner Point",
5729,5729 Other Expense,ad,4,"Bryce - (OKC, OK) - 717 Ventura South",
5729.00,5729.00 Temp Service - Maintenance,pr,2,"Emilio - (Dallas, TX) - The Apollo at Bishop Ridge",
5730,5730 Admin Exp Eviction and Court Related Fees,ad,2,"Jon - (San Antonio, TX) - Salado Creek Villas",
5730,5730 Bank Fees & Service,ad,5,"Greg - (Houston, TX) - Hidden Park",
5730,5730 - Cable Expense,o,2,"Jon - (Waco, TX) - Red Oak Townhomes",
5730,5730 Electrical Supplies,rm,4,Guillermo - (Baton Rouge) - Eden Point,
5730,5730 HOA Dues,cs,2,"Yonnic - (Houston, TX) - Fall Lakes",
5730-0000,5730-0000 Marketing: Referral Fees,m,5,"Yonnic - (Austin, TX) - Alma North Plaza",
5730-0000,5730-0000 Transfer Fee,oi,4,"Danny - (Arlington, TX) - The Sherry",
5731,5731 Electrical Repairs,rm,2,Guillermo - (Baton Rouge) - Eden Point,
5731,5731 - Fire & Safety Equipment,rm,2,"Dylan - (Houston, TX) - Northbrooke",
5732,5732 Eviction & Related Costs,ad,2,"Jackson - (College Station, TX) - Anderson Point",
5732,5732 - Fire System Repair,rm,2,"Dylan - (Houston, TX) - Northbrooke",
5735,5735 Dues & Subscriptions,ad,5,"Greg - (Houston, TX) - Hidden Park",
5735,5735 - Paint Supplies,rm,2,"Guillermo - (Lubbock, TX) - The Boulders at Lakeridge",
5735,5735 - Utility Billing Expense,o,2,"Jon - (Waco, TX) - Red Oak Townhomes",
5735-0000,5735-0000 Marketing: Locator Commissions,m,5,"Yonnic - (Austin, TX) - Alma North Plaza",
5738,5738 - Hardware,rm,2,"Dylan - (Houston, TX) - Northbrooke",
5740,5740 Admin Exp Writ Expense,ad,2,"Jon - (San Antonio, TX) - Salado Creek Villas",
5740,5740 Landscape Mainte,cs,4,"Yonnic - (Houston, TX) - Fall Lakes",
5740,5740 Landscape Maintenance,cs,2,"Guillermo - (Dallas, TX) - Casa Bonita",
5740-0000,5740-0000 Marketing: Supplies,m,3,"Guillermo - (Fort Worth, TX) - The Flats at Brentwood",
5745,5745 Exterminating,cs,2,Guillermo - (Baton Rouge) - Eden Point,"recoded from 'rm' (standardized to majority ({'cs': 14, 'rm': 2}))"
5745,5745 - HVAC Supplies,rm,2,"Guillermo - (Lubbock, TX) - The Boulders at Lakeridge",
5746,5746 - Locks & Keys,rm,2,"Dylan - (Houston, TX) - Northbrooke",
5748,5748 - Light Bulbs,rm,2,"Dylan - (Houston, TX) - Northbrooke",
5750,5750 Admin Exp Tenant Screening,ad,2,"Jon - (San Antonio, TX) - Salado Creek Villas",
5750,5750 - Appliance Parts,rm,2,"Guillermo - (Lubbock, TX) - The Boulders at Lakeridge",
5750,5750 Exterior Repairs,rm,2,Guillermo - (Baton Rouge) - Eden Point,
5750,5750 Management Fees,mf,2,"Guillermo - (Dallas, TX) - Casa Bonita",
5750,5750 Postage & Delivery,ad,5,"Greg - (Houston, TX) - Hidden Park",
5750-0000,5750-0000 Customer Screening,ad,5,"Yonnic - (Austin, TX) - Alma North Plaza",
57502,57502 SEO,m,2,"David - (Waco, TX) - Eleven06 on 35",
57504,57504 Other Advertising & Promotional,m,2,"David - (Waco, TX) - Eleven06 on 35",
57505,57505 Media Advertising,m,2,"David - (Waco, TX) - Eleven06 on 35",
57507,57507 Resident Relations,m,2,"David - (Waco, TX) - Eleven06 on 35",
57509,57509 Domain / Website Expenses,m,2,"David - (Waco, TX) - Eleven06 on 35",
5752,5752 - Hvac Supplies,rm,2,"Dylan - (Houston, TX) - Northbrooke",
5755,5755 Fire Extinguishers & Alarms,rm,2,Guillermo - (Baton Rouge) - Eden Point,
5755,5755 Other Contract Services,cs,2,"Guillermo - (Dallas, TX) - Casa Bonita",
5755,5755 Property Management Fee,mf,2,"Jackson - (College Station, TX) - Anderson Point",
5755,5755 Tenant Screening,ad,5,"Greg - (Houston, TX) - Hidden Park",
5756,5756 - Windows Glass - Screens,rm,2,"Dylan - (Houston, TX) - Northbrooke",
5757,5757 Gate / Fence Repair,rm,2,Guillermo - (Baton Rouge) - Eden Point,
5760,5760 Admin Credit Builder Expense,ad,2,"Jon - (San Antonio, TX) - Salado Creek Villas",
5760,5760 Licenses & Permits,ad,5,"Greg - (Houston, TX) - Hidden Park",
5760,5760 Pest Control,cs,6,"Yonnic - (Houston, TX) - Fall Lakes",
5760-0000,5760-0000 Marketing: Model Staging,m,5,"Yonnic - (Austin, TX) - Alma North Plaza",
57600,57600 Signage,m,2,"David - (Waco, TX) - Eleven06 on 35",
5762,5762 - Doors & Door Supplies,rm,2,"Dylan - (Houston, TX) - Northbrooke",
5765-0000,5765-0000 Uniforms,ad,5,"Yonnic - (Austin, TX) - Alma North Plaza",
5770,5770 - Appliance Parts,rm,2,"Dylan - (Houston, TX) - Northbrooke",
5770,5770 Interior Supplies,rm,2,Guillermo - (Baton Rouge) - Eden Point,
5770,5770 Resident Cable C,cs,2,"Yonnic - (Houston, TX) - Fall Lakes",
5770-0000,5770-0000 Marketing: Other,m,5,"Yonnic - (Austin, TX) - Alma North Plaza",
57700,"57700 Brochures, Floor Plans & Letterhead",m,2,"David - (Waco, TX) - Eleven06 on 35",
5772,5772 - Equipment | Tools,rm,2,"Dylan - (Houston, TX) - Northbrooke",
5774,5774 - Pool Supplies,rm,2,"Dylan - (Houston, TX) - Northbrooke",
5775,5775 Business Meals,ad,2,"Greg - (Houston, TX) - Hidden Park",
5775,5775 Interior Repairs,rm,2,Guillermo - (Baton Rouge) - Eden Point,
5775,5775 Telephone & Internet,ad,2,"Jackson - (College Station, TX) - Anderson Point",
5775,5775 Utility Billing,ad,4,"Yonnic - (Houston, TX) - Fall Lakes","recoded from 'o' (standardized to majority ({'cs': 5, 'ad': 10, 'o': 8, 'w': 6}))"
5780,5780 Lawns & Grounds,rm,2,Guillermo - (Baton Rouge) - Eden Point,
5780,5780 Property Related Payroll,pr,2,"Emilio  - (Fort Worth, TX) - Leuda-May Apartments",
5780,5780 Tenant Screening,ad,2,"Jackson - (College Station, TX) - Anderson Point",
5780,5780 Waste Removal,tr,6,"Yonnic - (Houston, TX) - Fall Lakes",
5780-0000,5780-0000 Marketing: Reimb,m,5,"Yonnic - (Austin, TX) - Alma North Plaza",
5781,5781 - General Maintenance,rm,2,"Dylan - (Houston, TX) - Northbrooke",
5781,5781 Valet Trash,tr,2,"Yonnic - (Houston, TX) - Fall Lakes",
5785,5785 Locks and Keys Supplies,rm,2,Guillermo - (Baton Rouge) - Eden Point,
5788,5788 Misc Admin,ad,5,"Greg - (Houston, TX) - Hidden Park",
5789,5789 Property Reimbursed Payroll,pr,2,"Emilio  - (Fort Worth, TX) - Leuda-May Apartments",
57900,57900 Marketing Resident Retention,m,2,"David - (Waco, TX) - Eleven06 on 35",
5792,5792 ResMan,ad,5,"Greg - (Houston, TX) - Hidden Park",
5794,5794 Eviction & Related Fees,ad,3,"Greg - (Houston, TX) - Encanto",
57950,57950 Resident Referrals,m,2,"David - (Waco, TX) - Eleven06 on 35",
5800,5800 Maint. Equip. Rental,rm,2,Guillermo - (Baton Rouge) - Eden Point,
5800,5800 - Property Taxes,tx,6,"Dylan - (Houston, TX) - Northbrooke",
5800,5800 UTILITY EXPENSES - Other,e,2,"Emilio - (Garland, TX) - The Retreat at Faulkner Point",
5800-0000,5800-0000 Late Charge Fees,oi,4,"Danny - (Arlington, TX) - The Sherry",
58000,58000 · General Liability Insurance,i,2,"Dylan - (College Station, TX)  - Quarters on Luther",
5800100,5800100  Electrcity,e,2,"Chris - (Sealy, TX) - Edgewood",
5800100,5800100   Electricity,e,11,0e66e893-T12__Property_Name__Month_Year__Processor.xlsx,
5800101,5800101   Electricity - Vacant,e,3,0e66e893-T12__Property_Name__Month_Year__Processor.xlsx,
5800101,5800101    Unit Electricity,e,6,"Chris - (Alvin, TX) - Oak Park Village",
5800101,5800101   vacant unit,e,4,"Chris - (Baytown, TX) - Ranch at Rolling Brook",
5800102,5800102   Electric Reimbursement,e,4,"Chris - (Baytown, TX) - Ranch at Rolling Brook",
5800200,5800200  Gas,o,10,"Chris - (Alvin, TX) - Hillcrest Village",
5800202,5800202  Gas Reimbursement,o,6,"Chris - (Baytown, TX) - Ranch at Rolling Brook",1xro
5800300,5800300   Water,w,13,0e66e893-T12__Property_Name__Month_Year__Processor.xlsx,
5800301,5800301    Utility Billing,ad,6,"Chris - (Alvin, TX) - Hillcrest Village","recoded from 'w' (standardized to majority ({'cs': 5, 'ad': 10, 'o': 8, 'w': 6}))"
5800302,5800302  Utility reimbursement,rw,8,"Chris - (Alvin, TX) - Hillcrest Village",3xo
5800302,5800302 Water Reimbursement,w,4,"Chris - (Alvin, TX) - Morgan Oaks",1xrw
5800400,5800400   Trash Removal,tr,13,0e66e893-T12__Property_Name__Month_Year__Processor.xlsx,
5800401,5800401   Valet Trash,tr,1,0e66e893-T12__Property_Name__Month_Year__Processor.xlsx,
5800402,5800402 Trash Reimbursement,tr,10,"Chris - (Alvin, TX) - Morgan Oaks",2xrt
5800405,5800405 Heavy Trash,tr,2,"Chris - (Alvin, TX) - Morgan Oaks",
5800405,5800405  Trash- Heavy Trash pickup,tr,4,"Chris - (Alvin, TX) - Oak Park Village",
5800500,5800500   Telephone,ad,15,0e66e893-T12__Property_Name__Month_Year__Processor.xlsx,recoded from 'o' (house rule: telephone/answering -> ad)
5801,5801 Maintenance Equip / Tools,rm,2,Guillermo - (Baton Rouge) - Eden Point,
5801,5801 Natural Gas,o,2,"Emilio  - (Fort Worth, TX) - Leuda-May Apartments",
5801-000,5801-000 Late Charges,oi,4,"Emilio - (Houston, TX) - Walnut Creek",
5801.00,5801.00 Gas,o,2,"Emilio - (Dallas, TX) - The Apollo at Bishop Ridge",
5802,5802 Gas Et Propane - Vacants,o,2,"Emilio  - (Fort Worth, TX) - Leuda-May Apartments",
5802,5802 - Property Insurance,i,2,"Dylan - (Houston, TX) - Northbrooke",
58020-000,58020-000     Answering / On-hold Service,ad,2,"Yonnic - (San Antonio, TX) - Landera",
58025-000,58025-000     Business and Leasing Automation,ad,2,"Yonnic - (San Antonio, TX) - Landera",
5803,5803 Electricity (Residents),e,2,"Emilio  - (Fort Worth, TX) - Leuda-May Apartments",
5803,5803 - Insurance - Personal Content,i,2,"Dylan - (Houston, TX) - Northbrooke",
5803,5803 - Janitorial/Cleaning,ad,2,"Bryce - (Addison, TX) - Jade Addison",
5803,5803 Maint Labor Contracted,rm,2,Guillermo - (Baton Rouge) - Eden Point,
5803-000,5803-000 NSF Charges,oi,4,"Emilio - (Houston, TX) - Walnut Creek",
5803.00,5803.00 Electricity - Residents,e,2,"Emilio - (Dallas, TX) - The Apollo at Bishop Ridge",
5804,5804 Electricity - Vacants,e,4,"Emilio - (Garland, TX) - The Retreat at Faulkner Point",
5805,5805 Electricity - House Lights,e,4,"Emilio - (Garland, TX) - The Retreat at Faulkner Point",
5805,5805 Other Income - Late Charges,oi,4,"Bryce - (Dallas, TX) - The Landing at McCallum",
5805,5805 Real Property Taxes,tx,2,"Emilio - (Dallas, TX) - The Newport",
5805-000,5805-000 Utility Chargeback Fee,rw,4,"Emilio - (Houston, TX) - Walnut Creek","recoded from 'oi' (standardized to majority ({'rw': 8, 'oi': 4}))"
5805-0000,5805-0000 Software License & Support Expense,ad,5,"Yonnic - (Austin, TX) - Alma North Plaza",
5805.00,5805.00 Electricity - Common,e,2,"Emilio - (Dallas, TX) - The Apollo at Bishop Ridge",
5806,5806 Water Et Sewer,w,2,"Emilio  - (Fort Worth, TX) - Leuda-May Apartments",
5806,5806 Water & Sewer,w,2,"Emilio - (Garland, TX) - The Retreat at Faulkner Point",
5806-000,5806-000 Utility Billing Fee,oi,4,"Emilio - (Houston, TX) - Walnut Creek",
5806.00,5806.00 Water & Sewer,w,2,"Emilio - (Dallas, TX) - The Apollo at Bishop Ridge",
5807,5807 Cable & Internet,o,2,"Emilio - (Garland, TX) - The Retreat at Faulkner Point",
58070-000,58070-000     Office Equipment - Rental / Repair,ad,2,"Yonnic - (San Antonio, TX) - Landera",
58071-000,58071-000     Office Equipment - Rental,ad,2,"Yonnic - (San Antonio, TX) - Landera",
5808-000,5808-000 Nonrefundable Pet Rent,oi,4,"Emilio - (Houston, TX) - Walnut Creek",
58080-000,58080-000     Office Supplies,ad,2,"Yonnic - (San Antonio, TX) - Landera",
5809,5809 Property Insurance,i,2,"Emilio - (Dallas, TX) - The Newport",
58090-000,58090-000     Cellular Phones / Pagers / Radios,ad,2,"Yonnic - (San Antonio, TX) - Landera",
5810,5810 - Ad Valorem Tax,tx,2,"Jon - (Waco, TX) - Red Oak Townhomes",
5810,5810 Electricity-Commo,e,4,"Yonnic - (Houston, TX) - Fall Lakes",
5810,5810 Electricity-Common Area,e,2,"Guillermo - (Dallas, TX) - Casa Bonita",
5810,5810 Manager,pr,2,"Dylan - (Arlington, TX) - Sweet Redemption",
5810-000,5810-000 Damages,oi,4,"Emilio - (Houston, TX) - Walnut Creek",
5810-0000,5810-0000 NSF Fees,oi,4,"Danny - (Arlington, TX) - The Sherry",
5810.00,5810.00 Water - Monitoring,w,2,"Emilio - (Dallas, TX) - The Apollo at Bishop Ridge",
58100-000,58100-000     Postage & Delivery,ad,2,"Yonnic - (San Antonio, TX) - Landera",
58105-000,58105-000     Printing Expense,ad,2,"Yonnic - (San Antonio, TX) - Landera",
58107-000,58107-000     Resident Screening,ad,2,"Yonnic - (San Antonio, TX) - Landera",
5811-0000,5811-0000 Answering Service,ad,5,"Yonnic - (Austin, TX) - Alma North Plaza",
58110-000,58110-000     Telephone Expense,ad,2,"Yonnic - (San Antonio, TX) - Landera",
58115-000,58115-000     Software Licenses / Maintenance Fees,ad,2,"Yonnic - (San Antonio, TX) - Landera",
5812-000,5812-000 Transfer Fee,oi,4,"Emilio - (Houston, TX) - Walnut Creek",
5812-0000,5812-0000 Phones Expense,ad,5,"Yonnic - (Austin, TX) - Alma North Plaza",
5813-0000,5813-0000 Internet Expense,ad,5,"Yonnic - (Austin, TX) - Alma North Plaza",
5815,5815 Electricity-Office,e,4,"Emilio - (Cedar Hill, TX) - S C Crossing",
5815-0000,5815-0000 Other IT Expense,ad,2,"Yonnic - (Austin, TX) - Alma North Plaza",
5816-000,5816-000 Pet Fee,oi,4,"Emilio - (Houston, TX) - Walnut Creek",
5819-0000,5819-0000 IT Reimb,ad,5,"Yonnic - (Austin, TX) - Alma North Plaza",
5820,5820 Admin Exp Dues and Subscription,ad,2,"Jon - (San Antonio, TX) - Salado Creek Villas",
5820,5820 Electricity-Vacant,e,4,"Yonnic - (Houston, TX) - Fall Lakes",
5820,5820 Electricity-Vacant Unit,e,2,"Guillermo - (Dallas, TX) - Casa Bonita",
5820,5820 General Liability Insur,i,2,"Greg - (Houston, TX) - Hidden Park",
5820,5820 General Liability Insura,i,3,"Greg - (Houston, TX) - Encanto",
5820-0000,5820-0000 Application Fee,oi,4,"Danny - (Arlington, TX) - The Sherry",
58200,58200 · Insurance-Other,i,2,"Dylan - (College Station, TX)  - Quarters on Luther",
58205-000,58205-000     Administrative / Accounting Fees,ad,2,"Yonnic - (San Antonio, TX) - Landera",
5821-000,5821-000 Application Fee,oi,4,"Emilio - (Houston, TX) - Walnut Creek",
5821-0000,5821-0000 Kitchen Supplies,ad,5,"Yonnic - (Austin, TX) - Alma North Plaza",
58210-000,58210-000     Assoc. Fees / Membership Dues,ad,2,"Yonnic - (San Antonio, TX) - Landera",
5822-000,5822-000 Community Fee,oi,2,"Emilio - (Houston, TX) - Walnut Creek",
58225-000,58225-000     Bank Charges,ad,2,"Yonnic - (San Antonio, TX) - Landera",
5823-0000,5823-0000 Meals,ad,3,"Guillermo - (Fort Worth, TX) - The Flats at Brentwood",
5824-0000,5824-0000 Miscellaneous Expense,ad,3,"Guillermo - (Fort Worth, TX) - The Flats at Brentwood",
58240-000,58240-000     Computer Expense,ad,2,"Yonnic - (San Antonio, TX) - Landera",
58247-000,58247-000     Employee Meetings,ad,2,"Yonnic - (San Antonio, TX) - Landera",
5825-000,5825-000 Cancellation Fee,oi,4,"Emilio - (Houston, TX) - Walnut Creek",
58250-000,58250-000     Employee Recruitment,pr,2,"Yonnic - (San Antonio, TX) - Landera","recoded from 'ad' (standardized to majority ({'pr': 41, 'ad': 4}))"
58253-000,58253-000     Employee Recognition,ad,2,"Yonnic - (San Antonio, TX) - Landera",
5826-0000,5826-0000 Office Supplies & Expenses,ad,5,"Yonnic - (Austin, TX) - Alma North Plaza",
5826-1010,5826-1010 Deliveries/Overnight Courier,ad,3,"Guillermo - (Fort Worth, TX) - The Flats at Brentwood",
5826-5000,5826-5000 Business Networking Expense,ad,3,"Guillermo - (Fort Worth, TX) - The Flats at Brentwood",
58260-000,58260-000     Eviction Fees,ad,2,"Yonnic - (San Antonio, TX) - Landera",
5827-000,5827-000 Administration Fee,oi,4,"Emilio - (Houston, TX) - Walnut Creek",
5827-0000,5827-0000 Printer Toner Cartridges,ad,3,"Guillermo - (Fort Worth, TX) - The Flats at Brentwood",
5828-0000,5828-0000 Copy Machine Contract,ad,5,"Yonnic - (Austin, TX) - Alma North Plaza",
58280-000,58280-000     Licenses / Fees / Permits,ad,2,"Yonnic - (San Antonio, TX) - Landera",
58281-000,58281-000     Mileage Expense,ad,2,"Yonnic - (San Antonio, TX) - Landera",
5829-0000,5829-0000 Postage,ad,5,"Yonnic - (Austin, TX) - Alma North Plaza",
5829-1000,5829-1000 Water Cooler Rental & Supplies,ad,2,"Yonnic - (Austin, TX) - Alma North Plaza",
58290-000,58290-000     Training / Seminars,ad,2,"Yonnic - (San Antonio, TX) - Landera",
5830-000,5830-000 Gate Fee,oi,2,"Emilio - (Houston, TX) - Walnut Creek",
5830-0000,5830-0000 Legal Fees/Court Costs,oi,4,"Danny - (Arlington, TX) - The Sherry",
58305-000,58305-000     Uniform Rental / Purchase,ad,2,"Yonnic - (San Antonio, TX) - Landera",
58320-000,58320-000     Miscellaneous General / Admin,ad,2,"Yonnic - (San Antonio, TX) - Landera",
5835-000,5835-000 Renter's Insurance,oi,4,"Emilio - (Houston, TX) - Walnut Creek",
5836-000,5836-000 Resident Forced Insurance,ad,4,"Emilio - (Houston, TX) - Walnut Creek",
5837-000,5837-000 Risk Fee,oi,4,"Emilio - (Houston, TX) - Walnut Creek",
5840,5840 Gas,o,2,"Emilio - (Cedar Hill, TX) - S C Crossing",
5840,5840 Insurance Expense,i,5,"Greg - (Houston, TX) - Hidden Park",
5840,5840 Maintenance,pr,2,"Dylan - (Arlington, TX) - Sweet Redemption",
5840,5840 Painting Exterior,rm,2,Guillermo - (Baton Rouge) - Eden Point,
5840,5840 - Subscriptions,ad,2,"Bryce - (Addison, TX) - Jade Addison",
5840-000,5840-000 Month to Month Fee,oi,4,"Emilio - (Houston, TX) - Walnut Creek",
5840-0000,5840-0000 Storage Rent,oi,2,"Danny - (Arlington, TX) - The Sherry",
5841,5841 - Taxes And Licenses,ad,2,"Bryce - (Addison, TX) - Jade Addison",
5841-000,5841-000 Lease Termination Fees,oi,4,"Emilio - (Houston, TX) - Walnut Creek",
5842-000,5842-000 Reletting Fees,oi,4,"Emilio - (Houston, TX) - Walnut Creek",
5845,5845 Painting Supplies,rm,2,Guillermo - (Baton Rouge) - Eden Point,
5846-000,5846-000 Garage Income,oi,2,"Emilio - (Houston, TX) - Walnut Creek",
5848-000,5848-000 Parking Income,oi,2,"Emilio - (Houston, TX) - Walnut Creek",
5849-000,5849-000 Carport Income,oi,4,"Emilio - (Houston, TX) - Walnut Creek",
5849-0000,5849-0000 Travel: Other,ad,3,"Guillermo - (Fort Worth, TX) - The Flats at Brentwood",
5850,5850 Payroll Taxes,pr,2,"Dylan - (Arlington, TX) - Sweet Redemption",
5850,5850 Plumbing Repairs,rm,2,Guillermo - (Baton Rouge) - Eden Point,
5850,5850 Resident Electric,e,4,"Yonnic - (Houston, TX) - Fall Lakes",
5850-0000,5850-0000 Utility Reimbursement,rw,4,"Danny - (Arlington, TX) - The Sherry",1xoi
5850-0001,5850-0001 Renters Insurance Reimbursement,oi,4,"Danny - (Arlington, TX) - The Sherry",
5850-0007,5850-0007 Gas Reimbursement,ro,2,"Danny - (Arlington, TX) - The Sherry",
5850-0010,5850-0010 Trash Reimbursement,rt,4,"Danny - (Arlington, TX) - The Sherry",1xoi
5850-0020,5850-0020 Pest Control Reimbursement,ro,4,"Danny - (Arlington, TX) - The Sherry",1xoi
58500,58500 · Taxes - Property,tx,2,"Dylan - (College Station, TX)  - Quarters on Luther",
5851,5851 Plumbing Supplies,rm,2,Guillermo - (Baton Rouge) - Eden Point,
5852,5852 Property Taxes,tx,4,"Emilio - (Garland, TX) - The Retreat at Faulkner Point",
5852.00,5852.00 Property Taxes,tx,2,"Emilio - (Dallas, TX) - The Apollo at Bishop Ridge",
5855,5855 Payroll Processing Fees,pr,2,"Dylan - (Arlington, TX) - Sweet Redemption",
5855,5855 Resident Water,w,2,"Emilio - (Cedar Hill, TX) - S C Crossing",
5856,5856 Pool Supplies & Repairs,rm,2,Guillermo - (Baton Rouge) - Eden Point,
5858,5858 Pressure Washing,rm,2,Guillermo - (Baton Rouge) - Eden Point,
5859,5859 Insurance Expense,i,2,"Emilio  - (Fort Worth, TX) - Leuda-May Apartments",
5860,5860 Other Income - Parcel Services Income,oi,4,"Bryce - (Dallas, TX) - The Landing at McCallum",
5860,5860 Parking Lot / Sidewalk Repairs,rm,2,Guillermo - (Baton Rouge) - Eden Point,
5860,5860 Water,w,6,"Yonnic - (Houston, TX) - Fall Lakes",
5861,5861 Building Insurance Expense,i,2,"Emilio - (Garland, TX) - The Retreat at Faulkner Point",
5861,5861 Other Income - Deposit Alternative,oi,4,"Bryce - (Dallas, TX) - The Landing at McCallum",
5861-0000,5861-0000 Eviction: Legal Expenses,ad,5,"Yonnic - (Austin, TX) - Alma North Plaza",
5861.00,5861.00 Building Insurance Expense,i,2,"Emilio - (Dallas, TX) - The Apollo at Bishop Ridge",
5862,5862 Liability Insurance Expense,i,2,"Emilio - (Garland, TX) - The Retreat at Faulkner Point",
5865,5865 Roofing Repairs,rm,2,Guillermo - (Baton Rouge) - Eden Point,
5865,5865 Sewer,w,2,"Yonnic - (Houston, TX) - Fall Lakes",
5870,5870 Rubbish Service Contracted,rm,2,Guillermo - (Baton Rouge) - Eden Point,
5872-0000,5872-0000 Tech Package Income,oi,2,"Danny - (Arlington, TX) - The Sherry",
5872-0001,5872-0001 Amenities,oi,4,"Danny - (Arlington, TX) - The Sherry",
5875,5875 Sign Maint. & Repair,rm,2,Guillermo - (Baton Rouge) - Eden Point,
5875-0000,5875-0000 Short Term Lease Fee,oi,4,"Danny - (Arlington, TX) - The Sherry",
5878-000,5878-000 Pest Control Fee,oi,4,"Emilio - (Houston, TX) - Walnut Creek",
5880,5880 Property Tax Expense,tx,5,"Greg - (Houston, TX) - Hidden Park",
5886-000,5886-000 Cable/Internet Fee,oi,2,"Guillermo - (Ennis, TX) - Ensign Apartments",
5888-000,5888-000 Miscellaneous Income,oi,4,"Emilio - (Houston, TX) - Walnut Creek",
5889-000,5889-000 Interest Income,oi,2,"Guillermo - (Ennis, TX) - Ensign Apartments",
5890,5890 Other Income - Miscellaneous Income,oi,4,"Bryce - (Dallas, TX) - The Landing at McCallum",
5890,5890 - Surety Bond (Rhino) Rent,oi,2,"Jon - (San Antonio, TX) - The Selena Apartments",
5890-0000,5890-0000 Community-Fees,oi,2,"Danny - (Arlington, TX) - The Sherry",
5891,5891 Other Income - NSF Charges,oi,4,"Bryce - (Dallas, TX) - The Landing at McCallum",
5892,5892 Other Income - Non-Refundable Pet Fee,oi,4,"Bryce - (Dallas, TX) - The Landing at McCallum",
5893,5893 Other Income - Damages,oi,4,"Bryce - (Dallas, TX) - The Landing at McCallum",
5894,5894 Other Income - Transfer Fee,oi,4,"Bryce - (Dallas, TX) - The Landing at McCallum",
5895,5895 - Month-To-Month Rent,oi,2,"Jon - (San Antonio, TX) - The Selena Apartments",
5895-0000,5895-0000 Bad Debt Expense,bd,4,"Danny - (Arlington, TX) - The Sherry",
5895-0010,5895-0010 Bad Debt Recovery,bd,2,"Danny - (San Antonio, TX) - Villas de Sendero",
5896,5896 Other Income - Application Fee,oi,4,"Bryce - (Dallas, TX) - The Landing at McCallum",
5898,5898 Other Income - Cancellation Fee,oi,4,"Bryce - (Dallas, TX) - The Landing at McCallum",
5898-0000,5898-0000 Credit Builder,oi,2,"Danny - (Arlington, TX) - The Sherry",
5899,5899 Other Income - Non-Refundable Admin Fee,oi,4,"Bryce - (Dallas, TX) - The Landing at McCallum",
5900,5900   PROPERTY MANAGEMENT FEE,mf,4,"Dylan - (Temple, TX) - Chappell Hill & Park at Chappell Hill",
5900,5900 Rental Expense,ad,2,"Jon - (Anadarko, OK) - The Crossings in Anadarko",
5900,5900 Uniform Rental/Purchase,ad,2,Guillermo - (Baton Rouge) - Eden Point,recoded from 'rm' (house rule: uniforms -> ad)
5900,5900 - Water Payment Refund,rw,2,"Jon - (San Antonio, TX) - The Selena Apartments",
5900100,5900100   Management Fees,mf,13,0e66e893-T12__Property_Name__Month_Year__Processor.xlsx,
5900200,5900200  Asset Management Fees,mf,2,"Chris - (Houston, TX) - Harpers Mill Apartments",
5900200,5900200  Supervisory Fees,mf,6,"Chris - (Alvin, TX) - Oak Park Village",
5901,5901 - Vending Commissions,oi,2,"Danny - (Dallas, TX) - The Centennial Apartments",
5901-0000,5901-0000 Bank Fees,ad,5,"Yonnic - (Austin, TX) - Alma North Plaza",
5902-0000,5902-0000 Credit Card Fees,ad,3,"Guillermo - (Fort Worth, TX) - The Flats at Brentwood",
59020-000,59020-000     Electric - Common Areas,e,2,"Yonnic - (San Antonio, TX) - Landera",
5903,5903 - Month-To-Month Fees,oi,4,"Dylan - (Houston, TX) - Brookfield",
59030-000,59030-000     Electric - Models,e,2,"Yonnic - (San Antonio, TX) - Landera",
5904,5904 - Damages,oi,4,"Dylan - (Houston, TX) - Brookfield",
59040-000,59040-000     Electric - Vacant Units,e,2,"Yonnic - (San Antonio, TX) - Landera",
5905,5905 - Electric Income,ro,2,"Jon - (San Antonio, TX) - The Selena Apartments",
5905,5905 - Transfer Fees,oi,4,"Dylan - (Houston, TX) - Brookfield",
5905-000,5905-000 Water Reimbursements,rw,4,"Emilio - (Houston, TX) - Walnut Creek",
5905-0000,5905-0000 Dues & Subscriptions,ad,5,"Yonnic - (Austin, TX) - Alma North Plaza",
5906-000,5906-000 Electric Reimbursements,ro,4,"Emilio - (Houston, TX) - Walnut Creek",
5906-0000,5906-0000 Teammate Relations,ad,5,"Yonnic - (Austin, TX) - Alma North Plaza",
5907-0000,5907-0000 Renter's Liability Insurance Premium,ad,5,"Yonnic - (Austin, TX) - Alma North Plaza",
59070-000,59070-000     Gas - Common Areas,o,2,"Yonnic - (San Antonio, TX) - Landera",
5908-0000,5908-0000 - Credit Builder Expense,ad,5,"Yonnic - (Austin, TX) - Alma North Plaza",
5909-0000,5909-0000 Waiver Deposit Expense,ad,5,"Yonnic - (Austin, TX) - Alma North Plaza",
5910,5910 Admin Exp Association Dues/Inspections/Permits,ad,2,"Jon - (San Antonio, TX) - Salado Creek Villas",
5910,5910 - Laundry Revenue,oi,4,"Dylan - (Houston, TX) - Brookfield",
5910,5910 Liability & Propert,i,4,"Yonnic - (Houston, TX) - Fall Lakes",
5910,5910 Liability & Property Insurance,i,2,"Guillermo - (Dallas, TX) - Casa Bonita",
5910,5910 Property Management,mf,2,"Dylan - (Arlington, TX) - Sweet Redemption",
5910,5910 Property Management F,mf,5,"Greg - (Houston, TX) - Hidden Park",
5910,5910 - Trash Income,rt,2,"Jon - (San Antonio, TX) - The Selena Apartments",
59100,59100 Bank Charges & Fees,ad,2,"David - (Waco, TX) - Eleven06 on 35",
59101,59101 Office Supplies & Expenses,ad,2,"David - (Waco, TX) - Eleven06 on 35",
5911,5911 - Carports / Parking,oi,2,"Dylan - (Houston, TX) - Brookfield",
59112-000,59112-000     Water - Irrigation,w,2,"Yonnic - (San Antonio, TX) - Landera",
5912,5912 Admin Exp Education/Meetings/Seminars,ad,2,"Jon - (San Antonio, TX) - Salado Creek Villas",
5912,5912 - Pet Fee,oi,2,"Dylan - (Houston, TX) - Brookfield",
5912,5912 - Website,m,2,"Dylan - (Houston, TX) - Northbrooke",
5912-0000,5912-0000 License & Permit Fee,ad,5,"Yonnic - (Austin, TX) - Alma North Plaza",
59120-000,59120-000     Water (only),w,2,"Yonnic - (San Antonio, TX) - Landera",
59122-000,59122-000     Sewer (only),w,2,"Yonnic - (San Antonio, TX) - Landera",
5913,5913 Admin Exp Uniforms,ad,2,"Jon - (San Antonio, TX) - Salado Creek Villas",
5913,5913 - Pet Rent,oi,4,"Dylan - (Houston, TX) - Brookfield",
5914-000,5914-000 Trash Reimbursements,rt,4,"Emilio - (Houston, TX) - Walnut Creek",
5915,5915 Admin Exp Auto and Travel Expenses,ad,2,"Jon - (San Antonio, TX) - Salado Creek Villas",
5915,5915 - Insurance Other | Deposit Alternative,i,2,"Dylan - (Houston, TX) - Northbrooke",
5915,5915 - Pest Fee,ro,2,"Jon - (San Antonio, TX) - The Selena Apartments",
5915,5915 Renters Insurance,i,4,"Yonnic - (Houston, TX) - Fall Lakes",
5915-0000,5915-0000 Processing Fees - Credit Card,ad,2,"Yonnic - (Austin, TX) - Alma North Plaza",
5916,5916 - Legal Fees,oi,2,"Dylan - (Houston, TX) - Brookfield",
5916-0000,5916-0000 Training/Education/Conferences,ad,5,"Yonnic - (Austin, TX) - Alma North Plaza",
5918,5918 - Keys / Locks,oi,4,"Dylan - (Houston, TX) - Brookfield",
5920,5920 - Nsf And Late Fees,oi,4,"Dylan - (Houston, TX) - Brookfield",
5920,5920 - Parking Income,oi,2,"Jon - (San Antonio, TX) - The Selena Apartments",
5920-0000,5920-0000 - Tenant Charges,oi,2,"Guillermo - (Lubbock, TX) - Cantibury Pointe",
5920-0002,5920-0002 - Legal Charges,oi,2,"Guillermo - (Lubbock, TX) - Cantibury Pointe",
5920-0003,5920-0003 - Pet Fee / Pet Rent,oi,2,"Guillermo - (Lubbock, TX) - Cantibury Pointe",
5920-0008,5920-0008 - Nsf & Late Fees,oi,2,"Guillermo - (Lubbock, TX) - Cantibury Pointe",
5920-0009,5920-0009 - Application Fees,oi,2,"Guillermo - (Lubbock, TX) - Cantibury Pointe",
5920-0010,5920-0010 - Move-Out Charges / Damages,oi,2,"Guillermo - (Lubbock, TX) - Cantibury Pointe",
5920.002,5920.002 - E-Processing Fee,oi,4,"Dylan - (Houston, TX) - Brookfield",
5920.005,5920.005 - Month To Month Fees,oi,2,"Dylan - (Bryan, TX) - Serenity at Briarcrest",
5920.010,5920.010 - Late & Nsf Check Fee,oi,2,"Dylan - (Bryan, TX) - Serenity at Briarcrest",
5920.020,5920.020 - Damages & Cleaning Fee,oi,2,"Dylan - (Bryan, TX) - Serenity at Briarcrest",
5920.022,5920.022 - Pet Fees Or Charges,oi,2,"Dylan - (Bryan, TX) - Serenity at Briarcrest",
5920.030,5920.030 - Lease Termination Fee,oi,2,"Dylan - (Bryan, TX) - Serenity at Briarcrest",
5920.040,5920.040 - Transfer Fee Income,oi,2,"Dylan - (Bryan, TX) - Serenity at Briarcrest",
5925,5925 Admin Exp  Software and Computer Expenses,ad,2,"Jon - (San Antonio, TX) - Salado Creek Villas",
5925,5925 - Renters Insurance,oi,2,"Jon - (San Antonio, TX) - The Selena Apartments",
5930,5930 Admin Exp Licenses and Permits,ad,2,"Jon - (San Antonio, TX) - Salado Creek Villas",
5930,5930 - Hap Income,r,2,"Jon - (San Antonio, TX) - The Selena Apartments",
59300,59300 Computer Maint/Supplies & Licenses,ad,2,"David - (Waco, TX) - Eleven06 on 35",
59302,59302 IT & Computer Expense,ad,2,"David - (Waco, TX) - Eleven06 on 35",
59303,59303 Software Admin Fee,ad,2,"David - (Waco, TX) - Eleven06 on 35",
5935,5935 Admin Exp Meals and Entertainment (Staff),ad,2,"Jon - (San Antonio, TX) - Salado Creek Villas",
5935,5935 - Late Fees,oi,2,"Jon - (San Antonio, TX) - The Selena Apartments",
5935,5935 - Laundry,oi,3,"Yonnic - (San Antonio, TX) - The Kelly Apartments",
5940,5940 - Laundry,oi,2,"Jon - (San Antonio, TX) - The Selena Apartments",
5940,5940 Monthly Office Furniture/Equipment,cs,2,"Jon - (San Antonio, TX) - Salado Creek Villas",
5940,5940 Property Taxes,tx,6,"Yonnic - (Houston, TX) - Fall Lakes",
5945,5945 Admin Exp Office Supplies,ad,2,"Jon - (San Antonio, TX) - Salado Creek Villas",
5945,5945 - Application Fee,oi,2,"Jon - (San Antonio, TX) - The Selena Apartments",
5945,5945 Cleaning - Common Area,cs,2,Guillermo - (Baton Rouge) - Eden Point,
5945,5945 - Lease Termination Fees,oi,4,"Dylan - (Houston, TX) - Brookfield",
5945-0000,5945-0000 Compliance & Admin Reimb,ad,2,"Yonnic - (Austin, TX) - Alma North Plaza",
5950,5950 Admin Exp Postage and Delivery,ad,2,"Jon - (San Antonio, TX) - Salado Creek Villas",
5950,5950 - Admin Fee,oi,2,"Jon - (San Antonio, TX) - The Selena Apartments",
5950,5950 - Administrative Fees,oi,4,"Dylan - (Houston, TX) - Brookfield",
5950,5950 Bad Debt Recovery,bd,4,"Bryce - (Dallas, TX) - The Landing at McCallum",
5950,5950 Landscape & Grounds,cs,2,Guillermo - (Baton Rouge) - Eden Point,
5950.001,5950.001 - Opportunity Fee,oi,4,"Dylan - (Houston, TX) - Brookfield",
5950.002,5950.002 - Renters Insurance,oi,4,"Dylan - (Houston, TX) - Brookfield",
5951,5951 Other Income - Interest Income,oi,4,"Bryce - (Dallas, TX) - The Landing at McCallum",
5952,5952 - Utility Income - Cable,ro,2,"Danny - (Dallas, TX) - The Centennial Apartments",
5953,5953  Monthly Fire/ Security Alarm Monitoring,cs,2,"Jon - (San Antonio, TX) - Salado Creek Villas",
5955,5955 Trash Removal,tr,2,Guillermo - (Baton Rouge) - Eden Point,
5955,5955 - Utility Connection Fee,oi,2,"Jon - (San Antonio, TX) - The Selena Apartments",
5955,5955 - Utility Income - Electric,ro,4,"Dylan - (Houston, TX) - Brookfield",
5956,5956 - Utility Income - Water,rw,4,"Dylan - (Houston, TX) - Brookfield",
5956-0000,5956-0000 Other Professional Services,ad,3,"Guillermo - (Fort Worth, TX) - The Flats at Brentwood",
5957,5957 - Utility Income - Gas,ro,4,"Dylan - (Houston, TX) - Brookfield",
5958,5958 - Utility Income - Trash,rt,4,"Dylan - (Houston, TX) - Brookfield",
5960,5960 - Application Fees,oi,4,"Dylan - (Houston, TX) - Brookfield",
5960,5960 Pest Control,cs,2,Guillermo - (Baton Rouge) - Eden Point,
5960,5960 - Reykey,oi,2,"Jon - (San Antonio, TX) - The Selena Apartments",
59600,"59600 Dues, Books & Subscriptions",ad,2,"David - (Waco, TX) - Eleven06 on 35",
5965,5965 Courtesy Officer Service,cs,2,Guillermo - (Baton Rouge) - Eden Point,
5965,5965 - Pet Income,oi,2,"Jon - (San Antonio, TX) - The Selena Apartments",
5970,5970 - Credit Builder,oi,2,"Jon - (San Antonio, TX) - The Selena Apartments",
5970,5970 Monthly Answering Services,ad,2,"Jon - (San Antonio, TX) - Salado Creek Villas",recoded from 'cs' (house rule: telephone/answering -> ad)
5975,5975 Copier Contract,cs,2,Guillermo - (Baton Rouge) - Eden Point,
5975,5975 - Forfeited Security Deposits,oi,2,"Jon - (San Antonio, TX) - The Selena Apartments",
5980,5980 Monthly Pool Expense,cs,2,"Jon - (San Antonio, TX) - Salado Creek Villas",
5980,5980 - Nonrefundable Movein Fee,oi,2,"Jon - (San Antonio, TX) - The Selena Apartments",
5985,5985 - Lease Fines,oi,2,"Jon - (San Antonio, TX) - The Selena Apartments",
59850,59850 Resident Screening,ad,2,"David - (Waco, TX) - Eleven06 on 35",
5990,5990 - Vendor/Tenant Refunds,oi,2,"Jon - (San Antonio, TX) - The Selena Apartments",
5990-0000,5990-0000 - Miscellaneous Revenue / Collection Of Bad Debt,oi,2,"Guillermo - (Lubbock, TX) - Cantibury Pointe",
5990.009,5990.009 - Cam-C,oi,2,"Danny - (Dallas, TX) - The Centennial Apartments",
5990.500,5990.500 - Application Fees,oi,2,"Dylan - (Bryan, TX) - Serenity at Briarcrest",
5990.600,5990.600 - Admin Fees,oi,2,"Dylan - (Bryan, TX) - Serenity at Briarcrest",
5991,5991 - Bad Debt Recovery,bd,2,"Danny - (Dallas, TX) - The Centennial Apartments",
59935,59935 Credit Checks-SF/SMF,ad,2,"David - (Waco, TX) - Eleven06 on 35",
5995,5995 - Vending Income,oi,2,"Jon - (San Antonio, TX) - The Selena Apartments",
59950,59950 Grounds Supplies,rm,2,"David - (Waco, TX) - Eleven06 on 35","recoded from 'ad' (standardized to majority ({'rm': 19, 'ad': 2, 'cs': 2}))"
5996,5996 - Cable Commission Income,oi,4,"Dylan - (Houston, TX) - Brookfield",1xro
5997,5997 - Extermination Fees,oi,4,"Dylan - (Houston, TX) - Brookfield",
59970,59970 Resident Renters Insurance,ad,2,"David - (Waco, TX) - Eleven06 on 35",
5998,5998 - Monthly Rent Fee,oi,4,"Dylan - (Houston, TX) - Brookfield",
5998.002,5998.002 - Credit Builder,oi,2,"Danny - (Dallas, TX) - The Centennial Apartments",
5998.003,5998.003 - Tech Package,oi,2,"Danny - (Dallas, TX) - The Centennial Apartments",
5999-999,5999-999 [SYSTEM] Beginning Balance,oi,2,"Emilio - (Houston, TX) - Walnut Creek",
6,6 Garage Parking,oi,2,"Bryce - (Arlington, TX) - Timberlake Villas",
6,6 Month Lease Monthly Charge,oi,2,"David - (Kingsville, TX) - SG Apartments",
6000,6000 General & Administrative,ad,2,"Greg - (Garland, TX) - Villa Placita",
6000,6000 Marketing/Advertising,m,2,"Emilio - (Houston, TX) - Los Pinos",
6000,6000 Marketing/Advertising - Other,m,2,"Emilio - (Houston, TX) - Los Pinos",
6000,6000 - Security Fee,oi,2,"Jon - (San Antonio, TX) - The Selena Apartments",
600002,600002 - Utilities - Gas & Electric,e,2,"Paul - (Fort Worth, TX) - Aden Crest",
600003,600003 - Utilities - Water,w,2,"Paul - (Fort Worth, TX) - Aden Crest",
600004,600004 - Utilities - Telephone,ad,2,"Paul - (Fort Worth, TX) - Aden Crest",recoded from 'o' (house rule: telephone/answering -> ad)
600005,600005 - Utilities - Cable Tv & Internet,o,2,"Paul - (Fort Worth, TX) - Aden Crest",
600006,600006 - Utilities - Refuse Service And Equipment,tr,2,"Paul - (Fort Worth, TX) - Aden Crest",
600007,600007 - Utilities - Tenant Reimbursement,o,2,"Paul - (Fort Worth, TX) - Aden Crest",
600008,600008 - Utilities - Telephone/Cable Bundle,ad,2,"Paul - (Fort Worth, TX) - Aden Crest",recoded from 'o' (house rule: telephone/answering -> ad)
60001,60001 Advertising,m,2,"Yonnic - (Lubbock, TX) - Estrada South II",
60003,"60003 Banners, bandit signs, etc",m,2,"Yonnic - (Lubbock, TX) - Estrada South II",
6001,6001 Alarm & Cameras,cs,4,"David - (Grand Prairie, TX) - Serrano Creek",
6001-0010,6001-0010 Electricity - Tenant,e,2,"Yonnic - (Austin, TX) - Alma North Plaza",
6001-0040,6001-0040 Electricity - Common,e,5,"Yonnic - (Austin, TX) - Alma North Plaza",
6001-0060,6001-0060 Electricity - Vacant,e,2,"Yonnic - (Austin, TX) - Alma North Plaza",
6002,6002 - Gain/Loss To Lease,ll,5,"Paul - (Killeen, TX) - Windchase",
6002,6002 Patrol,cs,4,"David - (Grand Prairie, TX) - Serrano Creek",
6003-000,6003-000 Marketing - Gifts,m,2,"Danny - (Tulsa, OK) - Metro Plex",
6004-000,6004-000 Marketing - Advertising,m,2,"Danny - (Tulsa, OK) - Metro Plex",
60040,"60040 Office - Water, Coffee",ad,2,"David - (Waco, TX) - Eleven06 on 35",
6005,6005 Advertising,m,2,"Emilio - (Houston, TX) - Los Pinos",
6005,6005 Fuel,rm,2,"Jon - (Anadarko, OK) - The Crossings in Anadarko","recoded from 'ad' (standardized to majority ({'rm': 7, 'ad': 2}))"
6005,6005 - Management Fees,mf,2,"Guillermo - (Lubbock, TX) - The Boulders at Lakeridge",
6005,6005 Property Management Fee,mf,2,"Bryce - (San Antonio, TX) - Reserve at Lone Oak",
6005-0100,6005-0100 Advertising Et Promotions,m,2,"Emilio - (Pasadena, TX) - Strawberry Flats",
6005-0400,6005-0400 Advertising - Brochures/Flyers,m,4,"Yonnic - (Beaumont, TX) - Autumn Oaks",
6005-0500,6005-0500 Advertising - Banners/Flags/Balloons,m,4,"Yonnic - (Beaumont, TX) - Autumn Oaks",
6005-1000,6005-1000 Tenant Appreciation Events,m,2,"Yonnic - (Beaumont, TX) - Autumn Oaks",
6005-1100,6005-1100 Welcome Gifts,m,4,"Yonnic - (Beaumont, TX) - Autumn Oaks",
6005-1200,6005-1200 Beverages Services,m,4,"Yonnic - (Beaumont, TX) - Autumn Oaks",
6006,6006 Electric - Vacant,e,2,Guillermo - (Baton Rouge) - Eden Point,
6006-000,6006-000 Marketing - Resident Activites & Goodwill,m,2,"Danny - (Tulsa, OK) - Metro Plex",
6008,6008 Electric - Resident Reimb.,ro,2,Guillermo - (Baton Rouge) - Eden Point,
601.01,601.01 Bank Charges,ad,2,"Jon - (Dallas, TX) - Iris Memory Care of Turtle Creek",
601.02,601.02 Filing Fees & Licenses,ad,2,"Jon - (Dallas, TX) - Iris Memory Care of Turtle Creek",
601.03,601.03 Payroll Fees,pr,2,"Jon - (Dallas, TX) - Iris Memory Care of Turtle Creek","recoded from 'ad' (standardized to majority ({'pr': 31, 'ad': 4}))"
601.04,601.04 Other Expenses - Home Office,ad,2,"Jon - (Dallas, TX) - Iris Memory Care of Turtle Creek",
601.05,601.05 Lease Agreements,ad,2,"Jon - (Dallas, TX) - Iris Memory Care of Turtle Creek",
6010,6010 Gas,o,2,Guillermo - (Baton Rouge) - Eden Point,
6010,6010 Payroll - Office Mgr / Admin,pr,2,"Yonnic - (Elk City, OK) - Granite Landing Apartments",
6010,6010 - Vacancy Loss,v,5,"Paul - (Killeen, TX) - Windchase",
6010-0000,6010-0000 Advertising - Digital Marketing,m,4,"Yonnic - (Beaumont, TX) - Autumn Oaks",
6010-0010,6010-0010 Electricity,e,4,"Danny - (Arlington, TX) - The Sherry",
6010-0020,6010-0020 Gas,o,4,"Danny - (Arlington, TX) - The Sherry",
6010-0050,6010-0050 Utility Processing Fee,o,4,"Danny - (Arlington, TX) - The Sherry",
6010.000,6010.000 - Site Manager Salary,pr,3,"Guillermo - (Moore, OK) - Southwinds Apartments",
6010.000,6010.000 - Utilities - Electric / Vacant,e,4,"Guillermo - (San Antonio, TX) - Lyra",
6010.0001,6010.0001 - Admin Cost,pr,4,"Bryce - (Houston, TX) - The Lofts at 3402",
6010.0002,6010.0002 - Commissions,pr,4,"Bryce - (Houston, TX) - The Lofts at 3402",
6010.0004,6010.0004 - Employee Burden,pr,4,"Bryce - (Houston, TX) - The Lofts at 3402",
6010.0005,6010.0005 - Employee Insurance Expense,pr,4,"Bryce - (Houston, TX) - The Lofts at 3402",
6010.0007,6010.0007 - Maintenance Bonus,pr,4,"Bryce - (Houston, TX) - The Lofts at 3402",
6010.0008,6010.0008 - Maintenance Salary,pr,4,"Bryce - (Houston, TX) - The Lofts at 3402",
6010.0009,6010.0009 - Office Bonus,pr,2,"Bryce - (Houston, TX) - The Lofts at 3402",
6010.0009,6010.0009 - Ofice Bonus,pr,2,"Bryce - (Houston, TX) - Fairfield Cove",
6010.0010,6010.0010 - Office Salary,pr,2,"Bryce - (Houston, TX) - The Lofts at 3402",
6010.0010,6010.0010 - Ofice Salary,pr,2,"Bryce - (Houston, TX) - Fairfield Cove",
601001,601001 - Office Supplies / Printing,ad,2,"Paul - (Fort Worth, TX) - Aden Crest",
601003,601003 - Office Equipment Rental,ad,2,"Paul - (Fort Worth, TX) - Aden Crest",
601004,601004 - Postage,ad,2,"Paul - (Fort Worth, TX) - Aden Crest",
6012.000,6012.000 - Rental Agents' Salary,pr,3,"Guillermo - (Moore, OK) - Southwinds Apartments",
60120,60120 Office decorations,m,2,"Yonnic - (Lubbock, TX) - Estrada South II",
60122,60122 Resident Activity Supplies,m,2,"Yonnic - (Lubbock, TX) - Estrada South II",
6014,6014 - Model,nr,5,"Paul - (Killeen, TX) - Windchase",
6015,6015 - Additional Rent,oi,5,"Paul - (Killeen, TX) - Windchase",
6015,6015 Legal Fees,ad,4,"David - (Grand Prairie, TX) - Serrano Creek",
6015,6015 Sewer,w,2,Guillermo - (Baton Rouge) - Eden Point,"recoded from 'o' (standardized to majority ({'w': 91, 'o': 2}))"
6015-0000,6015-0000 Advertising - Social Media,m,2,"Yonnic - (Beaumont, TX) - Autumn Oaks",
6015.000,6015.000 - Utilities - Electric / House,e,4,"Guillermo - (San Antonio, TX) - Lyra",
60150,60150 Printing / Copy,ad,2,"David - (Waco, TX) - Eleven06 on 35",
6016,6016 Sewer Reimbursement,rw,2,Guillermo - (Baton Rouge) - Eden Point,
602.00,602.00 It Equipment & Monitoring,ad,2,"Jon - (Dallas, TX) - Iris Memory Care of Turtle Creek",
6020,6020 Appliance/Equip Rental,rm,2,"Yonnic -  (Waco, TX) - West Campus Lofts",
6020,6020 Legal Fees - Property,ad,2,"Jon - (San Antonio, TX) - Salado Creek Villas",
6020,6020 Payroll - R&M,pr,2,"Yonnic - (Elk City, OK) - Granite Landing Apartments",
6020,6020 Water,w,2,Guillermo - (Baton Rouge) - Eden Point,
6020.000,6020.000 - Maintenance Supervisor,pr,3,"Guillermo - (Moore, OK) - Southwinds Apartments",
60200,60200 Postage,ad,2,"David - (Waco, TX) - Eleven06 on 35",
602001,602001 - Courtesy Patrol,cs,2,"Paul - (Fort Worth, TX) - Aden Crest","recoded from 'ad' (standardized to majority ({'cs': 25, 'ad': 2}))"
602002,602002 - Employment-Contract Services,ad,2,"Paul - (Fort Worth, TX) - Aden Crest",
602003,602003 - Software License & Maintenance-Contract Services,ad,2,"Paul - (Fort Worth, TX) - Aden Crest",
602005,602005 - Computer & Phone Hardware & Accessories,ad,2,"Paul - (Fort Worth, TX) - Aden Crest",
602006,602006 - Cleaning Services,rm,2,"Paul - (Fort Worth, TX) - Aden Crest","recoded from 'ad' (standardized to majority ({'rm': 6, 'ad': 2}))"
602007,602007 - Monthly Rp Service Fee,ad,2,"Paul - (Fort Worth, TX) - Aden Crest",
602011,602011 - Credit Card Fees,ad,2,"Paul - (Fort Worth, TX) - Aden Crest",
602013,602013 - Realpage/Blue Moon Interface,ad,2,"Paul - (Fort Worth, TX) - Aden Crest",
602015,602015 - Virtual Refunds - Realpage,ad,2,"Paul - (Fort Worth, TX) - Aden Crest",
6021,6021 Water Reimbursement,rw,2,Guillermo - (Baton Rouge) - Eden Point,
6021.000,6021.000 - Maintenance Mechanics,pr,3,"Guillermo - (Moore, OK) - Southwinds Apartments",
6022,6022 HVAC Parts,rm,2,"Jon - (Anadarko, OK) - The Crossings in Anadarko",
60220,60220 - Marten,ad,2,"Danny - (Dallas, TX) - Magnolia on Gaston",
6025,6025 General Liability Insurance,i,2,"Jon - (San Antonio, TX) - Salado Creek Villas",
6025,6025 Maint. Tools & Supplies,rm,2,"Yonnic -  (Waco, TX) - West Campus Lofts",
6025-0040,6025-0040 Water/Sewer - Common,w,5,"Yonnic - (Austin, TX) - Alma North Plaza",
6027-0000,6027-0000 Credit Reports,ad,4,"Yonnic - (Beaumont, TX) - Autumn Oaks","recoded from 'm' (standardized to majority ({'ad': 24, 'm': 4, 'cs': 6}))"
603.00,603.00 Software Expense,ad,2,"Jon - (Dallas, TX) - Iris Memory Care of Turtle Creek",
603.50,603.50 Owner Analytics Software,ad,2,"Jon - (Dallas, TX) - Iris Memory Care of Turtle Creek",
6030,6030 Material/Supplies,rm,2,"Yonnic -  (Waco, TX) - West Campus Lofts",
6030,6030 Property Insurance,i,2,"Jon - (San Antonio, TX) - Salado Creek Villas",
6030-0000,6030-0000 Trash Removal,tr,5,"Yonnic - (Austin, TX) - Alma North Plaza",
603001,603001 - Advertising And Promotion,m,2,"Paul - (Fort Worth, TX) - Aden Crest",
603002,603002 - Advertising - Employment,m,2,"Paul - (Fort Worth, TX) - Aden Crest",
603003,"603003 - Advertising - Signs, Banners & Swag",m,2,"Paul - (Fort Worth, TX) - Aden Crest",
6035,6035 Janitorial Supplies,rm,2,"Yonnic -  (Waco, TX) - West Campus Lofts",
6035-0000,6035-0000 Promotion - Locator Services,m,2,"Emilio - (Pasadena, TX) - Strawberry Flats",
6035-0000,6035-0000 Trash Removal - Extra,tr,5,"Yonnic - (Austin, TX) - Alma North Plaza",
60350,60350 Professional Services - Operational,ad,2,"David - (Waco, TX) - Eleven06 on 35",
6036-0000,6036-0000 Mini-Model Expense,m,2,"Yonnic - (Beaumont, TX) - Autumn Oaks",
6037-0000,6037-0000 Promotion - Resident Referrals,m,4,"Yonnic - (Beaumont, TX) - Autumn Oaks",
6039,6039 - Courtesy Officer Allowance,nr,3,"Paul - (Killeen, TX) - Windchase",
604.01,604.01 Multi Peril,i,2,"Jon - (Dallas, TX) - Iris Memory Care of Turtle Creek",
604.011,604.011 Property/Bi,i,2,"Jon - (Dallas, TX) - Iris Memory Care of Turtle Creek",
604.012,604.012 Gl/Pl,i,2,"Jon - (Dallas, TX) - Iris Memory Care of Turtle Creek",
604.02,604.02 Umbrella,ad,2,"Jon - (Dallas, TX) - Iris Memory Care of Turtle Creek","recoded from 'i' (standardized to majority ({'i': 2, 'ad': 4}))"
604.03,604.03 Crime/Epl,i,2,"Jon - (Dallas, TX) - Iris Memory Care of Turtle Creek",
604.04,604.04 Auto,ad,2,"Jon - (Dallas, TX) - Iris Memory Care of Turtle Creek","recoded from 'i' (standardized to majority ({'ad': 2, 'i': 2}))"
6040,6040 Bonus - Emp Incentive,pr,2,"Yonnic - (Elk City, OK) - Granite Landing Apartments",
6040,6040 Flooring Repairs,rm,2,"Yonnic -  (Waco, TX) - West Campus Lofts",
6040,6040 - Rental Discounts,nr,5,"Paul - (Killeen, TX) - Windchase",
6040-0000,6040-0000 Bulk Cable,o,3,"Guillermo - (Fort Worth, TX) - The Flats at Brentwood",
6040.000,6040.000 - Performance Bonus,pr,3,"Guillermo - (Moore, OK) - Southwinds Apartments",
604001,604001 - Eviction Expense,ad,2,"Paul - (Fort Worth, TX) - Aden Crest",
6041.000,6041.000 - Leasing Commissions,pr,3,"Guillermo - (Moore, OK) - Southwinds Apartments",
6045,6045 Electrical Parts & Supplies,rm,2,"Yonnic -  (Waco, TX) - West Campus Lofts",
6047,6047 - Employee Discount,nr,2,"Paul - (Killeen, TX ) - The Grove at Killeen",
6048.000,6048.000 - Payroll Processing Fees,pr,3,"Guillermo - (Moore, OK) - Southwinds Apartments",
605.01,605.01 Electricity,e,2,"Jon - (Dallas, TX) - Iris Memory Care of Turtle Creek",
605.02,605.02 Gas,o,2,"Jon - (Dallas, TX) - Iris Memory Care of Turtle Creek",
605.03,605.03 Water,w,2,"Jon - (Dallas, TX) - Iris Memory Care of Turtle Creek",
605.04,605.04 Garbage,tr,2,"Jon - (Dallas, TX) - Iris Memory Care of Turtle Creek",
605.05,605.05 Internet/Cable,o,2,"Jon - (Dallas, TX) - Iris Memory Care of Turtle Creek",
605.06,605.06 Fax/Landlines,o,2,"Jon - (Dallas, TX) - Iris Memory Care of Turtle Creek",
605.07,605.07 Cell Phones,ad,2,"Jon - (Dallas, TX) - Iris Memory Care of Turtle Creek",recoded from 'o' (house rule: telephone/answering -> ad)
6050,6050 Appliance Parts & Supplies,rm,2,"Yonnic -  (Waco, TX) - West Campus Lofts",
6050,6050 - Preferred Employer Discount,nr,2,"Paul - (Killeen, TX ) - The Grove at Killeen",
6050.000,6050.000 - Utilities - Water/Sewer,w,4,"Guillermo - (San Antonio, TX) - Lyra",
60500,60500 Answering Service,ad,2,"David - (Waco, TX) - Eleven06 on 35",
6051,6051 Keys,ad,2,"Jon - (Anadarko, OK) - The Crossings in Anadarko","recoded from 'rm' (standardized to majority ({'ad': 2, 'rm': 2}))"
6052,"6052 Electric, Water, S",e,2,"Jon - (Anadarko, OK) - The Crossings in Anadarko",
6054,6054 Hot Water Tank,rm,2,"Jon - (Anadarko, OK) - The Crossings in Anadarko",
6055,6055 Painting Parts/Supplies,rm,2,"Yonnic -  (Waco, TX) - West Campus Lofts",
6055.100,6055.100 - Utilities-Property Internet,o,2,"Guillermo - (San Antonio, TX) - Lyra",
606.01,606.01 Maintenance Supplies,rm,2,"Jon - (Dallas, TX) - Iris Memory Care of Turtle Creek",
606.02,606.02 Yard & Landscape,cs,2,"Jon - (Dallas, TX) - Iris Memory Care of Turtle Creek",
606.03,606.03 General Repairs & Maintenance,rm,2,"Jon - (Dallas, TX) - Iris Memory Care of Turtle Creek","recoded from 'cs' (standardized to majority ({'rm': 2, 'cs': 2}))"
606.04,606.04 Service Contracts,cs,2,"Jon - (Dallas, TX) - Iris Memory Care of Turtle Creek",
6060,6060 Plumbing Part/Supplies,rm,2,"Yonnic -  (Waco, TX) - West Campus Lofts",
6060-0000,6060-0000 Internet/Cable,o,2,"Yonnic - (Austin, TX) - Alma North Plaza",
6060.000,6060.000 - Group Insurance,pr,3,"Guillermo - (Moore, OK) - Southwinds Apartments",
60600,60600 Telephone,ad,2,"David - (Waco, TX) - Eleven06 on 35",
606001,606001 - Travel - Lodging & Fares,ad,2,"Paul - (Fort Worth, TX) - Aden Crest",
606002,606002 - Travel - Business Meals,ad,2,"Paul - (Fort Worth, TX) - Aden Crest",
606003,606003 - Travel - Automobile,ad,2,"Paul - (Fort Worth, TX) - Aden Crest",
606005,606005 - Meals - Celebratory,ad,2,"Paul - (Fort Worth, TX) - Aden Crest",
6062.000,6062.000 - Payroll Taxes,pr,3,"Guillermo - (Moore, OK) - Southwinds Apartments",
6063.000,6063.000 - Workers' Comp Insurance,pr,3,"Guillermo - (Moore, OK) - Southwinds Apartments",
6065,6065 HVAC Parts & Supplies,rm,2,"Yonnic -  (Waco, TX) - West Campus Lofts",
6065,6065 Resident referral fees,m,2,"Emilio - (Houston, TX) - Los Pinos",
607.01,607.01 Sales Director Budget,m,2,"Jon - (Dallas, TX) - Iris Memory Care of Turtle Creek",
607.02,607.02 Web/Digital,m,2,"Jon - (Dallas, TX) - Iris Memory Care of Turtle Creek",
607.03,607.03 Social Media,m,2,"Jon - (Dallas, TX) - Iris Memory Care of Turtle Creek",
607.04,607.04 Other Home Office Marketing,m,2,"Jon - (Dallas, TX) - Iris Memory Care of Turtle Creek",
607.05,607.05 Marketing Mileage,m,2,"Jon - (Dallas, TX) - Iris Memory Care of Turtle Creek",
607.06,607.06 Print Materials & Other Marketing Startup,m,2,"Jon - (Dallas, TX) - Iris Memory Care of Turtle Creek",
6070,6070 Lighting  & Fixture,rm,2,"Yonnic -  (Waco, TX) - West Campus Lofts",
60700,60700 Travel,ad,2,"David - (Waco, TX) - Eleven06 on 35",
6075,6075 Pool Supplies & Upkeep,rm,2,"Yonnic -  (Waco, TX) - West Campus Lofts",
6079,6079 - One Time Concession,nr,5,"Paul - (Killeen, TX) - Windchase",
6080,6080 Resident Retention activities,m,2,"Emilio - (Houston, TX) - Los Pinos",
6080,6080 Roof Supplies & Repairs - Minor,rm,2,"Yonnic -  (Waco, TX) - West Campus Lofts",
60800,60800 Meals & Entertainment,ad,2,"David - (Waco, TX) - Eleven06 on 35",
608001,"608001 - Dues,Subscriptions & Publications",ad,2,"Paul - (Fort Worth, TX) - Aden Crest",
6084,6084 Assistant Manage,pr,2,"Jon - (Anadarko, OK) - The Crossings in Anadarko",
6085,6085 Windows/Doors/Screens,rm,2,"Yonnic -  (Waco, TX) - West Campus Lofts",
6086,6086 Keys & Locks,rm,2,"Yonnic -  (Waco, TX) - West Campus Lofts",
6089,6089 Landscape Supplies,rm,2,"Yonnic -  (Waco, TX) - West Campus Lofts",
609.00,609.00 Legal & Professional Fees,ad,2,"Jon - (Dallas, TX) - Iris Memory Care of Turtle Creek",
6090,6090 Building Repairs/Materials,rm,2,"Yonnic -  (Waco, TX) - West Campus Lofts",
6090-0000,6090-0000 Utility Processing Fees,o,2,"Yonnic - (Austin, TX) - Alma North Plaza",
6090.000,6090.000 - Telephone,ad,4,"Guillermo - (San Antonio, TX) - Lyra",recoded from 'o' (house rule: telephone/answering -> ad)
6090.100,6090.100 - Telephone Internet,ad,2,"Guillermo - (San Antonio, TX) - Lyra",recoded from 'o' (house rule: telephone/answering -> ad)
60900,60900 Employee Recruiting,pr,2,"David - (Waco, TX) - Eleven06 on 35","recoded from 'ad' (standardized to majority ({'pr': 22, 'ad': 8}))"
60901,60901 Employee Relations,ad,2,"David - (Waco, TX) - Eleven06 on 35",
6091,6091 Gutters,rm,2,"Yonnic -  (Waco, TX) - West Campus Lofts",
6093.000,6093.000 EMPLOYEE BONUSES,pr,2,"Greg- (Arlington, TX) - Pine Ridge Apartments",
6095,6095 Conc. & Sidewalk Rpr - Minor,rm,2,"Yonnic -  (Waco, TX) - West Campus Lofts",
6100,6100 Administration Costs,ad,2,"Emilio - (Balch Springs, TX) - The Elinor on Elam",
6100,6100 - Application Fees,oi,5,"Paul - (Killeen, TX) - Windchase",
6100,6100 Business Manager Payroll,pr,1,"Jon - (Sherman, TX) - Northridge Villas",
6100,6100 Fire Prevention / Extinguishers,rm,2,"Yonnic -  (Waco, TX) - West Campus Lofts",
6100,6100 On-Site Property Mgmt Payroll,pr,4,"Dylan - (Fort Worth, TX) - Woods of Eastchase",
6100,6100 Payroll - Taxes,pr,2,"Yonnic - (Elk City, OK) - Granite Landing Apartments",
6100-0010,6100-0010 Cable TV/Satellite/Internet,cs,4,"Danny - (Arlington, TX) - The Sherry",
6100-0020,6100-0020 Common Area Cleaning,rm,4,"Danny - (Arlington, TX) - The Sherry","recoded from 'cs' (standardized to majority ({'rm': 33, 'cs': 4}))"
6100-0080,6100-0080 HVAC Contract,cs,4,"Danny - (Arlington, TX) - The Sherry",
6100-0084,6100-0084 Janitorial Service,cs,2,"Danny - (San Antonio, TX) - Villas de Sendero",
6100-0088,6100-0088 Janitorial Supplies,rm,4,"Danny - (Arlington, TX) - The Sherry","recoded from 'cs' (standardized to majority ({'rm': 14, 'cs': 4}))"
6100-0130,6100-0130 Landscaping Contract,cs,4,"Danny - (Arlington, TX) - The Sherry",
6100-0140,6100-0140 Landscaping Other,cs,2,"Danny - (Arlington, TX) - The Sherry",
6100-0150,6100-0150 Pool Service,cs,4,"Danny - (Arlington, TX) - The Sherry",
6100-0160,6100-0160 Misc Contract Services,cs,4,"Danny - (Arlington, TX) - The Sherry",
6100-0170,6100-0170 Pest Control,cs,4,"Danny - (Arlington, TX) - The Sherry",
6100-0200,6100-0200 Security/Fire Alarm Monitoring,cs,2,"Danny - (Arlington, TX) - The Sherry",
6100-0300,6100-0300 Equipment Rental,rm,4,"Danny - (Arlington, TX) - The Sherry","recoded from 'cs' (standardized to majority ({'rm': 30, 'cs': 4, 'ad': 8}))"
6100.000,6100.000 - Waste Disposal,tr,4,"Guillermo - (San Antonio, TX) - Lyra",
6100.001,6100.001 Fixed Expenses,i,2,"Yonnic - (Dallas, TX) - Casa de Arroyo",
6100.100,6100.100 - Valet Trash Service,tr,2,"Guillermo - (San Antonio, TX) - Lyra",
61000000,61000000 Advertising & Marketing,m,2,"Greg - (Garland, TX) - Parkaire Apartments",
61000001,61000001 Advertising,m,7,"Greg - (Balch Springs, TX ) - Autumn Run Apartments",
61000004,61000004 Resident Referral Fees,m,7,"Greg - (Balch Springs, TX ) - Autumn Run Apartments",
610001,610001 - Permit Licenses And Fees,ad,2,"Paul - (Fort Worth, TX) - Aden Crest",
6101,6101 Contractors,pr,2,"Jon - (Anadarko, OK) - The Crossings in Anadarko","recoded from 'ad' (standardized to majority ({'rm': 2, 'pr': 4, 'ad': 2}))"
6101,6101 Gl & Property Insurance,i,4,"Bryce - (OKC, OK) - 717 Ventura South",
6101,6101 MANAGER,pr,6,"Dylan - (Houston, TX) - The 910",
6101,6101 Vending Machine Supplies,ad,2,"Yonnic - (Mount Pleasant, TX) - Shady Oaks",
61010,61010 Water & Sewer,w,2,"Paul - (Fort Worth, TX) - Rio Apartments",
6102,6102 USPS,ad,2,"Greg - (San Antonio, TX ) - Lodge at Timberhill",
61020,61020 - Advertising - Internet,m,6,"Dylan - (Dallas, TX) - Principal Residences",
61020,61020 Trash Removal,tr,2,"Paul - (Fort Worth, TX) - Rio Apartments",
6103,6103 Accounting / ADP Fees,ad,4,"Bryce - (San Antonio, TX) - Broadstone Collonade",
6103,6103 ASSISTANT MANAGER,pr,6,"Dylan - (Houston, TX) - The 910",
6103,6103 Equipment Rental,rm,2,"Jon - (Anadarko, OK) - The Crossings in Anadarko","recoded from 'ad' (standardized to majority ({'rm': 30, 'cs': 4, 'ad': 8}))"
6103,6103 - Non-Refundable Pet Fee,oi,5,"Paul - (Killeen, TX) - Windchase",
6103,6103 PAYROLL Processing Fees Accounting,ad,6,"Trey - (Fate, TX) - The Villages at Fate",
6103,6103 Property Taxes,tx,4,"Bryce - (OKC, OK) - 717 Ventura South",
6103,6103 TRADE LABOR,pr,2,"Guillermo - (Dallas, TX) - Eclipse of White Rock",
6103,6103 - Travel,ad,2,"Bryce - (Addison, TX) - Jade Addison","recoded from 'mf' (standardized to majority ({'ad': 49, 'mf': 2}))"
6103.001,6103.001 Property Insurance,i,7,"Yonnic - (Dallas, TX) - Casa de Arroyo",
61030,61030 Electric (Vacant),e,2,"Paul - (Fort Worth, TX) - Rio Apartments",
61030-000,61030-000     Management Fees,mf,2,"Yonnic - (San Antonio, TX) - Landera",
6104,6104 ADP Fees,ad,3,"Paul - (Corsicana, TX) - Northwood Village Apartments",
6104,6104 Bookkeeping Parking Space,ad,2,"Greg - (San Antonio, TX ) - Lodge at Timberhill",
6104,"6104 - Legal, Accounting & other Professional Fees",ad,2,"Paul - (West Colombia, TX) - Whispering Pines",
6104,6104 OFFICE PAYROLL,pr,6,"Dylan - (Houston, TX) - The 910",
6104,6104 Renter's Insurance,ad,2,"Bryce - (San Antonio, TX) - Broadstone Collonade",
6104,6104 ResMan Fees,ad,4,"Dylan  - (Dallas, TX) - Rosedale Apartments",
6104,6104 - Travel - Airfare,mf,2,"Bryce - (Addison, TX) - Jade Addison",
6104.001,6104.001 Other Insurance,i,4,"Yonnic - (Dallas, TX) - Casa de Arroyo",
61040,61040 - Advertising - Other,m,2,"Greg - (Roanoke, TX) - Magnolia on Oak",
61040,61040 Electric (Common Area),e,2,"Paul - (Fort Worth, TX) - Rio Apartments",
61040,61040 - Equipment - Lease . Rental,ad,2,"Danny - (Dallas, TX) - Magnolia on Gaston",
61040,61040 Shipping and delivery expense,ad,2,"David - (Waco, TX) - Eleven06 on 35",
61045,61045 - Promotional,m,2,"Greg - (Roanoke, TX) - Magnolia on Oak",
6105,6105 EPremium Fee,ad,2,"Greg - (San Antonio, TX ) - Lodge at Timberhill",
6105,6105 Other Maint. & Repairs,rm,2,"Yonnic -  (Waco, TX) - West Campus Lofts",
6105,6105 Package Service,ad,2,"Bryce - (San Antonio, TX) - Broadstone Collonade",
6105,6105 - Parking/Carport Fees,oi,3,"Paul - (Killeen, TX) - Windchase",
6105,6105 Property Tax,tx,2,"Bryce - (San Antonio, TX) - Reserve at Lone Oak",
6105,6105 - Trash Removal,tr,2,"Guillermo - (Lubbock, TX) - The Boulders at Lakeridge",
6105,6105 - Travel - Ground Transportation,mf,2,"Bryce - (Addison, TX) - Jade Addison",
61050,61050 Gas,o,2,"Paul - (Fort Worth, TX) - Rio Apartments",
61055,61055 - Salary: Manager,pr,2,"Dylan - (Houston, TX) - Corridor at Westchase",
6106,6106 Answering Service,ad,20,"Paul - (Corsicana, TX) - Northwood Village Apartments",
6106,6106 Code Compliance Expenses,rm,4,"David - (Grand Prairie, TX) - Serrano Creek",
6106,6106 LEASING,pr,6,"Dylan - (Houston, TX) - The 910",
6106,6106 - Travel - Lodging,ad,2,"Bryce - (Addison, TX) - Jade Addison","recoded from 'mf' (standardized to majority ({'ad': 13, 'mf': 2}))"
61060,61060 - Salary: Assistant Manager,pr,2,"Dylan - (Houston, TX) - Corridor at Westchase",
61065,61065 - Salary: Leasing Agent,pr,2,"Dylan - (Houston, TX) - Corridor at Westchase",
6107,6107 Applicant Screening,ad,2,"Emilio - (Balch Springs, TX) - The Elinor on Elam",
6107,6107 - Laundry,oi,5,"Paul - (Killeen, TX) - Windchase",
6107,6107 - Travel - Meals,ad,2,"Bryce - (Addison, TX) - Jade Addison","recoded from 'mf' (standardized to majority ({'ad': 12, 'mf': 2}))"
61070,61070 Utility Billing,ad,2,"Paul - (Fort Worth, TX) - Rio Apartments",
61075,61075 Bulk Cable/Internet,o,2,"Paul - (Fort Worth, TX) - Rio Apartments",
6109,6109 Auto Allowance,pr,2,"Greg - (Haltom City, TX) - Haltom Oaks","recoded from 'ad' (standardized to majority ({'ad': 2, 'pr': 16}))"
6109,6109 - Cable Income,ro,5,"Paul - (Killeen, TX) - Windchase","recoded from 'oi' (standardized to majority ({'ro': 11, 'oi': 7}))"
6109,6109 MAINTENANCE,pr,8,"Dylan - (Houston, TX) - The 910",
6109,6109 Mowing,cs,2,"Jon - (Anadarko, OK) - The Crossings in Anadarko",
61090,61090 - Collateral Supplies / Marketing Materials,m,6,"Dylan - (Dallas, TX) - Principal Residences",
611.00,611.00 Van Expenses,ad,2,"Jon - (Dallas, TX) - Iris Memory Care of Turtle Creek",
6110,6110 BONUSES,pr,6,"Dylan - (Houston, TX) - The 910",
6110,6110 LEASING/MANAGEMENT,pr,2,"Guillermo - (Dallas, TX) - Eclipse of White Rock",
6110,6110 - Office / Management Salaries,pr,4,"Dylan - (Houston, TX) - Brookfield",
6110,6110 - Water,w,2,"Guillermo - (Lubbock, TX) - The Boulders at Lakeridge",
6110.000,6110.000 - Contract - Landscape Contract,cs,4,"Guillermo - (San Antonio, TX) - Lyra",
6110.000,6110.000 - Management Fees,mf,3,"Guillermo - (Moore, OK) - Southwinds Apartments",
61100,61100 - Referral - Loaders,m,2,"Danny - (Dallas, TX) - Magnolia on Gaston",
61100,61100 - Referral - Locators,m,6,"Dylan - (Dallas, TX) - Principal Residences",1xe
61101,61101 - Referral - Residents,m,6,"Dylan - (Dallas, TX) - Principal Residences",1xo
61105,61105 Licenses Permits Expense 1,ad,2,"David - (Waco, TX) - Eleven06 on 35",
6111,6111 Auto - Repair/Maintenance,ad,2,"Yonnic - (Garrison, TX) - Appleby Courtyard",
6111.000,6111.000 - Contract - Other Landscape/Irr,cs,4,"Guillermo - (San Antonio, TX) - Lyra",
61115,61115 - Legal - Tonere Evictions,ad,2,"Danny - (Dallas, TX) - Magnolia on Gaston",
6112,6112 Bank Charges Et Fees,ad,4,"Emilio - (San Antonio, TX) - Greenway",
6112,6112 Bank Charges & Fees,ad,63,"Paul - (Corsicana, TX) - Northwood Village Apartments",
6112,6112 - Locks And Keys,oi,5,"Paul - (Killeen, TX) - Windchase",
6112,6112 MAIDS/PORTERS,pr,4,"Dylan - (Houston, TX) - The 910",
6112.000,6112.000 - Accounting Fees,mf,3,"Guillermo - (Moore, OK) - Southwinds Apartments","recoded from 'ad' (standardized to majority ({'ad': 19, 'mf': 20}))"
6113,6113 PayLease,ad,2,"Greg - (San Antonio, TX ) - Lodge at Timberhill",
6113,6113 Property Mgmt Software,ad,2,"Greg - (Haltom City, TX) - Haltom Oaks",
6113,6113 Rent Payment Processing,ad,2,"Greg  - (Arlington, TX) - Norwood Place Apartments",
6114,6114 Credit Builder Expense,ad,2,"Greg - (Haltom City, TX) - Haltom Oaks",
6114,6114 - Short Term Fees,oi,5,"Paul - (Killeen, TX) - Windchase",
6114.000,6114.000 - Bank Charges,ad,3,"Guillermo - (Moore, OK) - Southwinds Apartments",
6115,6115 - Bonuses / Commissions,pr,4,"Dylan - (Houston, TX) - Brookfield",
6115,6115 Credit Verification,ad,12,"Greg - (Lewisville, TX) - Mason on Main",
6115,6115 EMPLOYEE HOUSING,pr,4,"Jackson - (Lufkin, TX) - Falling Water",
6115,6115 - Natural Gas Expense,e,2,"Guillermo - (Lubbock, TX) - The Boulders at Lakeridge","recoded from 'o' (standardized to majority ({'e': 2, 'o': 2}))"
6115,6115 Qualifier - Background/Credit Verification,ad,2,"Guillermo - (Bryan, TX) - West University Gardens",
6115,6115 Residential Credit Verification,ad,3,"Paul - (Corsicana, TX) - Northwood Village Apartments",
6115,6115 ResMan Screening,ad,2,"Greg - (Haltom City, TX) - Haltom Oaks",
6115,6115 - Water & Sewage,w,5,"Yonnic - (San Antonio, TX) - The Kelly Apartments",
61155,61155 - Salary: Lead Maintenance,pr,2,"Dylan - (Houston, TX) - Corridor at Westchase",
6116,6116 Tenant Screening,ad,2,"Greg - (San Antonio, TX ) - Lodge at Timberhill","recoded from 'm' (standardized to majority ({'rm': 2, 'ad': 9, 'm': 2}))"
61160,61160 - Salary: Assistant Maintenance,pr,2,"Dylan - (Houston, TX) - Corridor at Westchase",
61165,61165 - Salary: Make Ready,pr,2,"Dylan - (Houston, TX) - Corridor at Westchase",
6117,6117 Lifestyles Podium Portal - Property,ad,2,"Guillermo - (Bryan, TX) - West University Gardens",
6117,6117 ResMan Payments,ad,2,"Greg - (Haltom City, TX) - Haltom Oaks",
6117,6117 UNIFORMS/SAFETY EQUIPMENT,ad,2,"Dylan - (Houston, TX) - The 910",recoded from 'pr' (house rule: uniforms -> ad)
61170,61170 - Salary: Porter/Housekeeper,pr,2,"Dylan - (Houston, TX) - Corridor at Westchase",
6118,"6118 Dues, Books a Subscriptions",ad,4,"Emilio - (San Antonio, TX) - Greenway",
6118,"6118 Dues, Books & Subscriptions",ad,23,"Paul - (Corsicana, TX) - Northwood Village Apartments",
6118,6118 Dues/Subscriptions (TAA/Bluemoon),ad,5,"David - (Kingsville, TX) - Hawk's Landing Apartments",
6120,6120 - Electricity- Property,e,2,"Guillermo - (Lubbock, TX) - The Boulders at Lakeridge",
6120,6120 - Garbage & Trash,tr,5,"Yonnic - (San Antonio, TX) - The Kelly Apartments",
6120,6120 General & Admin.,ad,2,"Greg -  (Garland, TX) - Meadowlark Apartments",
6120,6120 - Interest,oi,2,"Paul - (Killeen, TX ) - The Grove at Killeen",
6120,6120 Legal and Professional Fees,ad,2,"Greg - (Garland, TX) - Villa Placita",
6120,6120 - Maintenance Salaries,pr,4,"Dylan - (Houston, TX) - Brookfield",
6120,6120 Resman Fees,ad,6,"Guillermo - (Bryan, TX) - West University Gardens",
6120.000,6120.000 - Contract - Security Patrol,cs,2,"Guillermo - (Tulsa, OK ) - Waterside Apartments",
6120.000,6120.000 - Legal Fees,ad,3,"Guillermo - (Moore, OK) - Southwinds Apartments",
61200,61200 - Salary: Maintenance Overtime,pr,2,"Dylan - (Houston, TX) - Corridor at Westchase",
612002,612002 - Miscellaneous Gifts,ad,2,"Paul - (Fort Worth, TX) - Aden Crest",
6121,6121 Wax ring,rm,2,"Jon - (Anadarko, OK) - The Crossings in Anadarko",
6121.000,6121.000 - Contract - Alarm Monitor,cs,4,"Guillermo - (San Antonio, TX) - Lyra",
61210,61210 - Salary: Overtime,pr,2,"Dylan - (Houston, TX) - Corridor at Westchase",
6122,6122 Bluemoon 2.0,ad,2,"Guillermo - (Bryan, TX) - West University Gardens",
6122.000,6122.000 - Collection Agency Fees,ad,3,"Guillermo - (Moore, OK) - Southwinds Apartments",
6122.000,6122.000 - Contract - Emergency Phone,ad,4,"Guillermo - (San Antonio, TX) - Lyra",recoded from 'cs' (house rule: telephone/answering -> ad)
6123.000,6123.000 - Contract - Key Maintenance,cs,4,"Guillermo - (San Antonio, TX) - Lyra",
6124,6124 Employee Goodwill,ad,5,"Paul - (Corsicana, TX) - Northwood Village Apartments",
6124,6124 Employee Retention/ Holiday,ad,2,"Greg - (San Antonio, TX ) - Lodge at Timberhill",
6125,6125 - Electricity- Office,e,2,"Guillermo - (Lubbock, TX) - The Boulders at Lakeridge",
6125,6125 ResMan Subscription,ad,4,"Yonnic - (Garrison, TX) - Appleby Courtyard",
6125.000,6125.000 CONTRACT LABOR,cs,2,"Greg- (Arlington, TX) - Pine Ridge Apartments",
61250,61250 - Salary: Employee Commissions/Bonuses,pr,2,"Dylan - (Houston, TX) - Corridor at Westchase",
6126,6126 Blue Moon Subscription,ad,2,"Guillermo - (Bryan, TX) - West University Gardens",
6126,6126 BlueMoon Subscription,ad,4,"Yonnic - (Garrison, TX) - Appleby Courtyard",
6127,6127 Employee Recruiting,pr,6,"Guillermo - (Bryan, TX) - West University Gardens","recoded from 'ad' (standardized to majority ({'pr': 22, 'ad': 8}))"
6128,6128 ePremium Insurance,ad,2,"Dylan  - (Dallas, TX) - Rosedale Apartments",
6128,6128 Pineywoods Apartment Association,ad,4,"Yonnic - (Garrison, TX) - Appleby Courtyard",
613.00,613.00 Bad Debts,ad,2,"Jon - (Dallas, TX) - Iris Memory Care of Turtle Creek",
6130,6130 - Electricity- Vacants,e,2,"Guillermo - (Lubbock, TX) - The Boulders at Lakeridge",
6130,6130 - Late/Nsf Fees,oi,5,"Paul - (Killeen, TX) - Windchase",
6130,6130 Legal and Professional Fees,ad,2,"Greg -  (Garland, TX) - Meadowlark Apartments",
6130.000,6130.000 - Telephone,ad,3,"Guillermo - (Moore, OK) - Southwinds Apartments",
6131,6131 - Month To Month,oi,5,"Paul - (Killeen, TX) - Windchase",
6131,6131 Resman Payments 2.0,ad,2,"Guillermo - (Bryan, TX) - West University Gardens",
6131.000,6131.000 - Answering/Texting Service,ad,3,"Guillermo - (Moore, OK) - Southwinds Apartments",
6132,6132 Late Fees Expense,ad,2,"Greg - (Haltom City, TX) - Haltom Oaks",
6132,6132 - Reletting Fees,oi,2,"Paul - (Killeen, TX ) - The Grove at Killeen",
6132,6132 Resman Pay Ach Reversal,ad,2,"Guillermo - (Bryan, TX) - West University Gardens",
6133,6133 License a Inspection Fees - City,ad,2,"Emilio - (San Antonio, TX) - Greenway",
6133,6133 License & Inspection Fees - City,ad,29,"Paul - (Corsicana, TX) - Northwood Village Apartments",
6133,"6133 License,Permits,Inspection Fees - City",ad,4,"Emilio - (Balch Springs, TX) - The Elinor on Elam",
6134,6134 Doc Verification - Snappt,ad,2,"Guillermo - (Bryan, TX) - West University Gardens",
6134,6134 Smoke detecto,rm,2,"Jon - (Anadarko, OK) - The Crossings in Anadarko",
6135,6135 Id Verification - Snappt,ad,2,"Guillermo - (Bryan, TX) - West University Gardens",
6136,6136 - License & Fees - Software,ad,2,"Paul - (West Colombia, TX) - Whispering Pines",
6136,6136 Licenses & Fees - Software,ad,55,"Paul - (Corsicana, TX) - Northwood Village Apartments",
6137,6137 Leaselock Fee,ad,2,"Guillermo - (Bryan, TX) - West University Gardens",
6138,6138 Credit Builder,ad,2,"Guillermo - (Bryan, TX) - West University Gardens",
6139,6139 Internet Expenses,ad,22,"Yonnic - (Mount Pleasant, TX) - Shady Oaks",
6139,6139 Internet - Office Expense,ad,2,"Guillermo - (Bryan, TX) - West University Gardens",
6139,6139 Internet & Phone Expenses,ad,14,"Greg - (Lewisville, TX) - Mason on Main",
6140,6140 Email Expense,ad,2,"Guillermo - (Bryan, TX) - West University Gardens",
6140,6140 Insurance Premium Fees,i,4,"Greg - (Lewisville, TX) - Mason on Main",recoded from 'ad' (property insurance -> i)
6140,6140 - Miscellaneous,oi,5,"Paul - (Killeen, TX) - Windchase",
6140,6140 Resident Screening,ad,4,"Yonnic - (Sulphur Springs, TX) - The Choir",
6140,6140 - Telephone,ad,2,"Guillermo - (Lubbock, TX) - The Boulders at Lakeridge",recoded from 'o' (house rule: telephone/answering -> ad)
6140,6140 Utilities,w,2,"Greg -  (Garland, TX) - Meadowlark Apartments",
6140.000,6140.000 - Contract - Pest Control,cs,4,"Guillermo - (San Antonio, TX) - Lyra",
6140.000,6140.000 - Postage,ad,3,"Guillermo - (Moore, OK) - Southwinds Apartments",
6140.1,6140.1 Renters Insurance Premium,ad,2,"Yonnic - (Mount Pleasant, TX) - Shady Oaks",
61400,61400 - Group Insurance,pr,2,"Dylan - (Houston, TX) - Corridor at Westchase",
6141,6141 Bryan/Cs Apt Assn,ad,2,"Guillermo - (Bryan, TX) - West University Gardens",
6141.000,6141.000 - Dues & Publications,ad,3,"Guillermo - (Moore, OK) - Southwinds Apartments",
6142,6142 - Cleaning Fee,oi,5,"Paul - (Killeen, TX) - Windchase",
6142,6142 IT & Computer Expense,ad,9,"Paul - (Corsicana, TX) - Northwood Village Apartments",
6143,6143 - Pet Rent,oi,5,"Paul - (Killeen, TX) - Windchase",
6143,6143 Software Expense,ad,4,"Greg - (Garland, TX) - Gardens on Walnut",
6144,6144 Lifestyles Maven,ad,2,"Guillermo - (Bryan, TX) - West University Gardens",
6145,6145 Employee Meals & Meeting,ad,2,"Greg - (San Antonio, TX ) - Lodge at Timberhill",
6145,6145 Employee & Working Meals,ad,25,"Greg - (Lewisville, TX) - Mason on Main",
6145,6145 Meals,ad,2,"Yonnic - (Nacogdoches, TX) - The Colonial",
6145,6145 Meals & Entertainment,ad,4,"Yonnic - (Mount Pleasant, TX) - Shady Oaks",
6145,6145 - Write Offs,bd,5,"Paul - (Killeen, TX) - Windchase",1xoi
61450,61450 - Salary: Taxes,pr,2,"Dylan - (Houston, TX) - Corridor at Westchase",
6146,6146 Employee Activities and Events,ad,6,"Greg - (Lewisville, TX) - Mason on Main",
6148,6148 New Faucet,rm,2,"Jon - (Anadarko, OK) - The Crossings in Anadarko",
6149,6149 Pre-Employment Drug Screen,ad,2,"Guillermo - (Bryan, TX) - West University Gardens",
615.01,615.01 Real Property Taxes,tx,2,"Jon - (Dallas, TX) - Iris Memory Care of Turtle Creek",
615.02,615.02 Personal Property Taxes,tx,2,"Jon - (Dallas, TX) - Iris Memory Care of Turtle Creek",
615.03,615.03 Property Tax Consulting,ad,2,"Jon - (Dallas, TX) - Iris Memory Care of Turtle Creek","recoded from 'tx' (standardized to majority ({'ad': 4, 'tx': 2}))"
6150,6150 Cleaning and Maint,rm,2,"Greg -  (Garland, TX) - Meadowlark Apartments",
6150,6150 Make Ready,rm,2,"Jon - (Anadarko, OK) - The Crossings in Anadarko","recoded from 'pr' (standardized to majority ({'rm': 43, 'pr': 4}))"
6150,6150 - Payroll Taxes,pr,4,"Dylan - (Houston, TX) - Brookfield",
6150.000,6150.000 - Travel & Lodging,ad,3,"Guillermo - (Moore, OK) - Southwinds Apartments",
61500,61500 - Salary: Workers Comp,pr,2,"Dylan - (Houston, TX) - Corridor at Westchase",
61505,61505 - 401(K) Er Match,pr,2,"Dylan - (Houston, TX) - Corridor at Westchase",
6151,6151 Office Equip. Leasing / Rental,ad,4,"Greg - (Garland, TX) - Gardens on Walnut",
6151,6151 - Workman'S Compensation,pr,4,"Dylan - (Houston, TX) - Brookfield",
6151.000,6151.000 - Meals & Entertainment,ad,3,"Guillermo - (Moore, OK) - Southwinds Apartments",
61510,61510 - Salary: Payroll & Benefits Processing Fees,pr,2,"Dylan - (Houston, TX) - Corridor at Westchase",
6152,6152 - Health Insurance,pr,4,"Dylan - (Houston, TX) - Brookfield",
6152,6152 Worker's Comp In,pr,2,"Jon - (Anadarko, OK) - The Crossings in Anadarko",
6154,6154 Glass,rm,2,"Jon - (Anadarko, OK) - The Crossings in Anadarko",
6157,6157 Office Supplies a Expenses,ad,2,"Emilio - (San Antonio, TX) - Las Palmas Townhomes",
6157,6157 Office Supplies & Expenses,ad,50,"Paul - (Corsicana, TX) - Northwood Village Apartments",
6157,6157 Office Supplies Fr Expenses,ad,2,"Emilio - (San Antonio, TX) - Greenway",
6158,6158 Software,ad,2,"Yonnic - (Sulphur Springs, TX) - The Choir",
616.00,616.00 Charitable Donations,ad,2,"Jon - (Dallas, TX) - Iris Memory Care of Turtle Creek",
6160,"6160 Office - Water, Coffee",ad,29,"Greg - (Lewisville, TX) - Mason on Main",
6160,6160 - Terminated Tenant Income,oi,5,"Paul - (Killeen, TX) - Windchase",
6160.000,6160.000 - Licenses & Permits,ad,3,"Guillermo - (Moore, OK) - Southwinds Apartments",
6161,6161 Vending Machine Supplies,ad,2,"Emilio - (San Antonio, TX) - Greenway",
6163,6163 EliseAI - Maintenance/Collections,ad,2,"Emilio - (Balch Springs, TX) - The Elinor on Elam",
61650,61650 - Temp Administrative,pr,2,"Dylan - (Houston, TX) - Corridor at Westchase",
6166,6166 Postage,ad,30,"Paul - (Corsicana, TX) - Northwood Village Apartments",
6167,6167 EMAIL,ad,2,"Yonnic - (Sulphur Springs, TX) - The Choir",
6167,6167 Postage-Fedex,ad,3,"Paul - (Corsicana, TX) - Northwood Village Apartments",
6167,6167 Shipping/Handling,ad,2,"Greg - (Haltom City, TX) - Haltom Oaks",
6169,6169 Printing / Copy,ad,10,"Yonnic - (Mount Pleasant, TX) - Shady Oaks",
617.02,617.02 Non-Budgeted - Home Office,ad,2,"Jon - (Dallas, TX) - Iris Memory Care of Turtle Creek",
6170,6170 - Damages,oi,5,"Paul - (Killeen, TX) - Windchase",
6170,6170 Resident Background Checks,ad,2,"Dylan  - (Dallas, TX) - Rosedale Apartments",
6170,6170 Resman/Credit Builder,ad,2,"Greg - (San Antonio, TX ) - Lodge at Timberhill",
6170.000,6170.000 - Office Supplies,ad,3,"Guillermo - (Moore, OK) - Southwinds Apartments",
61700,61700 - Temp Maintenance,pr,2,"Dylan - (Houston, TX) - Corridor at Westchase",
6171.000,6171.000 - Computer Expense,ad,3,"Guillermo - (Moore, OK) - Southwinds Apartments",
6172,6172 Safety Programs,ad,4,"Greg - (Garland, TX) - Gardens on Walnut",
6172.000,6172.000 - Processing Fees,ad,3,"Guillermo - (Moore, OK) - Southwinds Apartments",
6173,6173 Miscellaneous Expense,ad,2,"Greg - (Haltom City, TX) - Haltom Oaks",
6173,6173 State Req. Gas Patrol/Maintenance/Gas L,ad,2,"Greg - (Irving, TX) - Irvington Place",
6173.000,6173.000 - AI Services,ad,3,"Guillermo - (Moore, OK) - Southwinds Apartments",
6175,6175 Bluemoon - License & Clicks,ad,3,"Paul - (Corsicana, TX) - Northwood Village Apartments",
6175,6175 Leasing Software - Blue Moon,ad,2,"Emilio - (Farmersville, TX) - Hilltop Apartments",
6175,6175 Software and Apps,ad,4,"- (Garland, TX) - Colonial",
6175,6175 TAA - License a Clicks,ad,2,"Emilio - (San Antonio, TX) - Greenway",
6175,6175 TAA - License & Clicks,ad,28,"Yonnic - (Sulphur Springs, TX) - The Choir",
6175,6175 TAA - License ft Clicks,ad,2,"Emilio - (San Antonio, TX) - Las Palmas Townhomes",
6176,6176 Video Communication Fees,ad,2,"Greg - (San Antonio, TX ) - Lodge at Timberhill",
6176.000,6176.000 - Computer Fee,ad,3,"Guillermo - (Moore, OK) - Southwinds Apartments",
6177,6177 Call Center - Answering Service,ad,2,"Guillermo - (Bryan, TX) - West University Gardens",
6178,6178 Telephone,ad,24,"Yonnic - (Sulphur Springs, TX) - The Choir",
6178,6178 Telephone-Cable,ad,5,"David - (Kingsville, TX) - Hawk's Landing Apartments",
6178,6178 Telephone - Land,ad,2,"Guillermo - (Bryan, TX) - West University Gardens",
6179,6179 Telephone - Virtual System,ad,2,"Greg - (San Antonio, TX ) - Lodge at Timberhill",
6179,6179 Telephone - Wireless,ad,4,"Yonnic - (Garrison, TX) - Appleby Courtyard",
6180,6180 Emergency Pool Phone,ad,2,"Greg - (San Antonio, TX ) - Lodge at Timberhill",
6180,6180 Pool Phone Emergency,ad,2,"Yonnic - (Nacogdoches, TX) - The Colonial",
6180.000,6180.000 - Employee Uniforms,ad,3,"Guillermo - (Moore, OK) - Southwinds Apartments",
6184,"6184 Training, Seminars & Education",ad,11,"Paul - (Corsicana, TX) - Northwood Village Apartments",
6185,6185 Storage Rental,ad,2,"Greg - (Haltom City, TX) - Haltom Oaks",
6186,6186 Thermostat,ad,2,"Jon - (Anadarko, OK) - The Crossings in Anadarko",
6187,6187 Travel / Mileage Reimbursement,ad,4,"Yonnic - (Mount Pleasant, TX) - Shady Oaks",
6190,6190 Leasing Referrals,m,2,"- (Garland, TX) - Hanover House",
6190,6190 Stern Risk Insurance Premium Charge,i,6,"Trey - (Fate, TX) - The Villages at Fate",recoded from 'ad' (property insurance -> i)
6190.000,6190.000 - Seminars/Training,ad,3,"Guillermo - (Moore, OK) - Southwinds Apartments",
6191,6191 Window AC Unit,ad,2,"Jon - (Anadarko, OK) - The Crossings in Anadarko",
6193,6193 HEALTH & OTHER BENE,pr,4,"Jackson - (Lufkin, TX) - Falling Water",
6193,6193 HEALTH & OTHER BENEFITS,pr,2,"Dylan - (Houston, TX) - The 910",
6195,6195 Epremium Renter'S Insurance,ad,2,"Guillermo - (Bryan, TX) - West University Gardens",
6195,6195 OTHER PAYROLL EXPENSE,pr,2,"Dylan - (Houston, TX) - The 910",
6198,6198 Other Administrative,ad,33,"Greg - (Lewisville, TX) - Mason on Main",
6199,"6199 Facial Masks, Gloves & Other Safety Equip",ad,8,"Greg - (Lewisville, TX) - Mason on Main",
6199,"6199 Facial Masks, Gloves & Other Safety Equipment",ad,2,"Chase - (Garland, TX) - Jupiter Place",
6199,6199 Staff - Team Building,ad,2,"Guillermo - (Bryan, TX) - West University Gardens",
6200,6200 Legal Et Professional - Other,ad,2,"Emilio  - (Fort Worth, TX) - Leuda-May Apartments",
6200,6200 Legal - Other,ad,2,"Yonnic - (Sulphur Springs, TX) - The Choir",
6200,6200 Legal & Professional,ad,17,"Trey - (Fate, TX) - The Villages at Fate",
6200,6200 Legal & Professional - Other,ad,25,"Greg - (Lewisville, TX) - Mason on Main",
6200,6200 Repairs,rm,4,"Greg - (Garland, TX) - Villa Placita",
6200,6200 UTILITIES,rw,2,"Guillermo - (Dallas, TX) - Eclipse of White Rock",
6200,6200 - Utility Reimbursement,rw,5,"Paul - (Killeen, TX) - Windchase",1xro
6200-0010,6200-0010 Appliance Repair,rm,4,"Danny - (Arlington, TX) - The Sherry",
6200-0015,6200-0015 Carpet/Floor Cleaning,rm,4,"Danny - (Arlington, TX) - The Sherry",
6200-0017,6200-0017 Boiler Repairs,rm,2,"Danny - (Arlington, TX) - The Sherry",
6200-0020,6200-0020 Carpet Repair,rm,4,"Danny - (Arlington, TX) - The Sherry",
6200-0030,6200-0030 Cleaning Supplies,rm,4,"Danny - (Arlington, TX) - The Sherry",
6200-0040,6200-0040 Copier/Fax/Computer Repair,rm,2,"Danny - (San Antonio, TX) - Villas de Sendero",
6200-0050,6200-0050 Doors,rm,4,"Danny - (Arlington, TX) - The Sherry",
6200-0060,6200-0060 Drywall/Ceiling,rm,4,"Danny - (Arlington, TX) - The Sherry",
6200-0070,6200-0070 Electrical,rm,4,"Danny - (Arlington, TX) - The Sherry",
6200-0080,6200-0080 Elevator R & M,rm,2,"Danny - (San Antonio, TX) - Villas de Sendero",
6200-0090,6200-0090 Emergency Cleaning,rm,2,"Danny - (Arlington, TX) - The Sherry",
6200-0100,6200-0100 - Advertising,m,2,"Bryce - (Arlington, TX) - District on Collins",
6200-0100,6200-0100 Equipment Expense,rm,2,"Danny - (San Antonio, TX) - Villas de Sendero",
6200-0101,6200-0101 - Advertising And Promotion,m,2,"Bryce - (Arlington, TX) - District on Collins",
6200-0105,6200-0105 - Website & Online Marketing,m,2,"Bryce - (Arlington, TX) - District on Collins",
6200-0107,6200-0107 - Reputation Management,m,2,"Bryce - (Arlington, TX) - District on Collins",
6200-0110,6200-0110 Exterior Building Repair,rm,4,"Danny - (Arlington, TX) - The Sherry",
6200-0120,6200-0120 Fixtures,rm,4,"Danny - (Arlington, TX) - The Sherry",
6200-0130,6200-0130 Fence/Gate Repairs,rm,2,"Danny - (Arlington, TX) - The Sherry",
6200-0136,6200-0136 Fire Life Safety,rm,4,"Danny - (Arlington, TX) - The Sherry",
6200-0151,6200-0151 General Maintenance,rm,4,"Danny - (Arlington, TX) - The Sherry",
6200-0153,6200-0153 General Maintenance Labor,rm,2,"Danny - (Arlington, TX) - The Sherry",
6200-0160,6200-0160 Glass/Screens,rm,4,"Danny - (Arlington, TX) - The Sherry",
6200-0165,6200-0165 Graffiti,rm,2,"Danny - (Arlington, TX) - The Sherry",
6200-0170,6200-0170 HVAC R & M,rm,4,"Danny - (Arlington, TX) - The Sherry",
6200-0180,6200-0180 Light Bulbs,rm,4,"Danny - (Arlington, TX) - The Sherry",
6200-0201,6200-0201 - Rss And Regional Employee (Overhead Only)-Allocate Qtrly,m,2,"Bryce - (Arlington, TX) - District on Collins",
6200-0210,6200-0210 Locks/Keys,rm,4,"Danny - (Arlington, TX) - The Sherry",
6200-0220,6200-0220 Maintenance Supplies,rm,4,"Danny - (Arlington, TX) - The Sherry",
6200-0250,6200-0250 Misc R & M,rm,4,"Danny - (Arlington, TX) - The Sherry",
6200-0260,6200-0260 Painting-Exterior,rm,4,"Danny - (Arlington, TX) - The Sherry",
6200-0295,6200-0295 Plumbing Fixtures/Repairs/Supplies,rm,4,"Danny - (Arlington, TX) - The Sherry",
6200-0300,6200-0300 - Locator Commissions,m,2,"Bryce - (Arlington, TX) - District on Collins",
6200-0300,6200-0300 Pool Repairs,rm,4,"Danny - (Arlington, TX) - The Sherry",
6200-0310,6200-0310 Roof Repairs,rm,4,"Danny - (Arlington, TX) - The Sherry",
6200-0320,6200-0320 Sidewalks & Decks,rm,2,"Danny - (Arlington, TX) - The Sherry",
6200-0330,6200-0330 Signage,m,4,"Danny - (Arlington, TX) - The Sherry","recoded from 'rm' (standardized to majority ({'m': 75, 'rm': 8}))"
6200-0350,6200-0350 - Resident Referrals,m,2,"Bryce - (Arlington, TX) - District on Collins",
6200-0370,6200-0370 Window Coverings,rm,4,"Danny - (Arlington, TX) - The Sherry",
6200-0375,6200-0375 Window Repairs,rm,2,"Danny - (San Antonio, TX) - Villas de Sendero",
6200-0400,6200-0400 - Promotional,m,2,"Bryce - (Arlington, TX) - District on Collins",
6200-0700,6200-0700 - Resident Functions / Parties,m,2,"Bryce - (Arlington, TX) - District on Collins",
62000001,62000001 Bank Fees,ad,4,"Greg - (Balch Springs, TX ) - Autumn Run Apartments",
62000002,62000002 Credit & Background Checks,ad,7,"Greg - (Balch Springs, TX ) - Autumn Run Apartments",
62000003,62000003 Processing Fees For Ccs,ad,5,"Greg - (Balch Springs, TX ) - Autumn Run Apartments",
62000004,"62000004 Taa, Bluemoon",ad,7,"Greg - (Balch Springs, TX ) - Autumn Run Apartments",
62000005,62000005 Eviction And Related Fees,ad,7,"Greg - (Balch Springs, TX ) - Autumn Run Apartments",
62000006,62000006 Licenses And Inspections,ad,7,"Greg - (Balch Springs, TX ) - Autumn Run Apartments",
62000008,"62000008 Events, Meetings",ad,4,"Greg - (Balch Springs, TX ) - Autumn Run Apartments",
62000009,62000009 Office Supplies,ad,7,"Greg - (Balch Springs, TX ) - Autumn Run Apartments",
62000019,62000019 Telephone,ad,7,"Greg - (Balch Springs, TX ) - Autumn Run Apartments",
62000020,62000020 Software For Mngmnt,ad,7,"Greg - (Balch Springs, TX ) - Autumn Run Apartments",
62000021,62000021 Internet Office,ad,4,"Greg - (Balch Springs, TX ) - Autumn Run Apartments",
62000022,62000022 Telephone For Pool,ad,2,"Greg - (Garland, TX) - Parkaire Apartments",
6200100,6200100   Properly Taxes,tx,2,"Chris - (Alvin, TX) - Hillcrest Village",
6200100,6200100   Property Taxes,tx,11,0e66e893-T12__Property_Name__Month_Year__Processor.xlsx,
6200101,6200101    Property Tax Refund,tx,2,"Chris - (Houston, TX) - Harpers Mill Apartments",
6200101,6200101    Property Taxes Refund,tx,4,"Chris - (Baytown, TX) - Ranch at Rolling Brook",
6200200,6200200   Franchise Taxes,tx,2,"Chris - (Alvin, TX) - Hillcrest Village",
6200200,6200200  Taxes-Oter,tx,2,"Chris - (Sealy, TX) - Edgewood",
6201,6201 ELECTRICITY (PROPERT,e,4,"Jackson - (Lufkin, TX) - Falling Water",
6201,6201 ELECTRICITY (PROPERTY),e,4,"Dylan - (Houston, TX) - The 910",
6201,6201 - Property Insurance,i,2,"Bryce - (Addison, TX) - Jade Addison",
6201,6201 - Trash Reimbursement,rt,5,"Paul - (Killeen, TX) - Windchase",
6201-0000,6201-0000 Property Management Fee,mf,5,"Yonnic - (Austin, TX) - Alma North Plaza",
6201-1000,6201-1000 Compliance Fee,mf,3,"Guillermo - (Fort Worth, TX) - The Flats at Brentwood",
62010,62010 - Bectricity -Common Ansa,e,2,"Danny - (Dallas, TX) - Magnolia on Gaston",
62010,62010 - Electricity - Common Area,e,6,"Dylan - (Dallas, TX) - Principal Residences",
62010,62010 Property Taxes,tx,2,"Paul - (Fort Worth, TX) - Rio Apartments",
62010-000,62010-000     Ad Valorem Property Taxes,tx,2,"Yonnic - (San Antonio, TX) - Landera",
62015,62015 Property Taxes Refund,tx,2,"Paul - (Fort Worth, TX) - Rio Apartments",
6202,6202 ELECTRICITY (CORP./OCCUPIED UNITS),e,2,"Dylan - (Houston, TX) - The 910",
62020,62020 - Elechicity - Vacants,e,2,"Danny - (Dallas, TX) - Magnolia on Gaston",
62020,62020 - Electricity - Vacants,e,6,"Dylan - (Dallas, TX) - Principal Residences",
62020-000,62020-000     Franchise Taxes,tx,2,"Yonnic - (San Antonio, TX) - Landera",
6203,6203 ELECTRICITY (VACANT),e,2,"Dylan - (Houston, TX) - The 910",
6203,6203 - Pest Control Reimbursement,ro,5,"Paul - (Killeen, TX) - Windchase",
62030,62030 - Fire Alarm Monitoring,cs,6,"Dylan - (Dallas, TX) - Principal Residences","recoded from 'o' (standardized to majority ({'cs': 10, 'o': 6}))"
62030,62030 Property Tax Consultant,ad,2,"Paul - (Fort Worth, TX) - Rio Apartments","recoded from 'tx' (standardized to majority ({'ad': 28, 'tx': 2}))"
6204,6204 - Statetaxes,ad,2,"Bryce - (Addison, TX) - Jade Addison",
6205,6205 Advertising - CoStar,m,2,Guillermo - (Baton Rouge) - Eden Point,
6205,6205 Evictions a Court Fees,ad,2,"Emilio - (San Antonio, TX) - Las Palmas Townhomes",
6205,6205 Evictions & Court Fees,ad,35,"Yonnic - (Sulphur Springs, TX) - The Choir",
6205,6205 Evictions Et Court Fees,ad,2,"Emilio - (San Antonio, TX) - Greenway",
6205,6205 Evictions & Legal Fees,ad,3,"Paul - (Corsicana, TX) - Northwood Village Apartments",
6205,6205 Insurance - Property,i,2,"Bryce - (San Antonio, TX) - Reserve at Lone Oak",
6205,6205 - Water Reimbursement,rw,5,"Paul - (Killeen, TX) - Windchase",
62050,62050 State Taxes,tx,2,"Paul - (Fort Worth, TX) - Rio Apartments",
6206,6206 - Bank Fees,ad,2,"Bryce - (Addison, TX) - Jade Addison",
6206,6206 - Electric Reimbursement,ro,5,"Paul - (Killeen, TX) - Windchase",
62060,62060 Business/Franchise Tax,tx,2,"Paul - (Fort Worth, TX) - Rio Apartments",
62060,62060 - Telephone / Internet,ad,6,"Dylan - (Dallas, TX) - Principal Residences",recoded from 'o' (house rule: telephone/answering -> ad)
62060,62060 - Telephone .• Irtamet,ad,2,"Danny - (Dallas, TX) - Magnolia on Gaston",recoded from 'o' (house rule: telephone/answering -> ad)
6207,6207 Advertising - ILS,m,2,Guillermo - (Baton Rouge) - Eden Point,
6207,6207 - Professional Services - Legal,ad,2,"Bryce - (Addison, TX) - Jade Addison",
6207,6207 - Wastewater Reimbursement,rw,5,"Paul - (Killeen, TX) - Windchase",
62070,62070 - Trash Collection,tr,6,"Dylan - (Dallas, TX) - Principal Residences",
62075,62075 • Trash Recycl10,tr,2,"Danny - (Dallas, TX) - Magnolia on Gaston",
6208,6208 - Professional Services- Tax Consultant,ad,2,"Bryce - (Addison, TX) - Jade Addison",
62080,62080 - Water / Sewer,w,6,"Dylan - (Dallas, TX) - Principal Residences",
6209,6209 GAS,o,8,"Dylan - (Houston, TX) - The 910",
62090,62090 - Water / Sewer · Submeter Read,w,6,"Dylan - (Dallas, TX) - Principal Residences",
62090,62090 - Water .' Suer • StOrnelor Rood,w,2,"Danny - (Dallas, TX) - Magnolia on Gaston",
6210,6210 - Advertising,m,4,"Dylan - (Houston, TX) - Brookfield",
6210,6210 Advertising - RentPath,m,2,Guillermo - (Baton Rouge) - Eden Point,
6210,6210 - Application/Credit Check,ad,2,"Jon - (San Antonio, TX) - The Selena Apartments",
6210,6210 CPA/TAX FEE,ad,2,"Yonnic - (Sulphur Springs, TX) - The Choir",
6210,6210 M/R Windows/Doors/Screens,rm,2,"Yonnic -  (Waco, TX) - West Campus Lofts",
6210,6210 Professional Fees,ad,25,"Trey - (Fate, TX) - The Villages at Fate",
6210,6210 TELEPHONE SERVICE,ad,4,"Jackson - (Lufkin, TX) - Falling Water",recoded from 'o' (house rule: telephone/answering -> ad)
6210-0000,6210-0000 - Internet Advertising,m,2,"Guillermo - (Lubbock, TX) - Cantibury Pointe",
6210-0001,6210-0001 - Print Advertising,m,2,"Guillermo - (Lubbock, TX) - Cantibury Pointe",
6210.000,6210.000 - Advertising & Marketing,m,2,"Dylan - (Bryan, TX) - Serenity at Briarcrest",
6210.000,6210.000 - Contract - Repair Services,cs,2,"Guillermo - (San Antonio, TX) - Lyra",
6210.050,6210.050 - Promotions (Resident),m,2,"Dylan - (Bryan, TX) - Serenity at Briarcrest",
62100,62100 - Advertising: Online,m,2,"Dylan - (Houston, TX) - Corridor at Westchase",
62100,62100 Pest Control - Contract,cs,2,"David - (Waco, TX) - Eleven06 on 35",
6211,6211 Legal Fees,ad,2,"Greg - (Haltom City, TX) - Haltom Oaks",
6211,6211 Legal Services,ad,4,"Trey - (Fate, TX) - The Villages at Fate",
6211.000,6211.000 - Contract - Pool Service,cs,2,"Guillermo - (San Antonio, TX) - Lyra",
62110,62110 - Uniforms - Maintenance,ad,2,"Dylan - (Houston, TX) - Corridor at Westchase",
62111,62111 - Broadcast Advertising,m,2,"Dylan - (Houston, TX) - Corridor at Westchase",
62112,62112 - Internet Advertising,m,2,"Dylan - (Houston, TX) - Corridor at Westchase",
62113,62113 - Web-Site Hosting,m,2,"Dylan - (Houston, TX) - Corridor at Westchase",
6212,6212 - Accounting Professional,ad,2,"Bryce - (Addison, TX) - Jade Addison",
6212,6212 Advertising - Website,m,2,Guillermo - (Baton Rouge) - Eden Point,
6213,6213 Accounting/CPA Fees,ad,2,"Greg - (Haltom City, TX) - Haltom Oaks",
6213,6213 - Professional Services - It Services,ad,2,"Bryce - (Addison, TX) - Jade Addison",
6213,6213 - Service Fee,oi,5,"Paul - (Killeen, TX) - Windchase",1xro
6215,6215 Accounting/Tax Consultant,ad,5,"David - (Kingsville, TX) - Hawk's Landing Apartments",
6215,6215 Advertising - Other,m,2,Guillermo - (Baton Rouge) - Eden Point,
6215,6215 - Locator Fees,m,2,"Dylan - (Houston, TX) - Brookfield",
6215,6215 M/R Carpet Repairs & Cleaning,rm,2,"Yonnic -  (Waco, TX) - West Campus Lofts",
6215,6215 - Maintenance Account,rm,3,"Yonnic - (San Antonio, TX) - The Kelly Apartments",
6215,6215 - Office Supplies,ad,2,"Jon - (San Antonio, TX) - The Selena Apartments",
6215,6215 Property Tax Consultant,ad,23,"Greg - (Lewisville, TX) - Mason on Main",1xtx
6217,6217 ePremium Fees,ad,5,"David - (Kingsville, TX) - Hawk's Landing Apartments",
6217,6217 Tax Preparation,ad,2,"Greg - (San Antonio, TX ) - Lodge at Timberhill",
6219,6219 Insurance - LUP,i,2,"Bryce - (San Antonio, TX) - Reserve at Lone Oak",
6220,6220 M/R Cleanning / Janitorial Supplies,rm,2,"Yonnic -  (Waco, TX) - West Campus Lofts",
6220,6220 - Other Professional Services,ad,2,"Bryce - (Addison, TX) - Jade Addison",
6220,6220 - Promotions/Resident Refreshments,m,4,"Dylan - (Houston, TX) - Brookfield",
6220,6220 Resident Relations,m,2,Guillermo - (Baton Rouge) - Eden Point,
6220.000,6220.000 - Equipment Repairs,rm,4,"Guillermo - (San Antonio, TX) - Lyra",
62200,62200 - Applicant Screening Charges,ad,2,"Dylan - (Houston, TX) - Corridor at Westchase",
62200,62200 Landscaping/Grounds - Contract,cs,2,"David - (Waco, TX) - Eleven06 on 35",
62201,62201 Plants & Flowers,rm,2,"David - (Waco, TX) - Eleven06 on 35","recoded from 'cs' (standardized to majority ({'cs': 2, 'rm': 6}))"
62203,62203 Landscape - Maintenance,cs,2,"David - (Waco, TX) - Eleven06 on 35",
6222,6222 Common Area Maintenance Expense,rm,2,"Emilio - (San Antonio, TX) - Greenway",
6225,6225 - Dues & Subscriptions,ad,2,"Jon - (San Antonio, TX) - The Selena Apartments",
6225,6225 Insurance Expense,i,2,"Jackson - (College Station, TX) - Anderson Point",
6225,6225 Leasing Commission - Residents,m,2,Guillermo - (Baton Rouge) - Eden Point,
6225,6225 M/R Lighting/Fixtures,rm,2,"Yonnic -  (Waco, TX) - West Campus Lofts",
6225,6225 - Signage,m,2,"Dylan - (Houston, TX) - Brookfield",
62250,62250 Pool Contract,cs,2,"David - (Waco, TX) - Eleven06 on 35",
6227,6227 - Marketing Materials/Collateral/Supp,m,4,"Dylan - (Houston, TX) - Brookfield",
6227,6227 Printing - Marketing,m,2,Guillermo - (Baton Rouge) - Eden Point,
6230,6230 - Administrative Fees,oi,5,"Paul - (Killeen, TX) - Windchase",
6230,6230 - Internet & Telephone,ad,2,"Jon - (San Antonio, TX) - The Selena Apartments",
6230,6230 M/R Appliance Parts & Supplies,rm,2,"Yonnic -  (Waco, TX) - West Campus Lofts",
6230,6230 Promotion,m,2,Guillermo - (Baton Rouge) - Eden Point,
6230.000,6230.000 - Hvac Repairs & Supplies,rm,4,"Guillermo - (San Antonio, TX) - Lyra",
6233,6233 Licences/Fees,ad,2,"Dylan - (Arlington, TX ) - Tristar Apartments",
6235,6235 M/R HVAC Parts/Supplies,rm,2,"Yonnic -  (Waco, TX) - West Campus Lofts",
6235,6235 - Postage & Delivery,ad,2,"Jon - (San Antonio, TX) - The Selena Apartments",
6240,6240 - Bank Charges,ad,2,"Jon - (San Antonio, TX) - The Selena Apartments",
6240,6240 M/R- Painting Parts/Supplies,rm,2,"Yonnic -  (Waco, TX) - West Campus Lofts",
6240.000,6240.000 - Pool Supplies,rm,4,"Guillermo - (San Antonio, TX) - Lyra",
62400,62400 - Locator/Realtor Fees,m,2,"Dylan - (Houston, TX) - Corridor at Westchase",
62400,62400 Security System,cs,2,"David - (Waco, TX) - Eleven06 on 35",
62405,62405 Alarm Monitoring Expense,cs,2,"David - (Waco, TX) - Eleven06 on 35",
62406,62406 Fire Protection / Monitoring Services,cs,2,"David - (Waco, TX) - Eleven06 on 35",
6241,6241 M/R Painting Contractor,rm,2,"Yonnic -  (Waco, TX) - West Campus Lofts",
6245,6245 - Eviction Costs,ad,5,"Yonnic - (San Antonio, TX) - The Kelly Apartments",
6245,6245 M/R Plumbing Parts/Supplies,rm,2,"Yonnic -  (Waco, TX) - West Campus Lofts",
6250,6250 Accounting Fees,mf,4,"Greg - (Garland, TX) - Gardens on Walnut","recoded from 'ad' (standardized to majority ({'ad': 19, 'mf': 20}))"
6250,6250 M/R Electrical Supplies,rm,2,"Yonnic -  (Waco, TX) - West Campus Lofts",
6250,6250 Utilities,w,2,"Greg - (Garland, TX) - Villa Placita",
6250,6250 - Utility Allocation,ad,2,"Jon - (San Antonio, TX) - The Selena Apartments",
6250-0001,6250-0001 - Resident Referral,m,2,"Guillermo - (Lubbock, TX) - Cantibury Pointe",
6250-0003,6250-0003 - Applicant Background / Credit Screening,ad,2,"Guillermo - (Lubbock, TX) - Cantibury Pointe",
6250.000,6250.000 - Other Renting Expense,ad,2,"Dylan - (Bryan, TX) - Serenity at Briarcrest",
6250.000,6250.000 - Paint Service & Supplies,rm,4,"Guillermo - (San Antonio, TX) - Lyra",
62500,62500 - Design/Print/Copy,m,2,"Dylan - (Houston, TX) - Corridor at Westchase",
62502,"62502 - Brochures, Floor Plans & Etc.",m,2,"Dylan - (Houston, TX) - Corridor at Westchase",
6251.000,6251.000 - Resurface,rm,4,"Guillermo - (San Antonio, TX) - Lyra",
6252.000,6252.000 - Gate Repairs,rm,2,"Guillermo - (Tulsa, OK ) - Waterside Apartments",
6260,6260 M/R Sheetrock Repair,rm,2,"Yonnic -  (Waco, TX) - West Campus Lofts",
6260.000,6260.000 - Plumbing Repairs/Supplies,rm,4,"Guillermo - (San Antonio, TX) - Lyra",
62600,62600 - Promotional Materials,m,2,"Dylan - (Houston, TX) - Corridor at Westchase",
6261,6261 Legal/Eviction,ad,2,"Dylan - (Arlington, TX ) - Tristar Apartments",
62610,62610 - Commissions,pr,2,"Dylan - (Houston, TX) - Corridor at Westchase","recoded from 'm' (standardized to majority ({'m': 23, 'pr': 27}))"
62611,62611 - Resident Functions,m,2,"Dylan - (Houston, TX) - Corridor at Westchase",
6262,6262 Other Professiona,ad,2,"Dylan - (Arlington, TX ) - Tristar Apartments",
62625,62625 - Office/Model Coffee Bar & Supplies,m,2,"Dylan - (Houston, TX) - Corridor at Westchase",
62650,62650 - Resident Referral Expense,m,2,"Dylan - (Houston, TX) - Corridor at Westchase",
6266,6266 Property Manage,mf,2,"Dylan - (Arlington, TX ) - Tristar Apartments",
62660,62660 - Water i Sewer,w,2,"Danny - (Dallas, TX) - Magnolia on Gaston",
6270.000,6270.000 - Electrical Repairs/Supplies,rm,4,"Guillermo - (San Antonio, TX) - Lyra",
6272.000,6272.000 - Small Tools,rm,4,"Guillermo - (San Antonio, TX) - Lyra",
6273,6273 - Community Fee,oi,5,"Paul - (Killeen, TX) - Windchase",
6273.000,6273.000 - Keys & Locks,rm,2,"Guillermo - (Tulsa, OK ) - Waterside Apartments",
6275,6275 - Evictions,oi,5,"Paul - (Killeen, TX) - Windchase",
6277,6277 - Risk Fee,oi,2,"Paul - (Killeen, TX ) - The Grove at Killeen",
6280.000,6280.000 - Parking Lot Repair/Maintenance,rm,2,"Guillermo - (San Antonio, TX) - Lyra",
6290.000,6290.000 - Roof Repairs,rm,4,"Guillermo - (San Antonio, TX) - Lyra",
6300,6300 Accounting,ad,2,Guillermo - (Baton Rouge) - Eden Point,
6300,6300 Maintenance Payroll,pr,5,"Dylan - (Fort Worth, TX) - Woods of Eastchase",
6300,6300 Marketing & Leasing,ad,19,"Greg - (Lewisville, TX) - Mason on Main",3xm
6300,6300 Marketing & Leasing - Other,m,18,"Yonnic - (Sulphur Springs, TX) - The Choir",1xad
6300-000,6300-000 Insurance - Property Insurance,i,2,"Danny - (Tulsa, OK) - Metro Plex",
6300-0010,6300-0010 Carpet Cleaning,rm,4,"Danny - (Arlington, TX) - The Sherry",
6300-0020,6300-0020 Cleaning Services/Supplies,rm,4,"Danny - (Arlington, TX) - The Sherry",
6300-0030,6300-0030 Painting Services/Supplies,rm,4,"Danny - (Arlington, TX) - The Sherry",
6300-0031,6300-0031 Tenant Repair/Refurbish,rm,4,"Danny - (Arlington, TX) - The Sherry",
6300-0035,6300-0035 Turnover Labor,rm,4,"Danny - (Arlington, TX) - The Sherry",
6300-0100,6300-0100 - Manager Salaries,pr,2,"Bryce - (Arlington, TX) - District on Collins",
6300-0300,6300-0300 - Leasing Salaries,pr,2,"Bryce - (Arlington, TX) - District on Collins",
6300-0400,6300-0400 - Repairs Salaries,pr,2,"Bryce - (Arlington, TX) - District on Collins",
6300-0450,6300-0450 - Repairs Salaries Overtime,pr,2,"Bryce - (Arlington, TX) - District on Collins",
6300-0600,6300-0600 - Bonuses,pr,2,"Bryce - (Arlington, TX) - District on Collins",
6300-0700,6300-0700 - Federal Unemployment Tax,pr,2,"Bryce - (Arlington, TX) - District on Collins",
6300-0701,6300-0701 - Social Security-Employer,pr,2,"Bryce - (Arlington, TX) - District on Collins",
6300-0702,6300-0702 - Medicare-Employer,pr,2,"Bryce - (Arlington, TX) - District on Collins",
6300-0703,6300-0703 - State Unemployment (Tx),pr,2,"Bryce - (Arlington, TX) - District on Collins",
6300-0850,6300-0850 - Workman Comp/Payroll Fees,pr,2,"Bryce - (Arlington, TX) - District on Collins",
6300-0900,6300-0900 - Health / Life Insurance,pr,2,"Bryce - (Arlington, TX) - District on Collins",
6300-0950,6300-0950 - 401K Matching,pr,2,"Bryce - (Arlington, TX) - District on Collins",
6300-1300,6300-1300 - Temporary Help,pr,2,"Bryce - (Arlington, TX) - District on Collins",
6300100,6300100   Insurance,i,1,0e66e893-T12__Property_Name__Month_Year__Processor.xlsx,
6301,6301 ANSWERING SERVICE,ad,6,"Dylan - (Houston, TX) - The 910",recoded from 'cs' (house rule: telephone/answering -> ad)
6301,6301 Apartments.Com,m,2,"Guillermo - (Bryan, TX) - West University Gardens",
6301,6301 Leasing & CRM,ad,2,"Bryce - (San Antonio, TX) - Broadstone Collonade","recoded from 'm' (standardized to majority ({'ad': 2, 'm': 2}))"
6301,6301 Resman-Bluemoon-Leasing,m,4,"Greg - (Garland, TX) - Gardens on Walnut",
63010,63010 - Blinds,rm,2,"Greg - (Roanoke, TX) - Magnolia on Oak",
63010,63010 Property Insurance,i,2,"Paul - (Fort Worth, TX) - Rio Apartments",
63010-000,63010-000     Property Insurance,i,2,"Yonnic - (San Antonio, TX) - Landera",
6302,6302 Fire Vibe Photos,m,2,"Guillermo - (Bryan, TX) - West University Gardens",
6302,6302 UTILITY BILLING SERVICE,ad,2,"Dylan - (Houston, TX) - The 910",
63020,63020 - Carpet Replacement,rm,2,"Greg - (Roanoke, TX) - Magnolia on Oak",
63025,63025 - Applicant Screening Charges,ad,2,"Dylan - (Houston, TX) - Corridor at Westchase",
6303,6303 CHLORINATING SYSTEM,ad,2,"Dylan - (Houston, TX) - The 910",
6303,6303 I Love Leasing,m,2,"Guillermo - (Bryan, TX) - West University Gardens",
63030,63030 - Carpet Cleaning & Repairs,rm,6,"Dylan - (Dallas, TX) - Principal Residences",
6304,6304 FACILITY FEE,cs,6,"Dylan - (Houston, TX) - The 910",1xad
6305,6305 Answering Service,ad,2,Guillermo - (Baton Rouge) - Eden Point,
6305,6305 Brochures &Floor Plans,m,2,"Greg - (Haltom City, TX) - Haltom Oaks",
6305,"6305 Brochures, Floor Plans & Letterhead",m,8,"Yonnic - (Sulphur Springs, TX) - The Choir",
6305,6305 - Pest Control,cs,2,"Guillermo - (Lubbock, TX) - The Boulders at Lakeridge",
6305,6305 SOFTWARE MAINT AGR,cs,4,"Jackson - (Lufkin, TX) - Falling Water",
6305,6305 SOFTWARE MAINT AGREEMENT,ad,2,"Dylan - (Houston, TX) - The 910",
63050,63050 - Association Dues And Events,ad,2,"Dylan - (Houston, TX) - Corridor at Westchase",
63050,63050 - Cicerne Service. Interior,rm,2,"Danny - (Dallas, TX) - Magnolia on Gaston",
6306,6306 CABLE/INTERNET,o,8,"Dylan - (Houston, TX) - The 910",1xad
63060,63060 - Cleaning Service - Interior,rm,6,"Dylan - (Dallas, TX) - Principal Residences",
6307,6307 Apt Assoc. Meetings,ad,2,Guillermo - (Baton Rouge) - Eden Point,
63071,63071 - Contract Redecorating - Carpet,cs,8,"Dylan - (Dallas, TX) - Principal Residences",
63072,63072 - Contract Redecorating - Clean,cs,6,"Dylan - (Dallas, TX) - Principal Residences",
63073,63073 - Contract Redecorating - Paint,cs,6,"Dylan - (Dallas, TX) - Principal Residences",
63073,63073 - Contract Redecorating - Pella,cs,2,"Danny - (Dallas, TX) - Magnolia on Gaston",
6308,6308 CREDIT REPORTS,ad,6,"Dylan - (Houston, TX) - The 910","recoded from 'cs' (standardized to majority ({'ad': 24, 'm': 4, 'cs': 6}))"
63090,63090 - Ant / Alenn System - Supplies & Repairs,rm,2,"Danny - (Dallas, TX) - Magnolia on Gaston",
63090,63090 - Fire / Alarm System - Supplies & Repairs,rm,6,"Dylan - (Dallas, TX) - Principal Residences",
6310,6310 Career Apparel,pr,4,"- (Garland, TX) - Colonial","recoded from 'm' (standardized to majority ({'pr': 4, 'm': 4}))"
6310,6310 - Copies And Printing,ad,4,"Dylan - (Houston, TX) - Brookfield",
6310,6310 - Hvac,rm,2,"Jon - (San Antonio, TX) - The Selena Apartments",
6310,6310 Maintenance Assistant Payroll,pr,1,"Jon - (Sherman, TX) - Northridge Villas",
6310,6310 Mileage - Office,ad,2,Guillermo - (Baton Rouge) - Eden Point,
6310,6310 Property Tax Expense,tx,2,"Jackson - (College Station, TX) - Anderson Point",
6310,6310 Property Taxes,tx,2,"Jon - (San Antonio, TX) - Salado Creek Villas",
6310,6310 - Security Services,cs,2,"Guillermo - (Lubbock, TX) - The Boulders at Lakeridge",
6310-0000,6310-0000 - Customer Experience Team Salaries,pr,2,"Guillermo - (Lubbock, TX) - Cantibury Pointe",
6310-0000,6310-0000 Real Estate Tax,tx,2,"Yonnic - (Austin, TX) - Alma North Plaza",
6310.000,6310.000 - Building Exterior Repairs,rm,4,"Guillermo - (San Antonio, TX) - Lyra",
6310.010,6310.010 - Office Salaries - Asst Manager,pr,2,"Dylan - (Bryan, TX) - Serenity at Briarcrest",
6310.020,6310.020 - Office Salaries - Leasing Agent,pr,2,"Dylan - (Bryan, TX) - Serenity at Briarcrest",
63100,63100 - Fire System Inspection,rm,8,"Dylan - (Dallas, TX) - Principal Residences",
6311,6311 Bank Charges,ad,2,Guillermo - (Baton Rouge) - Eden Point,
6311,6311 Electric-Apts,e,2,"Dylan - (Arlington, TX ) - Tristar Apartments",
6311,6311 OFFICE DRINKING WATER,ad,2,"Dylan - (Houston, TX) - The 910",
6311,6311 - Office Supplies,ad,4,"Dylan - (Houston, TX) - Brookfield",
6311-0000,6311-0000 - Office Expenses,ad,2,"Guillermo - (Lubbock, TX) - Cantibury Pointe",
6311-0001,6311-0001 - Software Expenses,ad,2,"Guillermo - (Lubbock, TX) - Cantibury Pointe",
6311-0004,6311-0004 - Printers / Copiers,ad,2,"Guillermo - (Lubbock, TX) - Cantibury Pointe",
6311-0005,6311-0005 - Clubhouse Refreshments,m,2,"Guillermo - (Lubbock, TX) - Cantibury Pointe",
6311-0006,6311-0006 - Postage / Mail,ad,2,"Guillermo - (Lubbock, TX) - Cantibury Pointe",
6311-0008,6311-0008 - Office - Cable / Internet / Telephone,ad,2,"Guillermo - (Lubbock, TX) - Cantibury Pointe",
6311-0009,6311-0009 - Erp Software,ad,2,"Guillermo - (Lubbock, TX) - Cantibury Pointe",
6311.000,6311.000 - Office Supplies & Expense,ad,2,"Dylan - (Bryan, TX) - Serenity at Briarcrest",
6311.005,6311.005 - Postage & Delivery,ad,2,"Dylan - (Bryan, TX) - Serenity at Briarcrest",
6311.007,6311.007 - Photocopies,ad,2,"Dylan - (Bryan, TX) - Serenity at Briarcrest",
6311.010,6311.010 - Dues & Subscriptions,ad,2,"Dylan - (Bryan, TX) - Serenity at Briarcrest",
6311.012,6311.012 - Training & Continuing Ed,ad,2,"Dylan - (Bryan, TX) - Serenity at Briarcrest",
6311.013,6311.013 - Travel,ad,2,"Dylan - (Bryan, TX) - Serenity at Briarcrest",
6311.020,6311.020 - Equipment Rental,rm,2,"Dylan - (Bryan, TX) - Serenity at Briarcrest","recoded from 'ad' (standardized to majority ({'rm': 30, 'cs': 4, 'ad': 8}))"
6311.060,6311.060 - Telephone & Internet,ad,2,"Dylan - (Bryan, TX) - Serenity at Briarcrest",
6311.061,6311.061 - Cell Phone,ad,2,"Dylan - (Bryan, TX) - Serenity at Briarcrest",
6311.065,6311.065 - Computer Service,ad,2,"Dylan - (Bryan, TX) - Serenity at Briarcrest",
63110,63110 - Key & Lack Supplies,rm,2,"Danny - (Dallas, TX) - Magnolia on Gaston",
63110,63110 - Key & Lock Supplies,rm,6,"Dylan - (Dallas, TX) - Principal Residences",
63115,63115 - Parking Stickers,rm,6,"Dylan - (Dallas, TX) - Principal Residences",
6312,6312 - Computer Expense,ad,4,"Dylan - (Houston, TX) - Brookfield",
6312,6312 Electric-Common,e,2,"Dylan - (Arlington, TX ) - Tristar Apartments",
63120,63120 - Gate - Remotes / Swipes & FOBS,rm,4,"Dylan - (Dallas, TX) - Principal Residences",
6313,6313 Computer Software,ad,2,Guillermo - (Baton Rouge) - Eden Point,
6313,6313 CREDIT BUILDER FEE,cs,6,"Dylan - (Houston, TX) - The 910",1xad
6313,6313 - Employee Training / Seminars,ad,4,"Dylan - (Houston, TX) - Brookfield",
63130,63130 - Gate & Access Control - Service / Repairs,rm,6,"Dylan - (Dallas, TX) - Principal Residences",
6315,6315 Credit Checks,ad,2,Guillermo - (Baton Rouge) - Eden Point,
6315,6315 Domain / Website,m,2,"Greg - (Haltom City, TX) - Haltom Oaks",
6315,6315 Domain / Website Expenses,m,41,"Paul - (Corsicana, TX) - Northwood Village Apartments",7xad
6315,6315 - Plumbing,rm,2,"Jon - (San Antonio, TX) - The Selena Apartments",
6315,6315 Website & Domain,m,2,"Bryce - (San Antonio, TX) - Broadstone Collonade",
6315.1,6315.1 EMAIL,ad,2,"Yonnic - (Mount Pleasant, TX) - Shady Oaks","recoded from 'm' (standardized to majority ({'ad': 4, 'm': 2}))"
63150,63150 - Bank Fees,ad,2,"Dylan - (Houston, TX) - Corridor at Westchase",
63160,63160 - Landscape - Other,rm,6,"Dylan - (Dallas, TX) - Principal Residences",
6317,6317 Facebook Ads,m,2,"Emilio - (Balch Springs, TX) - The Elinor on Elam",
6318,6318 EXTERMINATING SERVI,cs,4,"Jackson - (Lufkin, TX) - Falling Water",
6318,6318 EXTERMINATING SERVICE,cs,2,"Dylan - (Houston, TX) - The 910",
6318,6318 EXTERMINATING SERVICE/PEST CONTROL,cs,2,"Guillermo - (Dallas, TX) - Eclipse of White Rock",
6318,6318 Google Adwords,m,2,"Emilio - (Balch Springs, TX) - The Elinor on Elam",
63180,63180 - Misc. Equipment & Supplies,rm,6,"Dylan - (Dallas, TX) - Principal Residences",
6319,6319 TERMITES / BEE REMOV,cs,4,"Jackson - (Lufkin, TX) - Falling Water",
63190,63190 - Other Amenity Maintenance,rm,6,"Dylan - (Dallas, TX) - Principal Residences",
63190,63190 -Other Arnerty Mainteneree,rm,2,"Danny - (Dallas, TX) - Magnolia on Gaston",
63192,63192 - Clubhouse & Amenities,rm,6,"Dylan - (Dallas, TX) - Principal Residences",
6320,6320 - Carpet Cleaning and Repairs,rm,2,"Guillermo - (Lubbock, TX) - The Boulders at Lakeridge","recoded from 'cs' (standardized to majority ({'rm': 16, 'cs': 2}))"
6320,6320 Dues and Subscriptions,ad,2,Guillermo - (Baton Rouge) - Eden Point,
6320,6320 - Electrical,rm,2,"Jon - (San Antonio, TX) - The Selena Apartments",
6320,6320 Flyers - Direct Mailers,m,4,"Yonnic - (Sulphur Springs, TX) - The Choir",
6320,6320 Promotional & Branding,m,2,"Bryce - (San Antonio, TX) - Broadstone Collonade",
6320,6320 RentVision,m,2,"Dylan  - (Dallas, TX) - Rosedale Apartments",
63200,63200 - Copier/Office Equipment,ad,2,"Dylan - (Houston, TX) - Corridor at Westchase",
63200,63200 - Paint & Painting Services,rm,6,"Dylan - (Dallas, TX) - Principal Residences",
63200,63200 - Pelr & Pointire Services,rm,2,"Danny - (Dallas, TX) - Magnolia on Gaston",
6321,6321 Internet Advertisement,m,3,"Paul - (Corsicana, TX) - Northwood Village Apartments",
6321,6321 Water,w,2,"Dylan - (Arlington, TX ) - Tristar Apartments",
6322,6322 Employee Education,ad,2,Guillermo - (Baton Rouge) - Eden Point,
6322,6322 Sewer,w,2,"Dylan - (Arlington, TX ) - Tristar Apartments",
6323,6323 Employee Relations,ad,2,Guillermo - (Baton Rouge) - Eden Point,
63230,63230 - Pest Control,rm,6,"Dylan - (Dallas, TX) - Principal Residences",
6324,6324 COPIER RENTAL/SUPPLY/MAINTENANCE,cs,2,"Dylan - (Houston, TX) - The 910",
63240,63240 - Pool Area Maintainence & Repair,rm,2,"Greg - (Roanoke, TX) - Magnolia on Oak",
6325,6325 - Appliance,rm,2,"Jon - (San Antonio, TX) - The Selena Apartments",
6325,6325 BED BUG / FLEA TREAT,cs,4,"Jackson - (Lufkin, TX) - Falling Water",
6325,6325 BED BUG / FLEA TREATMENT,cs,2,"Dylan - (Houston, TX) - The 910",
6325,6325 - Contract Lawn Maintenance,cs,2,"Guillermo - (Lubbock, TX) - The Boulders at Lakeridge",
6325,6325 - Dues/Subscriptions/Licenses/Permits,ad,4,"Dylan - (Houston, TX) - Brookfield",
6325,6325 Eviction Expenses,ad,2,Guillermo - (Baton Rouge) - Eden Point,
6325,6325 Leasing Hospitality,m,2,"Yonnic - (Nacogdoches, TX) - The Colonial",
6325,6325 Marketing-Leasing Hospitality,m,5,"David - (Kingsville, TX) - Hawk's Landing Apartments",
63250,63250 - Applance Supp5o5,rm,2,"Danny - (Dallas, TX) - Magnolia on Gaston",
63250,63250 - Appliance Supplies,rm,6,"Dylan - (Dallas, TX) - Principal Residences",
63250,63250 - Employee Recognition,ad,2,"Dylan - (Houston, TX) - Corridor at Westchase",
63255,63255 - Employee Function,ad,2,"Dylan - (Houston, TX) - Corridor at Westchase",
63260,63260 - Counter Tops & Cabinets,rm,2,"Greg - (Roanoke, TX) - Magnolia on Oak",
63270,63270 - Electical 6 LlphlInp,rm,2,"Danny - (Dallas, TX) - Magnolia on Gaston",
63270,63270 - Electrical & Lighting,rm,6,"Dylan - (Dallas, TX) - Principal Residences",
63271,63271 - Batteries,rm,6,"Dylan - (Dallas, TX) - Principal Residences",
63280,63280 - Elevator - Monthly Contract & Repairs,rm,2,"Greg - (Roanoke, TX) - Magnolia on Oak",
63285,63285 - Fence,rm,2,"Greg - (Roanoke, TX) - Magnolia on Oak",
63290,63290 - HVAC,rm,6,"Dylan - (Dallas, TX) - Principal Residences",
6330,6330 Cleaning and Maint,rm,2,"Greg - (Garland, TX) - Villa Placita",
6330,6330 LANDSCAPING,cs,2,"Guillermo - (Dallas, TX) - Eclipse of White Rock",
6330,6330 LANDSCAPING CONTRA,cs,4,"Jackson - (Lufkin, TX) - Falling Water",
6330,6330 LANDSCAPING CONTRACT,cs,2,"Dylan - (Houston, TX) - The 910",
6330,6330 Legal and Professional,ad,2,Guillermo - (Baton Rouge) - Eden Point,
6330,6330 Locator / Referral Fees,m,8,"Yonnic - (Mount Pleasant, TX) - Shady Oaks",
6330,"6330 Locator Fees (Apt.com, etc)",m,5,"David - (Kingsville, TX) - Hawk's Landing Apartments",
6330,6330 - Paint,rm,2,"Jon - (San Antonio, TX) - The Selena Apartments",
6330-0000,6330-0000 - Operations Manager Salaries,pr,2,"Guillermo - (Lubbock, TX) - Cantibury Pointe",
6330-0001,6330-0001 - Bonuses,pr,2,"Guillermo - (Lubbock, TX) - Cantibury Pointe",
6330-0002,6330-0002 - New Lease Commissions,pr,2,"Guillermo - (Lubbock, TX) - Cantibury Pointe",
6330-0003,6330-0003 - Renewal Commissions,mf,2,"Guillermo - (Lubbock, TX) - Cantibury Pointe","recoded from 'pr' (standardized to majority ({'mf': 4, 'pr': 2}))"
6330.000,6330.000 - Manager Salary,pr,2,"Dylan - (Bryan, TX) - Serenity at Briarcrest",
6330.000,6330.000 - Window And Door Repairs,rm,4,"Guillermo - (San Antonio, TX) - Lyra",
63300,63300 - Employee Training,ad,2,"Dylan - (Houston, TX) - Corridor at Westchase",
6330000,6330000   Insurance Escrow,i,4,"Chris - (Alvin, TX) - Hillcrest Village",
6331,6331 ILS Advertising,m,2,"Emilio - (Balch Springs, TX) - The Elinor on Elam",
6332,6332 Gas/Oil-Common,o,2,"Dylan - (Arlington, TX ) - Tristar Apartments",
63320,63320 - Plumbing,rm,6,"Dylan - (Dallas, TX) - Principal Residences",
63330,63330 - Roofs / Gutters,rm,2,"Greg - (Roanoke, TX) - Magnolia on Oak",
63332,63332 - Leak / Water Damage Repair,rm,4,"Dylan - (Dallas, TX) - Principal Residences",
6334,6334 ALARM MONITORING,cs,2,"Dylan - (Houston, TX) - The 910",
63345,63345 - Sheetrock Repairs,rm,6,"Dylan - (Dallas, TX) - Principal Residences",
6335,6335 COURTESY / PATROL SERVICE,cs,2,"Dylan - (Houston, TX) - The 910",
6335,6335 - Credit Reporting / Application,ad,4,"Dylan - (Houston, TX) - Brookfield",
6335,6335 Licenses & Permits,ad,2,Guillermo - (Baton Rouge) - Eden Point,
6335,6335 Media Advertising,m,18,"Trey - (Fate, TX) - The Villages at Fate",
6335,6335 - Pest Control,rm,2,"Jon - (San Antonio, TX) - The Selena Apartments",
6335,6335 Social Media Advertising,m,2,"Bryce - (San Antonio, TX) - Broadstone Collonade",
63350,63350 - Eviction/Collection Fees,ad,2,"Dylan - (Houston, TX) - Corridor at Westchase",
6336,6336 Internet Listing Services,m,2,"Bryce - (San Antonio, TX) - Broadstone Collonade",
6336,6336 Vendor Late Fee,ad,2,"Yonnic - (Sulphur Springs, TX) - The Choir","recoded from 'm' (standardized to majority ({'ad': 2, 'm': 2}))"
63360,63360 - Tub Glazing,rm,6,"Dylan - (Dallas, TX) - Principal Residences",
63368,63368 - Weather Related Repairs,rm,4,"Dylan - (Dallas, TX) - Principal Residences",
63370,63370 - Windows / Doors,rm,6,"Dylan - (Dallas, TX) - Principal Residences",
63375,63375 - 911 Pool Phone - Required,ad,2,"Dylan - (Houston, TX) - Corridor at Westchase",
63380,63380 - Answering Service,ad,2,"Dylan - (Houston, TX) - Corridor at Westchase",
63380,63380 - Security,cs,4,"Dylan - (Dallas, TX) - Principal Residences","recoded from 'rm' (standardized to majority ({'cs': 23, 'ad': 2, 'rm': 6}))"
63381,63381 - Internet,ad,2,"Dylan - (Houston, TX) - Corridor at Westchase",
63382,63382 - Telephone,ad,2,"Dylan - (Houston, TX) - Corridor at Westchase",
63385,63385 - Computer R&M,ad,2,"Dylan - (Houston, TX) - Corridor at Westchase",
6339,6339 EMERG PHONE POOL & OTHER,ad,2,"Dylan - (Houston, TX) - The 910",recoded from 'cs' (house rule: telephone/answering -> ad)
63390,63390 - Permits/Licenses/Inspections,ad,2,"Dylan - (Houston, TX) - Corridor at Westchase",
63395,63395 - Damages Charged to Residents,rm,6,"Dylan - (Dallas, TX) - Principal Residences",
6340,6340 EliseAI - Leasing,m,2,"Emilio - (Balch Springs, TX) - The Elinor on Elam",
6340,6340 - Legal,ad,4,"Dylan - (Houston, TX) - Brookfield",
6340,6340 Management Fees,mf,2,Guillermo - (Baton Rouge) - Eden Point,
6340,6340 - Tenant Reimbursement,rm,2,"Jon - (San Antonio, TX) - The Selena Apartments",
6340-0000,6340-0000 - Legal Expense - Project,ad,2,"Guillermo - (Lubbock, TX) - Cantibury Pointe",
6340.000,6340.000 - Legal Expense,ad,2,"Dylan - (Bryan, TX) - Serenity at Briarcrest",
6341,6341 - Evictions,ad,4,"Dylan - (Houston, TX) - Brookfield",
63410,63410 - Landscaping - Annual Contract,rm,6,"Dylan - (Dallas, TX) - Principal Residences",
63415,63415 - Uniforms,ad,6,"Dylan - (Dallas, TX) - Principal Residences",recoded from 'rm' (house rule: uniforms -> ad)
6345,6345 - Ground Maintenance,rm,2,"Jon - (San Antonio, TX) - The Selena Apartments",
6345,6345 Misc. Admin,ad,2,Guillermo - (Baton Rouge) - Eden Point,
6345,6345 TRASH REMOVAL,tr,8,"Dylan - (Houston, TX) - The 910",
63450,63450 - Legal Fees,ad,2,"Dylan - (Houston, TX) - Corridor at Westchase",
63451,63451 - Legal Evictions,ad,2,"Dylan - (Houston, TX) - Corridor at Westchase",
6346,6346 Leasing and referral,m,2,"Greg - (San Antonio, TX ) - Lodge at Timberhill",
6346,6346 ROLL OFF / OTHER TR,tr,4,"Jackson - (Lufkin, TX) - Falling Water",
6349,6349 Resident Activites,m,3,"Paul - (Corsicana, TX) - Northwood Village Apartments",
6350,6350 - Cleaning,rm,2,"Jon - (San Antonio, TX) - The Selena Apartments",
6350,6350 Resident Appreciation,m,2,"Yonnic - (Mount Pleasant, TX) - Shady Oaks",
6350,6350 Resident Events,m,2,"Guillermo - (Bryan, TX) - West University Gardens",
6350,6350 Resident Relations,m,39,"Yonnic - (Sulphur Springs, TX) - The Choir",
6350,6350 Resident Relations & Events,m,2,"Bryce - (San Antonio, TX) - Broadstone Collonade",
6350.000,6350.000 - Floor Clean & Repair,rm,4,"Guillermo - (San Antonio, TX) - Lyra",
63500,63500 - Meals And Entertainment,ad,2,"Dylan - (Houston, TX) - Corridor at Westchase",
6351,6351 - Alarm Systems,cs,4,"Dylan - (Houston, TX) - Brookfield","recoded from 'ad' (standardized to majority ({'ad': 4, 'cs': 6}))"
6351.000,6351.000 - Accounting/Bookkeeping Service,ad,2,"Dylan - (Bryan, TX) - Serenity at Briarcrest",
6351.010,6351.010 - Payroll Service Fee,pr,2,"Dylan - (Bryan, TX) - Serenity at Briarcrest",
6352,6352 Office Labor Contracted,ad,2,Guillermo - (Baton Rouge) - Eden Point,
6352.000,6352.000 - Housekeeping/Apt Cleaning,rm,4,"Guillermo - (San Antonio, TX) - Lyra",
6354.000,6354.000 - Appliances & Parts,rm,4,"Guillermo - (San Antonio, TX) - Lyra",
6355,6355 - Refinishing,rm,2,"Jon - (San Antonio, TX) - The Selena Apartments",
6355,6355 Signage,m,28,"Paul - (Corsicana, TX) - Northwood Village Apartments",
6355,6355 Supplies - Office,ad,2,Guillermo - (Baton Rouge) - Eden Point,
6355-0000,6355-0000 Insurance - Property,i,5,"Yonnic - (Austin, TX) - Alma North Plaza",
6355.000,6355.000 - General Interior Repairs,rm,4,"Guillermo - (San Antonio, TX) - Lyra",
63550,63550 - Mileage/Travel Expense,ad,2,"Dylan - (Houston, TX) - Corridor at Westchase",
6356,6356 Internet Marketing,m,2,"Yonnic - (Sulphur Springs, TX) - The Choir",
6360,6360 - Contract Labor,cs,2,"Guillermo - (Lubbock, TX) - The Boulders at Lakeridge",
6360,6360 Payroll Processing Fee,pr,2,Guillermo - (Baton Rouge) - Eden Point,"recoded from 'ad' (standardized to majority ({'pr': 13, 'ad': 2}))"
6360,6360 Tracking - Advertising,m,2,"Yonnic - (Nacogdoches, TX) - The Colonial",
6360,6360 - Yard,rm,2,"Jon - (San Antonio, TX) - The Selena Apartments",
6360-0000,6360-0000 Insurance - Liability,i,2,"Yonnic - (Austin, TX) - Alma North Plaza",
63600,63600 - Office Supplies/Postage,ad,2,"Dylan - (Houston, TX) - Corridor at Westchase",
6361,6361 - Answering Service,ad,4,"Dylan - (Houston, TX) - Brookfield",
6361,6361 Rubbish Removal,tr,2,"Dylan - (Arlington, TX ) - Tristar Apartments",
63610,63610 - Office Supplies,ad,2,"Dylan - (Houston, TX) - Corridor at Westchase",
63611,63611 - Postage & Delivery,ad,2,"Dylan - (Houston, TX) - Corridor at Westchase",
6365,6365 - On Site Travel / Courier / Postage,ad,4,"Dylan - (Houston, TX) - Brookfield",
6365,6365 Postage & Shipping,ad,2,Guillermo - (Baton Rouge) - Eden Point,
6365,6365 - Swimming Pool Maint and Repair,cs,2,"Guillermo - (Lubbock, TX) - The Boulders at Lakeridge",
63650,63650 - Software Support,ad,2,"Dylan - (Houston, TX) - Corridor at Westchase",
6370,6370 - Furniture Rental,ad,2,"Danny - (Dallas, TX) - The Centennial Apartments",
6370,6370 Other Advertising,m,2,"Greg - (Haltom City, TX) - Haltom Oaks",
6370,6370 Other Advertising Et Promotional,m,4,"Emilio - (San Antonio, TX) - Greenway",
6370,6370 Other Advertising & Promotional,m,11,"Paul - (Corsicana, TX) - Northwood Village Apartments",
6370,6370 Printing - General Office,ad,2,Guillermo - (Baton Rouge) - Eden Point,
6370-0000,6370-0000 - Bad Debts - Rent Income,bd,2,"Guillermo - (Lubbock, TX) - Cantibury Pointe",
63700,63700 - Software Costs,ad,2,"Dylan - (Houston, TX) - Corridor at Westchase",
6372-0000,6372-0000 - Allowance For Doubtful Accounts Adjustment,bd,2,"Guillermo - (Lubbock, TX) - Cantibury Pointe",
6375,6375 Answering Services,ad,2,"Greg - (San Antonio, TX ) - Lodge at Timberhill",recoded from 'm' (house rule: telephone/answering -> ad)
6375,6375 Telephone/Internet,ad,2,Guillermo - (Baton Rouge) - Eden Point,
6376,6376 Mobile Phone Service,ad,2,Guillermo - (Baton Rouge) - Eden Point,
6376,6376 - Uniforms,ad,4,"Dylan - (Houston, TX) - Brookfield",
6378,6378 Travel / Entertainment,ad,2,Guillermo - (Baton Rouge) - Eden Point,
6379,6379 - Renters Insurance,ad,4,"Dylan - (Houston, TX) - Brookfield",
6380.000,6380.000 - Outsourced Staffing Labor-Admin,ad,2,"Dylan - (Bryan, TX) - Serenity at Briarcrest",
6385,6385 Penalties & Late Fees,ad,2,Guillermo - (Baton Rouge) - Eden Point,
6390,6390 Interest - Non Mortgage,ad,2,Guillermo - (Baton Rouge) - Eden Point,
6390-0000,6390-0000 - Miscellaneous Administrative Expenses,ad,2,"Guillermo - (Lubbock, TX) - Cantibury Pointe",
6390-0002,6390-0002 - Convergent Billing,o,2,"Guillermo - (Lubbock, TX) - Cantibury Pointe",
6390-0013,6390-0013 - Resident Events,m,2,"Guillermo - (Lubbock, TX) - Cantibury Pointe",
6390-0014,6390-0014 - Realpage Marketing Suite,m,2,"Guillermo - (Lubbock, TX) - Cantibury Pointe",
6390-0025,6390-0025 - Licenses & Permits,ad,2,"Guillermo - (Lubbock, TX) - Cantibury Pointe",
6390.000,6390.000 - Misc Admin Expense,ad,2,"Dylan - (Bryan, TX) - Serenity at Briarcrest",
6391,6391 - Bank Service Charges,ad,4,"Dylan - (Houston, TX) - Brookfield",
6392.000,6392.000 - Bank Charges,ad,2,"Dylan - (Bryan, TX) - Serenity at Briarcrest",
6395,6395 - Equipment Rental,rm,4,"Dylan - (Houston, TX) - Brookfield","recoded from 'ad' (standardized to majority ({'rm': 30, 'cs': 4, 'ad': 8}))"
6399,6399 - Rebates,ad,4,"Dylan - (Houston, TX) - Brookfield",
6400,6400 Payroll (Subcontracted To Gain Asset Management),pr,2,"Guillermo - (Bryan, TX) - West University Gardens",
6400,6400 Payroll Taxes,pr,5,"Dylan - (Fort Worth, TX) - Woods of Eastchase",
6400,6400 Salaries And Payroll,pr,2,"Chris  - (Dallas, TX) - The Wesley Apartments",
6400,6400 Salaries & Payroll Related,pr,4,"Greg - (San Antonio, TX ) - Lodge at Timberhill",
6400,6400 Taxes - Real Estate & Pers Prop,tx,2,Guillermo - (Baton Rouge) - Eden Point,
6400-0005,6400-0005 Association Dues,ad,4,"Danny - (Arlington, TX) - The Sherry",
6400-0030,6400-0030 Bank Charges,ad,4,"Danny - (Arlington, TX) - The Sherry",
6400-0040,6400-0040 Computer IT & Supplies,ad,4,"Danny - (Arlington, TX) - The Sherry",
6400-0050,6400-0050 Credit Check Expense,ad,4,"Danny - (Arlington, TX) - The Sherry",
6400-0055,6400-0055 Credit Builder,ad,2,"Danny - (Arlington, TX) - The Sherry",
6400-0090,6400-0090 Employee Education,ad,4,"Danny - (Arlington, TX) - The Sherry",
6400-0095,6400-0095 Meals,ad,4,"Danny - (Arlington, TX) - The Sherry",
6400-0099,6400-0099 Holiday Decorations,ad,4,"Danny - (Arlington, TX) - The Sherry",
6400-0100,6400-0100 - Licenses/Fees,ad,2,"Bryce - (Arlington, TX) - District on Collins",
6400-0130,6400-0130 Legal/Unlawful Detainer Fees,ad,4,"Danny - (Arlington, TX) - The Sherry",
6400-0140,6400-0140 Misc Admin Expense,ad,4,"Danny - (Arlington, TX) - The Sherry",
6400-0150,6400-0150 Office Equipment,ad,2,"Danny - (San Antonio, TX) - Villas de Sendero",
6400-0170,6400-0170 Office Supplies,ad,4,"Danny - (Arlington, TX) - The Sherry",
6400-0195,6400-0195 Postage/Delivery,ad,4,"Danny - (Arlington, TX) - The Sherry",
6400-0200,6400-0200 - Fees,ad,2,"Bryce - (Arlington, TX) - District on Collins",
6400-0200,6400-0200 Professional Fees,ad,2,"Danny - (San Antonio, TX) - Villas de Sendero",
6400-0220,6400-0220 Taxes & Licenses,tx,4,"Danny - (Arlington, TX) - The Sherry","recoded from 'ad' (standardized to majority ({'tx': 7, 'ad': 4}))"
6400-0230,6400-0230 Telephone,ad,4,"Danny - (Arlington, TX) - The Sherry",
6400-0370,6400-0370 Travel/Mileage Reimbursement,ad,4,"Danny - (Arlington, TX) - The Sherry",
6400-0380,6400-0380 Uniforms,ad,2,"Danny - (San Antonio, TX) - Villas de Sendero",
6400-0395,6400-0395 Admin Fee-Renters,ad,4,"Danny - (Arlington, TX) - The Sherry",
6401,6401 Manager payroll,pr,4,"Yonnic - (Sulphur Springs, TX) - The Choir",
6401,6401 Payroll Property Manager,pr,4,"Guillermo - (Bryan, TX) - West University Gardens",
6401,6401 Salaries - Leasing/Management,pr,5,"David - (Kingsville, TX) - Hawk's Landing Apartments",
6401,6401 Salaries - Management Personnel,pr,9,"Paul - (Corsicana, TX) - Northwood Village Apartments",
6401,6401 Salaries - Manager,pr,2,"Greg - (Haltom City, TX) - Haltom Oaks",
6401,6401 Salaries - Property Manager,pr,6,"Trey - (Fate, TX) - The Villages at Fate",
64010,64010 - Accounting,ad,6,"Dylan - (Dallas, TX) - Principal Residences",
64010,64010 Property Management Fees,mf,2,"Paul - (Fort Worth, TX) - Rio Apartments",
640132,640132 - Computer & Software Suppko,ad,2,"Danny - (Dallas, TX) - Magnolia on Gaston",
6402,6402 Employee Leasing,pr,4,"Greg - (Garland, TX) - Gardens on Walnut",
64020,64020 Asset Management Fees,mf,2,"Paul - (Fort Worth, TX) - Rio Apartments",
64030,64030 - Bane Charges,ad,2,"Danny - (Dallas, TX) - Magnolia on Gaston",
64030,64030 - Bank Charges,ad,6,"Dylan - (Dallas, TX) - Principal Residences",
6405,"6405 Insurance - Prop, Liability, Auto",i,2,Guillermo - (Baton Rouge) - Eden Point,
6405,6405 Salary - Community Director,pr,2,"Greg - (Haltom City, TX) - Haltom Oaks",
6405,6405 Salary- Contract Manager,pr,2,"Emilio - (San Antonio, TX) - Greenway",
6405,6405 Salary - Property Manager,pr,2,"Bryce - (San Antonio, TX) - Broadstone Collonade",
64050,64050 - Credit Reports,ad,6,"Dylan - (Dallas, TX) - Principal Residences",
6406,6406 Payroll Taxes,pr,2,"Guillermo - (Canyon, TX) - - Torres Evolution Canyon",
6406,6406 Salaries - Assistant Manager,pr,2,"Greg - (Haltom City, TX) - Haltom Oaks",
64062,64062 - Computer & Software Supplies,ad,6,"Dylan - (Dallas, TX) - Principal Residences",
6407,6407 Payroll Leasing Consultant,pr,2,"Greg - (Haltom City, TX) - Haltom Oaks",
64070,64070 - Dues & Subscriptions,ad,6,"Dylan - (Dallas, TX) - Principal Residences",
64080,64080 - Equipment - Lease / Rental,ad,6,"Dylan - (Dallas, TX) - Principal Residences",
6410,6410 Maintenance Payroll,pr,2,"Yonnic - (Sulphur Springs, TX) - The Choir",
6410,6410 Operations Support Specialist,pr,2,"Greg - (Haltom City, TX) - Haltom Oaks",
6410,6410 Payroll Office,pr,2,"Chris  - (Dallas, TX) - The Wesley Apartments",
6410.000,6410.000 - Electricity - Common Area,e,3,"Guillermo - (Moore, OK) - Southwinds Apartments",
6410.000,6410.000 - Payroll - Administrative,pr,4,"Guillermo - (San Antonio, TX) - Lyra",
6410.700,6410.700 - Payroll Rent Credit,pr,4,"Guillermo - (San Antonio, TX) - Lyra",
64100,64100 - Electricity-Common Areas,e,2,"Dylan - (Houston, TX) - Corridor at Westchase",
64100.,64100. Postage,ad,2,"Danny - (Dallas, TX) - Magnolia on Gaston",
6411,6411 Pest Control,rm,2,"Dylan - (Arlington, TX ) - Tristar Apartments",
6411.000,6411.000 - Electricity - Vacant Apts,e,3,"Guillermo - (Moore, OK) - Southwinds Apartments",
64115,64115 - Legal - Tenant Evictions,ad,6,"Dylan - (Dallas, TX) - Principal Residences",
6412,6412 Fire Protection,cs,2,"Dylan - (Arlington, TX ) - Tristar Apartments","recoded from 'rm' (standardized to majority ({'cs': 31, 'rm': 2}))"
64130,64130 - Permits & Licenses,ad,8,"Dylan - (Dallas, TX) - Principal Residences",
6414,6414 Landscaping Con,rm,2,"Dylan - (Arlington, TX ) - Tristar Apartments",
64140,64140 - Meals & Entertainment,ad,6,"Dylan - (Dallas, TX) - Principal Residences",
64140.,64140. Mean & Entertainment,ad,2,"Danny - (Dallas, TX) - Magnolia on Gaston",
6415,6415 Salary - Assistant Manager,pr,2,"Greg - (Haltom City, TX) - Haltom Oaks",
6415,6415 Salary - Leasing Consultants,pr,8,"Greg - (Irving, TX) - Mandalay Apartments",
64170,64170 - Office Supplies,ad,6,"Dylan - (Dallas, TX) - Principal Residences",
64170,64170 - OITIce Suppies,ad,2,"Danny - (Dallas, TX) - Magnolia on Gaston",
64175,64175 - Real Page,ad,6,"Dylan - (Dallas, TX) - Principal Residences",
64180,64180 - Postage,ad,6,"Dylan - (Dallas, TX) - Principal Residences",
6420,6420 Maintenance Payroll,pr,2,"Yonnic - (Mount Pleasant, TX) - Shady Oaks",
6420,6420 Payroll Maintenance,pr,4,"Yonnic - (Nacogdoches, TX) - The Colonial",
6420,6420 Payroll - Maintenance Lead,pr,2,"Guillermo - (Bryan, TX) - West University Gardens",
6420,6420 Salary - Maint. Director,pr,4,"- (Garland, TX) - Colonial",
6420,6420 Salary - Maint. Super,pr,2,"Greg - (Haltom City, TX) - Haltom Oaks",
6420,6420 Salary - Maintenance Superisor,pr,2,"Emilio - (San Antonio, TX) - Greenway",
6420,6420 Salary - Maintenance Supervisor,pr,2,"Emilio - (San Antonio, TX) - Las Palmas Townhomes",
6420.000,6420.000 - Water,w,3,"Guillermo - (Moore, OK) - Southwinds Apartments",
64200,64200 - Resident Activities,m,6,"Dylan - (Dallas, TX) - Principal Residences","recoded from 'ad' (standardized to majority ({'m': 20, 'ad': 6}))"
64201,64201 - Resident Services (Monthly/Annual Fees),ad,6,"Dylan - (Dallas, TX) - Principal Residences",
64205,64205 - Resident / Prospect Services - Refreshments,ad,6,"Dylan - (Dallas, TX) - Principal Residences",
64205,64205 - Resif*: Prospect Smokes - Refreshments,ad,2,"Danny - (Dallas, TX) - Magnolia on Gaston",
64219,64219 - Resident Services - Deposit Insurance,ad,4,"Dylan - (Dallas, TX) - Principal Residences",
64219-,64219- Resident Services - Deposit Insurance,ad,2,"Greg - (Roanoke, TX) - Magnolia on Oak",
64220,64220 - Resident Services - Renters Insurance,ad,6,"Dylan - (Dallas, TX) - Principal Residences",
6425,6425 Salary - Asst. Maint. Super,pr,2,"Greg - (Haltom City, TX) - Haltom Oaks",
6430,6430 Payroll - Maint. Technician,pr,2,"Guillermo - (Bryan, TX) - West University Gardens",
6430,6430 Salary - Maint. Technician,pr,17,"- (Garland, TX) - Colonial",
6430,6430 Salary - Maintenance,pr,3,"Paul - (Corsicana, TX) - Northwood Village Apartments",
6430.000,6430.000 - Sewer,w,3,"Guillermo - (Moore, OK) - Southwinds Apartments",
64300,64300 - Electricity-Vacant Units,e,2,"Dylan - (Houston, TX) - Corridor at Westchase",
6440,6440 Interior Lighting,rm,2,"Dylan - (Arlington, TX ) - Tristar Apartments",
6440.000,6440.000 - Trash Removal,tr,3,"Guillermo - (Moore, OK) - Southwinds Apartments",
64400,64400 - Garbage And Recycling,tr,2,"Dylan - (Houston, TX) - Corridor at Westchase","recoded from 'e' (standardized to majority ({'tr': 18, 'e': 2}))"
6441,6441 Electrical Supplie,rm,2,"Dylan - (Arlington, TX ) - Tristar Apartments",
6441,6441 PAYROLL PROCESSING FEE,pr,2,"Yonnic - (Mount Pleasant, TX) - Shady Oaks",
6442,6442 Plumbing Supplie,rm,2,"Dylan - (Arlington, TX ) - Tristar Apartments",
6446,6446 Appliance Parts,rm,2,"Dylan - (Arlington, TX ) - Tristar Apartments",
6448,6448 Glass/Window Re,rm,2,"Dylan - (Arlington, TX ) - Tristar Apartments",
6449,6449 - Electric - Vacant Units,e,4,"Dylan - (Houston, TX) - Brookfield",
6450,6450 Bonuses & Wages,pr,27,"Yonnic - (Sulphur Springs, TX) - The Choir",
6450,6450 - Electric - Common Areas,e,4,"Dylan - (Houston, TX) - Brookfield",
6450,6450 Workman's Compensation,pr,4,"Dylan - (Fort Worth, TX) - Woods of Eastchase",
6450,6450 Workman's Compensation / Liability,pr,1,"Jon - (Sherman, TX) - Northridge Villas",
6450-0000,6450-0000 - Electricity,e,2,"Guillermo - (Lubbock, TX) - Cantibury Pointe",
6450-0001,6450-0001 - Electricity - Vacant,e,2,"Guillermo - (Lubbock, TX) - Cantibury Pointe",
6450.000,6450.000 - Gas,o,3,"Guillermo - (Moore, OK) - Southwinds Apartments",
6450.000,6450.000 - Utilities - Electric,e,2,"Dylan - (Bryan, TX) - Serenity at Briarcrest",
6450.010,6450.010 - Utilities - Electric (Vacant),e,2,"Dylan - (Bryan, TX) - Serenity at Briarcrest",
6451,6451 HVAC Supplies,rm,2,"Dylan - (Arlington, TX ) - Tristar Apartments",
6451,6451 - Water / Sewer,w,4,"Dylan - (Houston, TX) - Brookfield",
6451-0000,6451-0000 - Water,w,2,"Guillermo - (Lubbock, TX) - Cantibury Pointe",
6451.000,6451.000 - Utilities - Water,w,2,"Dylan - (Bryan, TX) - Serenity at Briarcrest",
6452,6452 - Gas,o,4,"Dylan - (Houston, TX) - Brookfield",
6452,6452 HVAC Contract L,rm,2,"Dylan - (Arlington, TX ) - Tristar Apartments",
6452-0000,6452-0000 - Gas,o,2,"Guillermo - (Lubbock, TX) - Cantibury Pointe",
6452-0001,6452-0001 - Gas - Vacant,o,2,"Guillermo - (Lubbock, TX) - Cantibury Pointe",
6452.000,6452.000 - Utilities - Gas,o,2,"Dylan - (Bryan, TX) - Serenity at Briarcrest",
6453,6453 Fuel Allowance,pr,2,"- (Garland, TX) - Colonial",
6453,6453 - Telephone/Cable/Internet Svc,ad,4,"Dylan - (Houston, TX) - Brookfield",recoded from 'o' (house rule: telephone/answering -> ad)
6453-0000,6453-0000 - Sewer,w,2,"Guillermo - (Lubbock, TX) - Cantibury Pointe",
6453.000,6453.000 - Utilities - Sewer,w,2,"Dylan - (Bryan, TX) - Serenity at Briarcrest",
6455,6455 Commissions,pr,10,"- (Garland, TX) - Colonial",1xm
6459-0000,6459-0000 - Vcr Income,o,2,"Guillermo - (Lubbock, TX) - Cantibury Pointe",
6459.000,6459.000 - Utilities - 3Rd Party Billing Fee,o,2,"Dylan - (Bryan, TX) - Serenity at Briarcrest",
6460,6460 Leasing Incentive,pr,4,"Greg - (Irving, TX) - Irvington Place",1xm
6460,6460 Repairs Contract,rm,2,"Dylan - (Arlington, TX ) - Tristar Apartments",
6460.000,6460.000 - Group Health Insurance,pr,4,"Guillermo - (San Antonio, TX) - Lyra",
64600,64600 - Natural Gas,o,2,"Dylan - (Houston, TX) - Corridor at Westchase",
6465,6465 Payroll Taxes,pr,30,"Paul - (Corsicana, TX) - Northwood Village Apartments",
6466,6466 Payroll Fees,pr,4,"- (Garland, TX) - Colonial",
6469,6469 Other Maintenanc,rm,2,"Dylan - (Arlington, TX ) - Tristar Apartments",
6470,6470 Employee Health Insurance,pr,22,"Paul - (Corsicana, TX) - Northwood Village Apartments",
6470,6470 Roofing Repairs,rm,2,"Dylan - (Arlington, TX ) - Tristar Apartments",
6470.000,6470.000 - Worker’S Compensation,pr,4,"Guillermo - (San Antonio, TX) - Lyra",
64700,64700 - Water And Sewer,w,2,"Dylan - (Houston, TX) - Corridor at Westchase",
6471,6471 Renters Insurance Premium,cs,2,"Yonnic - (Sulphur Springs, TX) - The Choir",
6475,6475 Workers Compensation,pr,24,"Paul - (Corsicana, TX) - Northwood Village Apartments",
6477,6477 Locks & Keys,rm,2,"Dylan - (Arlington, TX ) - Tristar Apartments",
6480,6480 401K Plan Contributions,pr,5,"David - (Kingsville, TX) - Hawk's Landing Apartments",
6480.000,6480.000 - Drug Screening,pr,4,"Guillermo - (San Antonio, TX) - Lyra",
6481,6481 Simple IRA Match,pr,3,"Paul - (Corsicana, TX) - Northwood Village Apartments",
6485,6485 Mileage Pre-Tax,pr,2,"Guillermo - (Bryan, TX) - West University Gardens",
6486,6486 Virtual Assistant Contract - Va,cs,2,"Guillermo - (Bryan, TX) - West University Gardens",
6492,6492 - Utility Billing Service,ad,4,"Dylan - (Houston, TX) - Brookfield","recoded from 'o' (standardized to majority ({'ad': 10, 'o': 9, 'cs': 4}))"
6495,6495 Invoice - Payroll Processing Fee,pr,2,"Guillermo - (Bryan, TX) - West University Gardens",
6495,6495 Payroll Burden,pr,15,"Greg - (Irving, TX) - Mandalay Apartments",
6495,6495 Payroll Processing Fee,pr,2,"Yonnic - (Nacogdoches, TX) - The Colonial",
6495,6495 Payroll Processing Fees,pr,2,"Emilio - (San Antonio, TX) - Greenway",
6496,6496 Payroll expenses,pr,4,"Greg - (Garland, TX) - Gardens on Walnut",
6496,6496 Payroll Fees,pr,2,"Greg - (San Antonio, TX ) - Lodge at Timberhill",
6496,6496 PAYROLL PROCESSING FEE,pr,2,"Yonnic - (Sulphur Springs, TX) - The Choir",
6498,6498 Health Insurance - Employees,pr,2,"Guillermo - (Bryan, TX) - West University Gardens",
6500,6500 Contract Services - Other,cs,2,"Greg - (Dallas, TX) - Crossroads Townhomes",
6500,6500 Employee Health Benefits,pr,5,"Dylan - (Fort Worth, TX) - Woods of Eastchase",
6500-000,6500-000 Taxes - Property Taxes,tx,2,"Danny - (Tulsa, OK) - Metro Plex",
6500-0005,6500-0005 Apartment Locator Fees,m,4,"Danny - (Arlington, TX) - The Sherry",
6500-0010,6500-0010 Brochures/Flyers,m,2,"Danny - (Arlington, TX) - The Sherry",
6500-0020,6500-0020 Flags & Banners,m,2,"Danny - (Arlington, TX) - The Sherry",
6500-0050,6500-0050 Misc Marketing,m,4,"Danny - (Arlington, TX) - The Sherry",
6500-0100,6500-0100 - Answering Service,ad,2,"Bryce - (Arlington, TX) - District on Collins",
6500-0105,6500-0105 - Marketing/Website,ad,2,"Bryce - (Arlington, TX) - District on Collins",
6500-0110,6500-0110 Referral Fees,m,4,"Danny - (Arlington, TX) - The Sherry",
6500-0130,6500-0130 Resident Relations - Other,m,4,"Danny - (Arlington, TX) - The Sherry",
6500-0135,6500-0135 Events/Activities,m,4,"Danny - (Arlington, TX) - The Sherry",
6500-0170,6500-0170 Web Advertising,m,4,"Danny - (Arlington, TX) - The Sherry",
6500-0200,6500-0200 - Computer & Software Expense,ad,2,"Bryce - (Arlington, TX) - District on Collins",
6500-0205,6500-0205 - Donation/Charitble Contribution,ad,2,"Bryce - (Arlington, TX) - District on Collins",
6500-0300,6500-0300 - Eviction & Filing Fees,ad,2,"Bryce - (Arlington, TX) - District on Collins",
6500-0301,6500-0301 - Legal And Accounting,ad,2,"Bryce - (Arlington, TX) - District on Collins",
6500-0350,6500-0350 - Resident Screening,ad,2,"Bryce - (Arlington, TX) - District on Collins",
6500-0401,6500-0401 - Bank/Wire Fees,ad,2,"Bryce - (Arlington, TX) - District on Collins",
6500-0405,6500-0405 - Interest On Loc/Credit Card,ad,2,"Bryce - (Arlington, TX) - District on Collins",
6500-0500,6500-0500 - Meals & Entertainment,ad,2,"Bryce - (Arlington, TX) - District on Collins",
6500-0601,6500-0601 - Office Supplies,ad,2,"Bryce - (Arlington, TX) - District on Collins",
6500-0700,6500-0700 - Office Rentals,ad,2,"Bryce - (Arlington, TX) - District on Collins",
6500-0905,6500-0905 - Postage Expense,ad,2,"Bryce - (Arlington, TX) - District on Collins",
6500-1000,6500-1000 - Training & Education,ad,2,"Bryce - (Arlington, TX) - District on Collins",
6500-1010,6500-1010 - Travel,ad,2,"Bryce - (Arlington, TX) - District on Collins",
6500-1200,6500-1200 - Telephone Expenses,ad,2,"Bryce - (Arlington, TX) - District on Collins",
6500-1210,6500-1210 - Subscriptions/Memberships,ad,2,"Bryce - (Arlington, TX) - District on Collins",
6500-1300,6500-1300 - Uniforms,ad,2,"Bryce - (Arlington, TX) - District on Collins",
6500-1350,6500-1350 - Processing Fees,ad,2,"Bryce - (Arlington, TX) - District on Collins",
6500-1400,6500-1400 - Employee Recognition & Recruiting,ad,2,"Bryce - (Arlington, TX) - District on Collins",
6500-1450,6500-1450 - Community Maintenance Fee Expense,ad,2,"Bryce - (Arlington, TX) - District on Collins",
6500-1500,6500-1500 - Miscellaneous Expense,ad,2,"Bryce - (Arlington, TX) - District on Collins",
65000,65000 Management Fees,mf,2,"Yonnic - (Lubbock, TX) - Estrada South II",
65000,65000 - Property Management Fees,mf,6,"Dylan - (Dallas, TX) - Principal Residences",
650005,650005 - Screening Fees,ad,2,"Paul - (Fort Worth, TX) - Aden Crest",
650099,650099 - Other Miscellaneous Expense,ad,2,"Paul - (Fort Worth, TX) - Aden Crest",
6501,6501 ACCESS GATES/FENCES/PATIO,rm,2,"Dylan - (Houston, TX) - The 910",
6501,6501 Contract Labor Onsite Staff,cs,6,"Guillermo - (Bryan, TX) - West University Gardens",
6502,"6502 APPLIANCES PARTS,SUP",rm,4,"Jackson - (Lufkin, TX) - Falling Water",
6502,"6502 APPLIANCES PARTS,SUPPLY",rm,4,"Dylan - (Houston, TX) - The 910",
6502,6502 Spectrum,o,2,"Dylan  - (Dallas, TX) - Rosedale Apartments",
6503,6503 Kings III,cs,2,"Dylan  - (Dallas, TX) - Rosedale Apartments",
6503,6503 MAINTENANCE SUPPLIE,rm,4,"Jackson - (Lufkin, TX) - Falling Water",
6505,6505 Appliance - Contract,cs,8,"Trey - (Fate, TX) - The Villages at Fate",
6505,6505 Plumber Contractor,cs,2,"Yonnic -  (Waco, TX) - West Campus Lofts",
6505,6505 ROOF REPAIRS & MAINT.,rm,2,"Guillermo - (Dallas, TX) - Eclipse of White Rock",
65050,65050 - Courtesy Patrol,cs,2,"Dylan - (Houston, TX) - Corridor at Westchase",
6506,6506 BATHROOM/KITCHEN F,rm,4,"Jackson - (Lufkin, TX) - Falling Water",
6506,6506 GENERAL REPAIR,rm,2,"Guillermo - (Dallas, TX) - Eclipse of White Rock",
6507,6507 CABINETRY,rm,2,"Dylan - (Houston, TX) - The 910",
6507,6507 MAINT. SUPPLIES/MATERIALS,rm,2,"Guillermo - (Dallas, TX) - Eclipse of White Rock",
65085,65085 - Contract - Key/Lock System,cs,2,"Dylan - (Houston, TX) - Corridor at Westchase",
6509,6509 WINDOW REPAIR,rm,4,"Jackson - (Lufkin, TX) - Falling Water",
6509.000,6509.000 - Bonus/Incentive Payroll,pr,2,"Dylan - (Bryan, TX) - Serenity at Briarcrest",
6510,6510 BFPs Inspections,cs,2,"Greg - (Haltom City, TX) - Haltom Oaks",
6510,6510 CARPET CLEANING & REPAIR,rm,4,"Dylan - (Houston, TX) - The 910",
6510,6510 - Doors/Locks,rm,2,"Jon - (San Antonio, TX) - The Selena Apartments",
6510,6510 Electrician,cs,2,"Yonnic -  (Waco, TX) - West Campus Lofts",
6510,6510 Window Covering,rm,2,"Dylan - (Arlington, TX ) - Tristar Apartments",
6510-0001,"6510-0001 - Maintenance Supervisor, Technician, & Grounds Salaries",pr,2,"Guillermo - (Lubbock, TX) - Cantibury Pointe",
6510.000,6510.000 - Publication Advertising,m,3,"Guillermo - (Moore, OK) - Southwinds Apartments",
6510.010,6510.010 - Maint Payroll - Supervisor,pr,2,"Dylan - (Bryan, TX) - Serenity at Briarcrest",
6510.011,6510.011 - Maint Payroll - Tech,pr,2,"Dylan - (Bryan, TX) - Serenity at Briarcrest",
65100,65100 - Landscaping,cs,2,"Dylan - (Houston, TX) - Corridor at Westchase",
65105,65105 - Landscaping Repairs & Other Services,cs,2,"Dylan - (Houston, TX) - Corridor at Westchase",
6511,6511 Elevator Contractor,cs,2,"Yonnic -  (Waco, TX) - West Campus Lofts",
6512,6512 CARPENTRY/WOOD/HA,rm,4,"Jackson - (Lufkin, TX) - Falling Water",
6512,6512 CARPENTRY/WOOD/HARDWARE,rm,2,"Dylan - (Houston, TX) - The 910",
6512,6512 Countertop Refinishing,cs,2,"Greg - (Haltom City, TX) - Haltom Oaks",
6512,6512 Countertop Refinishing / Paint,cs,8,"Greg - (Lewisville, TX) - Mason on Main",
6514,6514 CEILING FANS & LIGHT,rm,4,"Jackson - (Lufkin, TX) - Falling Water",
6514,6514 CEILING FANS & LIGHT KITS,rm,2,"Dylan - (Houston, TX) - The 910",
6515,6515 CLEANING,rm,8,"Dylan - (Houston, TX) - The 910",
6515,6515 Contract Grounds,cs,27,"Greg - (Lewisville, TX) - Mason on Main",
6515,6515 Contract Landscaping,cs,2,"Yonnic - (Sulphur Springs, TX) - The Choir",
6515,6515 Contract Lawn & Grounds,cs,6,"Guillermo - (Bryan, TX) - West University Gardens",
6515,6515 Contract - Lawncare,cs,4,"- (Garland, TX) - Colonial",
6515,6515 Contract - Monthly Landscape,cs,3,"Paul - (Corsicana, TX) - Northwood Village Apartments",
6515,6515 HVAC- Contractor,rm,2,"Yonnic -  (Waco, TX) - West Campus Lofts","recoded from 'cs' (standardized to majority ({'rm': 4, 'cs': 2}))"
6515,6515 - Janitorial,cs,2,"Jon - (San Antonio, TX) - The Selena Apartments","recoded from 'rm' (standardized to majority ({'cs': 7, 'rm': 2}))"
6515,6515 - Janitorial / Cleaning Supplies,rm,4,"Dylan - (Houston, TX) - Brookfield",
6515,6515 Lawn and Landscape Maintenance,cs,2,"Dylan  - (Dallas, TX) - Rosedale Apartments",
6515-0001,6515-0001 - Pool Supplies,rm,2,"Guillermo - (Lubbock, TX) - Cantibury Pointe",
6515-0002,6515-0002 - O&M - Hardware,rm,2,"Guillermo - (Lubbock, TX) - Cantibury Pointe",
6515-0003,6515-0003 - Grounds Maintenance / Supplies,rm,2,"Guillermo - (Lubbock, TX) - Cantibury Pointe",
6515-0004,6515-0004 - O&M - Plumbing Supplies,rm,2,"Guillermo - (Lubbock, TX) - Cantibury Pointe",
6515-0005,6515-0005 - O&M - Electrical Supplies,rm,2,"Guillermo - (Lubbock, TX) - Cantibury Pointe",
6515-0006,6515-0006 - O&M - Locks & Keys,rm,2,"Guillermo - (Lubbock, TX) - Cantibury Pointe",
6515-0007,6515-0007 - O&M - Blinds / Exhaust Fans / Disposals / Smoke Alarms,rm,2,"Guillermo - (Lubbock, TX) - Cantibury Pointe",
6515-0008,6515-0008 - O&M - Paint Supplies,rm,2,"Guillermo - (Lubbock, TX) - Cantibury Pointe",
6515-0009,6515-0009 - O&M - Appliance Parts,rm,2,"Guillermo - (Lubbock, TX) - Cantibury Pointe",
6515-0010,6515-0010 - Cleaning Supplies,rm,2,"Guillermo - (Lubbock, TX) - Cantibury Pointe",
6515-0011,6515-0011 - O&M - Drywall Supplies & Repairs,rm,2,"Guillermo - (Lubbock, TX) - Cantibury Pointe",
6515-0102,6515-0102 - Turnover - Hardware,rm,2,"Guillermo - (Lubbock, TX) - Cantibury Pointe",
6515-0103,6515-0103 - Turnover - Paint Labor,rm,2,"Guillermo - (Lubbock, TX) - Cantibury Pointe",
6515-0104,6515-0104 - Turnover - Blinds / Exhaust Fans / Disposals / Smoke Alarms,rm,2,"Guillermo - (Lubbock, TX) - Cantibury Pointe",
6515-0105,6515-0105 - Turnover - Electrical Supplies,rm,2,"Guillermo - (Lubbock, TX) - Cantibury Pointe",
6515-0106,6515-0106 - Turnover - Heating / Cooling (Hvac) Supplies,rm,2,"Guillermo - (Lubbock, TX) - Cantibury Pointe",
6515-0107,6515-0107 - Turnover - Paint Supplies,rm,2,"Guillermo - (Lubbock, TX) - Cantibury Pointe",
6515-0108,6515-0108 - Turnover - Appliance Parts,rm,2,"Guillermo - (Lubbock, TX) - Cantibury Pointe",
6515-0109,6515-0109 - Turnover - Glazing,rm,2,"Guillermo - (Lubbock, TX) - Cantibury Pointe",
6515-0110,6515-0110 - Turnover - Drywall Supplies & Repairs,rm,2,"Guillermo - (Lubbock, TX) - Cantibury Pointe",
6515-0111,6515-0111 - Turnover - Plumbing Supplies,rm,2,"Guillermo - (Lubbock, TX) - Cantibury Pointe",
6515-0112,6515-0112 - Turnover - Locks & Keys,rm,2,"Guillermo - (Lubbock, TX) - Cantibury Pointe",
6515.005,6515.005 - Maint Supplies - Appliances,rm,2,"Dylan - (Bryan, TX) - Serenity at Briarcrest",
6515.010,6515.010 - Maint Supplies - Carpet & Tile,rm,2,"Dylan - (Bryan, TX) - Serenity at Briarcrest",
6515.015,6515.015 - Maint Supplies - Drapes & Blinds,rm,2,"Dylan - (Bryan, TX) - Serenity at Briarcrest",
6515.020,6515.020 - Maint Supplies - Electrical,rm,2,"Dylan - (Bryan, TX) - Serenity at Briarcrest",
6515.035,6515.035 - Maint Supplies - Life Safety,rm,2,"Dylan - (Bryan, TX) - Serenity at Briarcrest",
6515.040,6515.040 - Maint Supplies - Lock & Keys,rm,2,"Dylan - (Bryan, TX) - Serenity at Briarcrest",
6515.045,6515.045 - Maint Supplies - Plumbing,rm,2,"Dylan - (Bryan, TX) - Serenity at Briarcrest",
6515.055,6515.055 - Maint Supplies - Structural/Bldg,rm,2,"Dylan - (Bryan, TX) - Serenity at Briarcrest",
6515.060,6515.060 - Maint Supplies - Painting,rm,2,"Dylan - (Bryan, TX) - Serenity at Briarcrest",
6515.065,6515.065 - Maint Supplies - Cleaning,rm,2,"Dylan - (Bryan, TX) - Serenity at Briarcrest",
6515.070,6515.070 - Maint Supplies - Grounds,rm,2,"Dylan - (Bryan, TX) - Serenity at Briarcrest",
6515.075,6515.075 - Maint Supplies - Pest Control,rm,2,"Dylan - (Bryan, TX) - Serenity at Briarcrest",
6516,6516 Payroll Processing Service Fees,pr,2,"Guillermo - (Canyon, TX) - - Torres Evolution Canyon",
6516,6516 RESURFACING,rm,6,"Dylan - (Houston, TX) - The 910",
6517,6517 - Janitorial / Contract Cleaning,cs,4,"Dylan - (Houston, TX) - Brookfield",1xrm
6518,6518 DOORS AND HARDWARE,rm,6,"Dylan - (Houston, TX) - The 910",
6518,6518 - Plumbing Supplies / Repairs,rm,4,"Dylan - (Houston, TX) - Brookfield",
6519,6519 - Rprs/Maintenance/Laundry Maint/Make Ready,rm,2,"Danny - (Dallas, TX) - The Centennial Apartments",
6520,6520 - Carpets,rm,2,"Jon - (San Antonio, TX) - The Selena Apartments",
6520,6520 Contract Housekeeping / Cleaning,cs,34,"Yonnic - (Sulphur Springs, TX) - The Choir",
6520,6520 - Exterm / Pest Control Contract,cs,4,"Dylan - (Houston, TX) - Brookfield",
6520,6520 Housekeeping / Cleaning,cs,4,"Dylan  - (Dallas, TX) - Rosedale Apartments",
6520,6520 Pool- Contractor,cs,2,"Yonnic -  (Waco, TX) - West Campus Lofts",
6520-0003,6520-0003 - Contracts - Common Area Cleaning,rm,2,"Guillermo - (Lubbock, TX) - Cantibury Pointe",
6520-0005,6520-0005 - Pool Labor,rm,2,"Guillermo - (Lubbock, TX) - Cantibury Pointe",
6520-0006,6520-0006 - Exterior Building Repairs,rm,2,"Guillermo - (Lubbock, TX) - Cantibury Pointe",
6520-0008,6520-0008 - Contracts - Extermination / Pest Control,rm,2,"Guillermo - (Lubbock, TX) - Cantibury Pointe",
6520-0009,6520-0009 - Contracts - Landscaping,rm,2,"Guillermo - (Lubbock, TX) - Cantibury Pointe",
6520-0011,6520-0011 - O&M - Plumbing Labor,rm,2,"Guillermo - (Lubbock, TX) - Cantibury Pointe",
6520-0012,6520-0012 - O&M - Heating / Cooling (Hvac) Labor,rm,2,"Guillermo - (Lubbock, TX) - Cantibury Pointe",
6520-0013,6520-0013 - Occupied - Carpet / Floor Cleaning & Repairs,rm,2,"Guillermo - (Lubbock, TX) - Cantibury Pointe",
6520-0015,6520-0015 - O&M - Carpet/Vinyl/Tile/Flooring Replacement,rm,2,"Guillermo - (Lubbock, TX) - Cantibury Pointe",
6520-0016,6520-0016 - O&M - Electrical Labor,rm,2,"Guillermo - (Lubbock, TX) - Cantibury Pointe",
6520-0020,6520-0020 - Contracts - Fire & Safety,rm,2,"Guillermo - (Lubbock, TX) - Cantibury Pointe",
6520-0100,6520-0100 - Contracts - Unit Cleaning,rm,2,"Guillermo - (Lubbock, TX) - Cantibury Pointe",
6520-0104,6520-0104 - Turnover - Carpet / Floor Cleaning & Repairs,rm,2,"Guillermo - (Lubbock, TX) - Cantibury Pointe",
6520.000,6520.000 - Ad Valorem (Property) Taxes,tx,4,"Guillermo - (San Antonio, TX) - Lyra",
6520.035,6520.035 - Maint Contract - Life Safety,rm,2,"Dylan - (Bryan, TX) - Serenity at Briarcrest",
6520.065,6520.065 - Maint Contract - Cleaning,rm,2,"Dylan - (Bryan, TX) - Serenity at Briarcrest",
6520.070,6520.070 - Maint Contract - Grounds,rm,2,"Dylan - (Bryan, TX) - Serenity at Briarcrest",
6520.075,6520.075 - Maint Contract - Pest Control,rm,2,"Dylan - (Bryan, TX) - Serenity at Briarcrest",
6520.090,6520.090 - Maint Contract - Elevator,rm,2,"Dylan - (Bryan, TX) - Serenity at Briarcrest",
65200,65200 - Pest Control,cs,2,"Dylan - (Houston, TX) - Corridor at Westchase",
6522,6522 DRIVEWAY/PARKING L,rm,4,"Jackson - (Lufkin, TX) - Falling Water",
6522,6522 Paint Supplies-Tu,rm,2,"Dylan - (Arlington, TX ) - Tristar Apartments",
65225,65225 - Pest Control Supplies & Other Services,cs,2,"Dylan - (Houston, TX) - Corridor at Westchase",
6523,6523 Contract Paint-Tu,rm,2,"Dylan - (Arlington, TX ) - Tristar Apartments",
6524,6524 ELECTRICAL,rm,8,"Dylan - (Houston, TX) - The 910",
6525,6525 Contract Leasing,cs,12,"Greg - (Irving, TX) - Mandalay Apartments",
6525,6525 - Garbage / Trash Removal Contract,tr,4,"Dylan - (Houston, TX) - Brookfield",
6525-0000,6525-0000 - Garbage & Trash Removal,tr,2,"Guillermo - (Lubbock, TX) - Cantibury Pointe",
6525.000,6525.000 - Trash Removal,tr,2,"Dylan - (Bryan, TX) - Serenity at Briarcrest",
6526,6526 EXTERMINATING SUPPL,rm,4,"Jackson - (Lufkin, TX) - Falling Water",
6526,6526 EXTERMINATING SUPPLIES,rm,2,"Dylan - (Houston, TX) - The 910",
6528,6528 FIRE & LIFE SAFETY EX,rm,4,"Jackson - (Lufkin, TX) - Falling Water",
6528,6528 FIRE & LIFE SAFETY EXPENSE,rm,2,"Dylan - (Houston, TX) - The 910",
6529,6529 Cleaning Contract,rm,2,"Dylan - (Arlington, TX ) - Tristar Apartments",
6530,6530 Carpet & Floor- Contractor,cs,2,"Yonnic -  (Waco, TX) - West Campus Lofts",
6530,6530 Contract Maintenance,cs,52,"Yonnic - (Sulphur Springs, TX) - The Choir",
6530,6530 - Courtesy Patrol Contract,cs,2,"Danny - (Dallas, TX) - The Centennial Apartments",
6530,6530 GENERAL BUILDING,rm,6,"Dylan - (Houston, TX) - The 910",
6530,6530 Resurfacing Expe,rm,2,"Dylan - (Arlington, TX ) - Tristar Apartments",
6530.000,6530.000 - Other Taxes,tx,4,"Guillermo - (San Antonio, TX) - Lyra",
6530.000,6530.000 - Security,cs,2,"Dylan - (Bryan, TX) - Serenity at Briarcrest","recoded from 'rm' (standardized to majority ({'cs': 23, 'ad': 2, 'rm': 6}))"
65300,65300 - Rubs Service,o,2,"Dylan - (Houston, TX) - Corridor at Westchase",
6532,6532 GATES AND REMOTES,rm,2,"Guillermo - (Dallas, TX) - Eclipse of White Rock",
6532,6532 GLASS-SCREEN-MIRROR,rm,4,"Jackson - (Lufkin, TX) - Falling Water",
6533,6533 HARDWARE/TOOLS,rm,6,"Dylan - (Houston, TX) - The 910",
6534,6534 - Fire Alarm/Sprinkler Contract/Supply,cs,2,"Dylan - (Houston, TX) - Brookfield",
6534,6534 HVAC,rm,8,"Dylan - (Houston, TX) - The 910",
6534,6534 Property Management Fees,mf,2,"Greg  - (Arlington, TX) - Norwood Place Apartments",
6535,6535 Contract Management,cs,17,"Greg - (Lewisville, TX) - Mason on Main",
6535,6535 - Grounds Supplies,rm,4,"Dylan - (Houston, TX) - Brookfield",
6535,6535 Management Fee - Gam,mf,2,"Guillermo - (Bryan, TX) - West University Gardens",
6535,6535 PAINT/SHEETROCK,rm,2,"Guillermo - (Dallas, TX) - Eclipse of White Rock",
6535,6535 VENT/DUCT CLEANING,rm,2,"Dylan - (Houston, TX) - The 910",
65350,65350 - Security Services,cs,2,"Dylan - (Houston, TX) - Corridor at Westchase",
6536,6536 FLOORING/VINYL,rm,2,"Guillermo - (Dallas, TX) - Eclipse of White Rock",
6536,"6536 KEYS, LOCKS & DOOR L",rm,4,"Jackson - (Lufkin, TX) - Falling Water",
6536,"6536 KEYS, LOCKS & DOOR LOCKS",rm,2,"Dylan - (Houston, TX) - The 910",
6537,6537 Delivery Fee,cs,8,"Greg - (Lewisville, TX) - Mason on Main",
6537,6537 - Grounds Landscape Maint.,cs,4,"Dylan - (Houston, TX) - Brookfield",
6537,6537 GROUNDS MAINTENANC,rm,4,"Jackson - (Lufkin, TX) - Falling Water",
6537,6537 GROUNDS MAINTENANCE,rm,2,"Dylan - (Houston, TX) - The 910",
6537,"6537 KEYS, LOCKS & DOOR LOCKS",rm,2,"Guillermo - (Dallas, TX) - Eclipse of White Rock",
6538,6538 LANDSCAPING SUPPLIE,rm,4,"Jackson - (Lufkin, TX) - Falling Water",
6538,6538 LANDSCAPING SUPPLIES/GROUNDS,rm,2,"Dylan - (Houston, TX) - The 910",
6539,6539 - Electrical Repair / Supplies,rm,4,"Dylan - (Houston, TX) - Brookfield",
6540,6540 Electrical - Contract,cs,24,"- (Garland, TX) - Colonial",
6540,6540 LIGHTING FIXTURES/GL,rm,4,"Jackson - (Lufkin, TX) - Falling Water",
6540,6540 LIGHTING FIXTURES/GLASS/BULBS,rm,2,"Dylan - (Houston, TX) - The 910",
6540,6540 Resurfacing- Contractor,cs,2,"Yonnic -  (Waco, TX) - West Campus Lofts",
6540.000,6540.000 - Management Fees,mf,4,"Guillermo - (San Antonio, TX) - Lyra",
6541,6541 - Interior Repairs / Supplies,rm,4,"Dylan - (Houston, TX) - Brookfield",
6541.001,6541.001 - Interior Repairs-Turnovers,cs,4,"Dylan - (Houston, TX) - Brookfield",1xrm
6542,6542 - Exterior Building Repairs / Supplies,rm,4,"Dylan - (Houston, TX) - Brookfield",
6543,6543 - Appliance Repairs / Supplies,rm,4,"Dylan - (Houston, TX) - Brookfield",
6543.001,6543.001 - Appliances Rprs-Turnovers,rm,2,"Danny - (Dallas, TX) - The Centennial Apartments",
6545,6545 Fire Inspection,cs,26,"Yonnic - (Sulphur Springs, TX) - The Choir",
6545,6545 Housekeeping / Cleaning,cs,2,"Yonnic -  (Waco, TX) - West Campus Lofts",
6546,6546 - Hvac - Supplies / Repairs,rm,4,"Dylan - (Houston, TX) - Brookfield",
6546-0000,6546-0000 - Heating/Cooling Repairs & Maintenance,rm,2,"Guillermo - (Lubbock, TX) - Cantibury Pointe",
6546-0001,6546-0001 - O&M - Heating / Cooling (Hvac) Supplies,rm,2,"Guillermo - (Lubbock, TX) - Cantibury Pointe",
6546.000,6546.000 - Hvac Repairs & Maint,rm,2,"Dylan - (Bryan, TX) - Serenity at Briarcrest",
6547,6547 - Pool Contract,cs,2,"Dylan - (Houston, TX) - Brookfield",
6547.000,6547.000 - Maint Supplies - Pool,rm,2,"Dylan - (Bryan, TX) - Serenity at Briarcrest",
6550,6550 Contract Landscaping,cs,2,"Greg - (Haltom City, TX) - Haltom Oaks",
6550,6550 Employee Burden,pr,1,"Jon - (Sherman, TX) - Northridge Villas",
6550,6550 PAINTING - EXTERIOR,rm,2,"Dylan - (Houston, TX) - The 910",
6550,6550 - Pool Repairs / Supplies,rm,2,"Dylan - (Houston, TX) - Brookfield",
6550.000,6550.000 - Signage,m,3,"Guillermo - (Moore, OK) - Southwinds Apartments",
6551,6551 - Painting/Contract Paint/Wallpaper,cs,4,"Dylan - (Houston, TX) - Brookfield",1xrm
6551.001,6551.001 - Painting/Resurfacing - Turnovers,rm,2,"Danny - (Dallas, TX) - The Centennial Apartments",
6552,6552 - Carpet Clean Suppl / Repairs,cs,2,"Dylan - (Houston, TX) - Brookfield",
6552,6552 PAINTING/DRYWALL,rm,6,"Dylan - (Houston, TX) - The 910",
6553,6553 WATER EXTRACTION,rm,2,"Dylan - (Houston, TX) - The 910",
6554,6554 PLUMBING,rm,8,"Dylan - (Houston, TX) - The 910",
6555,6555 HVAC - Contract,cs,50,"Yonnic - (Sulphur Springs, TX) - The Choir",
6555,6555 Pest Control,cs,2,"Yonnic -  (Waco, TX) - West Campus Lofts",
6556,6556 Landscaping Contract,cs,4,"Emilio - (San Antonio, TX) - Greenway",
6558,6558 POOL SUPPLIES/EQUIPMENT,rm,2,"Dylan - (Houston, TX) - The 910",
6559,6559 MISC INTERIOR/EXTERI,rm,4,"Jackson - (Lufkin, TX) - Falling Water",
6559,6559 MISC INTERIOR/EXTERIOR REPAIR,rm,2,"Dylan - (Houston, TX) - The 910",
6560,6560 Contract - Pest Control,cs,3,"Paul - (Corsicana, TX) - Northwood Village Apartments",
6560,6560 Lawn/Landscape,cs,2,"Yonnic -  (Waco, TX) - West Campus Lofts",
6560,6560 Pest Control - Contract,cs,74,"Yonnic - (Sulphur Springs, TX) - The Choir",
6561,6561 Pest Control Non Contract,rm,2,"Yonnic - (Mount Pleasant, TX) - Shady Oaks","recoded from 'cs' (standardized to majority ({'rm': 4, 'cs': 2}))"
6561,6561 Pest Control - Retreat,rm,2,"Emilio - (Balch Springs, TX) - The Elinor on Elam",
6561,6561 Pool Maintenance Contract,cs,2,"Emilio - (San Antonio, TX) - Las Palmas Townhomes",
6562,6562 - Keys/Locks/Gates Expense,rm,4,"Dylan - (Houston, TX) - Brookfield",
6562,6562 - Landscaping-Contract Service,cs,2,"Paul - (West Colombia, TX) - Whispering Pines",
6565,6565 Plumbing - Contract,cs,41,"Yonnic - (Sulphur Springs, TX) - The Choir",
6565,6565 SMOKE DETECTORS,rm,4,"Jackson - (Lufkin, TX) - Falling Water",
6566,6566 Pool - Contract,cs,2,"Guillermo - (Bryan, TX) - West University Gardens",
6567,6567 Termite Contract,cs,2,"Yonnic - (Mount Pleasant, TX) - Shady Oaks",
6570,6570 Alarm- Security Service,cs,2,"Yonnic -  (Waco, TX) - West Campus Lofts",
6570,6570 R&M Plumbing-Interior,cs,2,"Yonnic - (Sulphur Springs, TX) - The Choir",
6570,6570 TILE-VINYL-LAMINATE-,rm,4,"Jackson - (Lufkin, TX) - Falling Water",
6570,6570 TILE-VINYL-LAMINATE-WOOD,rm,2,"Dylan - (Houston, TX) - The 910",
6570.000,6570.000 - Brochures/Graphics,m,3,"Guillermo - (Moore, OK) - Southwinds Apartments",
6571,6571 LARGE TOOLS / EQUIPMENT,rm,2,"Dylan - (Houston, TX) - The 910",
6575,6575 Security System,cs,19,"Greg - (Lewisville, TX) - Mason on Main",
6576,6576 WEATHERSTRIP/CAULK,rm,4,"Jackson - (Lufkin, TX) - Falling Water",
6578,6578 WINDOW COVERINGS,rm,6,"Dylan - (Houston, TX) - The 910",
6580,6580 Contract-Security & Fire,cs,3,"Paul - (Corsicana, TX) - Northwood Village Apartments",
6580,6580 SW Utility Billing,cs,2,"Dylan  - (Dallas, TX) - Rosedale Apartments",
6580.000,6580.000 - Resident Retention,m,3,"Guillermo - (Moore, OK) - Southwinds Apartments",
6582.000,6582.000 - Resident Referral Fees,m,3,"Guillermo - (Moore, OK) - Southwinds Apartments",
6585,6585 - Light Bulbs,rm,4,"Dylan - (Houston, TX) - Brookfield",
6585.000,6585.000 - Credit Bureau / Resident,m,3,"Guillermo - (Moore, OK) - Southwinds Apartments",
6586,6586 - Equipment/Tools,rm,2,"Danny - (Dallas, TX) - The Centennial Apartments",
6589,6589 - Fitness Equipment Repair,rm,2,"Danny - (Dallas, TX) - The Centennial Apartments",
6590,6590 Utility Meter Reading Fees,o,2,"Yonnic -  (Waco, TX) - West Campus Lofts","recoded from 'cs' (standardized to majority ({'cs': 2, 'o': 4, 'w': 2}))"
6590-0000,6590-0000 - Miscellaneous Operating & Maintenance,rm,2,"Guillermo - (Lubbock, TX) - Cantibury Pointe",
6590.000,6590.000 - Misc Maint Expenses,rm,2,"Dylan - (Bryan, TX) - Serenity at Briarcrest",
6592,6592 Life Safety Inspection,cs,2,"Yonnic -  (Waco, TX) - West Campus Lofts",
6593,6593 Sprinklers,cs,2,"Yonnic -  (Waco, TX) - West Campus Lofts",
6593,6593 - Water Treatment Contract,cs,2,"Dylan - (Houston, TX) - Brookfield",
6594,6594 Vents,cs,2,"Yonnic -  (Waco, TX) - West Campus Lofts",
6595,6595 Other Contract Services,cs,11,"Yonnic - (Sulphur Springs, TX) - The Choir",
6596,6596 storm water,w,4,"Greg - (Garland, TX) - Gardens on Walnut",
6599.000,6599.000 - Other Marketing Expense,m,3,"Guillermo - (Moore, OK) - Southwinds Apartments",
6600,6600 Maintenance Related,rm,2,"Greg  - (Arlington, TX) - Norwood Place Apartments",
6600,6600 Maintenance Related - Other,rm,12,"Yonnic - (Sulphur Springs, TX) - The Choir",
6600,6600 OFFICE AND ADMINISTRATIVE,ad,4,"Jackson - (Lufkin, TX) - Falling Water",
6600,6600 Payroll Processing Fees,pr,5,"Dylan - (Fort Worth, TX) - Woods of Eastchase",
6600-0005,6600-0005 Manager,pr,4,"Danny - (Arlington, TX) - The Sherry",
6600-0010,6600-0010 Assistant Manager,pr,4,"Danny - (Arlington, TX) - The Sherry",
6600-0020,6600-0020 Clerical/Leasing,pr,4,"Danny - (Arlington, TX) - The Sherry",
6600-0060,6600-0060 Leasing Consultant,pr,4,"Danny - (Arlington, TX) - The Sherry",
6600-0070,6600-0070 Leasing Commissions/Bonus,pr,4,"Danny - (Arlington, TX) - The Sherry",
6600-0075,6600-0075 Maintenance Supervisor,pr,4,"Danny - (Arlington, TX) - The Sherry",
6600-0080,6600-0080 Maintenance,pr,4,"Danny - (Arlington, TX) - The Sherry",
6600-0090,6600-0090 Porter,pr,4,"Danny - (Arlington, TX) - The Sherry",
6600-0100,6600-0100 - Electric - Office Utilities,e,2,"Bryce - (Arlington, TX) - District on Collins",
6600-0120,6600-0120 Medical Plan Contributions,pr,4,"Danny - (Arlington, TX) - The Sherry",
6600-0135,6600-0135 Payroll Burden,pr,4,"Danny - (Arlington, TX) - The Sherry",
6600-0150,6600-0150 - Electric - Occupied Units,e,2,"Bryce - (Arlington, TX) - District on Collins",
6600-0200,6600-0200 - Electric - Vacant Units,e,2,"Bryce - (Arlington, TX) - District on Collins",
6600-0300,6600-0300 - Gas,o,2,"Bryce - (Arlington, TX) - District on Collins",
6600-0400,6600-0400 - Water And Sewer,w,2,"Bryce - (Arlington, TX) - District on Collins",
6600-0450,6600-0450 - Utility Billing Fees,o,2,"Bryce - (Arlington, TX) - District on Collins",
6600-0500,6600-0500 - Trash/Recycling,tr,2,"Bryce - (Arlington, TX) - District on Collins",
6600-0550,6600-0550 - Exterminating/Pest Control Expense,cs,2,"Bryce - (Arlington, TX) - District on Collins",
6600.000,6600.000 - Eviction Costs,ad,4,"Guillermo - (San Antonio, TX) - Lyra",
660001,660001 - Repairs-Make Ready & General Construction,rm,2,"Paul - (Fort Worth, TX) - Aden Crest",
660003,660003 - Repairs-Electrical,rm,2,"Paul - (Fort Worth, TX) - Aden Crest",
660005,660005 - Repairs-Plumbing & Sewer,rm,2,"Paul - (Fort Worth, TX) - Aden Crest",
660007,660007 - Repairs-Hvac,rm,2,"Paul - (Fort Worth, TX) - Aden Crest",
660008,660008 - Repairs-Interior Walls & Painting,rm,2,"Paul - (Fort Worth, TX) - Aden Crest",
660009,"660009 - Repairs-Exterior Bldg, Siding, Trim & Painting",rm,2,"Paul - (Fort Worth, TX) - Aden Crest",
660010,660010 - Repairs-Roof & Gutters,rm,2,"Paul - (Fort Worth, TX) - Aden Crest",
660011,"660011 - Repairs-Ag Balcony, Walks, Stairs & Railings",rm,2,"Paul - (Fort Worth, TX) - Aden Crest",
660012,"660012 - Repairs-Windows, Doors And Hardware",rm,2,"Paul - (Fort Worth, TX) - Aden Crest",
660014,"660014 - Repairs-Cabinets, Countertops And Vanities",rm,2,"Paul - (Fort Worth, TX) - Aden Crest",
660015,660015 - Repairs-Flooring,rm,2,"Paul - (Fort Worth, TX) - Aden Crest",
660017,660017 - Repairs-Hardscape Ground Level,rm,2,"Paul - (Fort Worth, TX) - Aden Crest",
660019,"660019 - Repairs-Fencing, Access Gates And Walls",rm,2,"Paul - (Fort Worth, TX) - Aden Crest",
660020,660020 - Repairs-Recreational Area,rm,2,"Paul - (Fort Worth, TX) - Aden Crest",
660024,660024 - Repairs-Fire & Security Protection,rm,2,"Paul - (Fort Worth, TX) - Aden Crest",
660027,660027 - Repairs-Reasonable Accomodation,rm,2,"Paul - (Fort Worth, TX) - Aden Crest",
660028,660028 - Repairs-Trash Out/Hauling,rm,2,"Paul - (Fort Worth, TX) - Aden Crest",
660030,"660030 - Repairs-Tile, Shower & Tub",rm,2,"Paul - (Fort Worth, TX) - Aden Crest",
660033,660033 - Repairs-Unit Renovations,rm,2,"Paul - (Fort Worth, TX) - Aden Crest",
66005,66005 - Appliance Repairs And Supplies,rm,2,"Dylan - (Houston, TX) - Corridor at Westchase",
660099,660099 - Repairs-Other General,rm,2,"Paul - (Fort Worth, TX) - Aden Crest",
6601,6601 Misc Expense,ad,2,"Greg - (Garland, TX) - Gardens on Walnut","recoded from 'rm' (standardized to majority ({'ad': 10, 'rm': 2}))"
6603,6603 Appliance Leasing / Rental,rm,17,"Greg - (Dallas, TX) - Crossroads Townhomes",
6605,6605 BANK CHARGES,ad,6,"Dylan - (Houston, TX) - The 910",
6605,6605 General Rent Concessions,ad,2,"Guillermo - (Canyon, TX) - - Torres Evolution Canyon",
6605,6605 Water chiller treatment,rm,4,"Greg - (Garland, TX) - Gardens on Walnut",
6605.000,6605.000 - Utility Billing,ad,4,"Guillermo - (San Antonio, TX) - Lyra",
66050,66050 - Carpet Cleaning,rm,2,"Dylan - (Houston, TX) - Corridor at Westchase",
6606,6606 Appliance Parts a Supplies,rm,4,"Emilio - (San Antonio, TX) - Greenway",
6606,6606 Appliance Parts & Supplies,rm,55,"Paul - (Corsicana, TX) - Northwood Village Apartments",
6606,6606 Appliance Repair,rm,2,"Yonnic - (Sulphur Springs, TX) - The Choir",
6606,6606 Appliance Repairs,rm,2,"Dylan  - (Dallas, TX) - Rosedale Apartments",
6606,6606 Appliance Supplies & Repairs,rm,2,"Emilio - (Balch Springs, TX) - The Elinor on Elam",
6606,6606 COFFEE / WATER SVC,ad,2,"Dylan - (Houston, TX) - The 910",
6606.000,6606.000 - Tenant Liability Insurance,i,4,"Guillermo - (San Antonio, TX) - Lyra","recoded from 'ad' (standardized to majority ({'ad': 4, 'i': 7}))"
6607,6607 Appliance Parts,rm,2,"Yonnic - (Sulphur Springs, TX) - The Choir",
6607,6607 Refrigerator Parts & Repair,rm,2,"Guillermo - (Bryan, TX) - West University Gardens",
6609,6609 COMPUTER SUPPORT & SOFTWARE,ad,2,"Dylan - (Houston, TX) - The 910",
6609,6609 Dishwasher Parts & Repair,rm,4,"Guillermo - (Bryan, TX) - West University Gardens",
6610,6610 OFFICE FURNITURE/NON CAPITAL,rm,2,"Dylan - (Houston, TX) - The 910",
6610,6610 Washing Machine Parts & Repair,rm,2,"Guillermo - (Bryan, TX) - West University Gardens",
6610.000,6610.000 - Resident Screening,ad,4,"Guillermo - (San Antonio, TX) - Lyra",
66100,66100 - Cleaning Services,rm,2,"Dylan - (Houston, TX) - Corridor at Westchase",
661028,661028 - Repairs-Pool,rm,2,"Paul - (Fort Worth, TX) - Aden Crest",
661030,661030 - Repairs-Landscaping,rm,2,"Paul - (Fort Worth, TX) - Aden Crest",
661031,661031 - Repairs-Pest Control: General,rm,2,"Paul - (Fort Worth, TX) - Aden Crest",
661032,661032 - Repairs-Pest Control: Bed Bugs,rm,2,"Paul - (Fort Worth, TX) - Aden Crest",
661033,661033 - Repairs-Paint Purchases,rm,2,"Paul - (Fort Worth, TX) - Aden Crest",
6611,6611 COPIER SUPPLIES/MAINT,ad,2,"Dylan - (Houston, TX) - The 910",
6611,6611 Dryer Parts & Repair,rm,2,"Guillermo - (Bryan, TX) - West University Gardens",
66110,66110 - Cleaning Services (Office & Amenity Areas),rm,2,"Dylan - (Houston, TX) - Corridor at Westchase",
66111,66111 - Doors/Windows,rm,2,"Dylan - (Houston, TX) - Corridor at Westchase",
66112,66112 - Exterior Supplies,rm,2,"Dylan - (Houston, TX) - Corridor at Westchase",
66115,66115 - Electrical Repairs And Supplies,rm,2,"Dylan - (Houston, TX) - Corridor at Westchase",
66116,66116 - Electrical Repairs,rm,2,"Dylan - (Houston, TX) - Corridor at Westchase",
66117,66117 - Electrical Supplies,rm,2,"Dylan - (Houston, TX) - Corridor at Westchase",
6612,6612 Blinds / Drapery Repairs (occupied),rm,4,"Emilio - (San Antonio, TX) - Greenway",
66120,66120 - Equipment/Tools,rm,2,"Dylan - (Houston, TX) - Corridor at Westchase",
66125,66125 - Exterior Building Repairs,rm,2,"Dylan - (Houston, TX) - Corridor at Westchase",
6613,6613 Microwave Parts & Repair,rm,2,"Guillermo - (Bryan, TX) - West University Gardens",
6613,6613 PAYROLL PROCESSING,ad,6,"Dylan - (Houston, TX) - The 910",
66131,66131 - Fence And Gate Repairs,rm,2,"Dylan - (Houston, TX) - Corridor at Westchase",
66132,66132 - Fire/Life Safety,rm,2,"Dylan - (Houston, TX) - Corridor at Westchase",
6614,6614 Stove Parts & Repair,rm,2,"Guillermo - (Bryan, TX) - West University Gardens",
66140,66140 - Hvac Repairs And Supplies,rm,2,"Dylan - (Houston, TX) - Corridor at Westchase",
66144,66144 - Interior Supplies,rm,2,"Dylan - (Houston, TX) - Corridor at Westchase",
66146,66146 - Lighting,rm,2,"Dylan - (Houston, TX) - Corridor at Westchase",
6615,6615 Building Repairs - Minor,rm,19,"- (Garland, TX) - Colonial",
6615.000,"6615.000 - Fees, Dues & Subscriptions",ad,4,"Guillermo - (San Antonio, TX) - Lyra",
6616.000,6616.000 - Bank Fees,ad,4,"Guillermo - (San Antonio, TX) - Lyra",
6617,6617 DUES AND MEMBERSHIP,ad,6,"Dylan - (Houston, TX) - The 910",
6617,6617 Washer Parts & Repair,rm,2,"Guillermo - (Bryan, TX) - West University Gardens",
6618,6618 Cabinets & Counters - Parts,rm,11,"Paul - (Corsicana, TX) - Northwood Village Apartments",
6618,6618 Cabinets Et Counters - Parts,rm,2,"Emilio - (San Antonio, TX) - Greenway",
6618,6618 EDUCATION,ad,2,"Dylan - (Houston, TX) - The 910",
6618,6618 Minor Handyman Repairs,rm,2,"Dylan  - (Dallas, TX) - Rosedale Apartments",
66180,66180 - Light Bulbs (Interior),rm,2,"Dylan - (Houston, TX) - Corridor at Westchase",
66185,66185 - Locks And Keys,rm,2,"Dylan - (Houston, TX) - Corridor at Westchase",
6619,6619 EMPLOYEE RELATIONS,ad,6,"Dylan - (Houston, TX) - The 910",
66195,66195 - Maintenance Supplies/Equipment,rm,2,"Dylan - (Houston, TX) - Corridor at Westchase",
66196,66196 - Minor Supplies,rm,2,"Dylan - (Houston, TX) - Corridor at Westchase",
6620,6620 EMPLOYEE SCREENING,pr,2,"Dylan - (Houston, TX) - The 910","recoded from 'ad' (standardized to majority ({'pr': 8, 'ad': 2}))"
6620.000,6620.000 - Office Supplies And Equipment,ad,4,"Guillermo - (San Antonio, TX) - Lyra",
66200,66200 - Make Ready,rm,2,"Dylan - (Houston, TX) - Corridor at Westchase",
662001,662001 - Repairs-Carpet & Upholstery Cleaning,rm,2,"Paul - (Fort Worth, TX) - Aden Crest",
662002,662002 - Repairs-Specialty Cleaning & Repair,rm,2,"Paul - (Fort Worth, TX) - Aden Crest",
6621,6621 Carpet Cleaning,rm,2,"Guillermo - (Bryan, TX) - West University Gardens",
6621,6621 Carpet Repair & Cleaning,rm,2,"- (Garland, TX) - Colonial",
6621,6621 Carpet Repair & Cleaning (occupied),rm,6,"Yonnic - (Sulphur Springs, TX) - The Choir",
6621,6621 EVICTION / WRITS,ad,8,"Dylan - (Houston, TX) - The 910",
6621.000,6621.000 - Answering Service,ad,4,"Guillermo - (San Antonio, TX) - Lyra",
6622.000,6622.000 - Uniforms,ad,4,"Guillermo - (San Antonio, TX) - Lyra",
6623,6623 Cleaning Supplies,rm,2,"Yonnic - (Mount Pleasant, TX) - Shady Oaks",
6623,6623 Cleaning Supplies/Materials,rm,3,"Paul - (Corsicana, TX) - Northwood Village Apartments",
6623,6623 LEGAL FEES,ad,2,"Dylan - (Houston, TX) - The 910",
6624,6624 Conc. Et Sidewalk Rpr - Minor,rm,2,"Emilio - (San Antonio, TX) - Greenway",
6624,6624 Conc. & Sidewalk Rpr - Minor,rm,7,"Yonnic - (Sulphur Springs, TX) - The Choir",
6625,6625 Door Supplies & Repairs,rm,2,"Emilio - (Balch Springs, TX) - The Elinor on Elam",
6625,6625 MANAGEMENT FEES,mf,8,"Dylan - (Houston, TX) - The 910",2xad
6625.000,6625.000 - Data Processing And Software,ad,4,"Guillermo - (San Antonio, TX) - Lyra",
6626,6626 OFFICE MISCELLANEOUS,ad,2,"Dylan - (Houston, TX) - The 910",
6626.000,6626.000 - It Support Website,ad,4,"Guillermo - (San Antonio, TX) - Lyra",
6627,6627 Electrical Parts a Supplies,rm,2,"Emilio - (San Antonio, TX) - Greenway",
6627,6627 Electrical Parts f Supplies,rm,2,"Emilio - (San Antonio, TX) - Las Palmas Townhomes",
6627,6627 Electrical Parts & Supplies,rm,49,"Paul - (Corsicana, TX) - Northwood Village Apartments",
6627,6627 Electrical Supplies & Repairs,rm,2,"Emilio - (Balch Springs, TX) - The Elinor on Elam",
6628,6628 Flooring Supplies,rm,12,"Greg - (Lewisville, TX) - Mason on Main",
6628,6628 MISCELLANEOUS ADMIN,ad,2,"Guillermo - (Dallas, TX) - Eclipse of White Rock",
6628,6628 Plumbing R&M INT,rm,2,"Yonnic - (Sulphur Springs, TX) - The Choir",
6629,6629 LEGAL/COURT FEES,ad,2,"Guillermo - (Dallas, TX) - Eclipse of White Rock",
6629,6629 OFFICE SUPPLIES,ad,6,"Dylan - (Houston, TX) - The 910",
6630,6630 Flooring Replacement,rm,2,"- (Garland, TX) - Hanover House",
6630,6630 Temporary Labor,pr,2,"Yonnic - (Sulphur Springs, TX) - The Choir",
6630.000,"6630.000 - Postage, Courier, And Freight",ad,2,"Guillermo - (San Antonio, TX) - Lyra",
6631,6631 LICENSES & PERMIT FE,ad,4,"Jackson - (Lufkin, TX) - Falling Water",
6631,6631 LICENSES & PERMIT FEES,ad,4,"Dylan - (Houston, TX) - The 910",
6632,6632 TRAVEL EXPENSE,ad,6,"Dylan - (Houston, TX) - The 910",
66326,66326 - Occupied Paint/Sheetrock,rm,2,"Dylan - (Houston, TX) - Corridor at Westchase",
6633,6633 Entry / Gate Repairs,rm,6,"Greg - (Dallas, TX) - Crossroads Townhomes",
6633,6633 POSTAGE AND DELIVER,ad,4,"Jackson - (Lufkin, TX) - Falling Water",
6633,6633 POSTAGE AND DELIVERY,ad,4,"Dylan - (Houston, TX) - The 910",
6634,6634 PETTY CASH,ad,2,"Guillermo - (Dallas, TX) - Eclipse of White Rock",
6634,6634 PROPERTY TAX SERVIC,ad,4,"Jackson - (Lufkin, TX) - Falling Water",
66340,66340 - Plumbing Repairs/Supplies,rm,2,"Dylan - (Houston, TX) - Corridor at Westchase",
66341,66341 - Plumbing Supplies,rm,2,"Dylan - (Houston, TX) - Corridor at Westchase",
66342,66342 - Plumbing Repairs,rm,2,"Dylan - (Houston, TX) - Corridor at Westchase",
66345,66345 - Pool Repairs And Supplies,rm,2,"Dylan - (Houston, TX) - Corridor at Westchase",
6635,6635 ADMINISTRATIVE FEE,ad,2,"Guillermo - (Dallas, TX) - Eclipse of White Rock",
6635.000,6635.000 - Meetings And Training Classes,ad,4,"Guillermo - (San Antonio, TX) - Lyra",
66350,66350 - Resurfacing,rm,2,"Dylan - (Houston, TX) - Corridor at Westchase",
66351,66351 - Occupied Resurfacing,rm,2,"Dylan - (Houston, TX) - Corridor at Westchase",
6636,6636 Equipment Maintenance,rm,14,"Yonnic - (Sulphur Springs, TX) - The Choir",
6636,6636 PROFESSIONAL FEES,ad,6,"Dylan - (Houston, TX) - The 910",
6637,6637 Equipment - Lawn,rm,2,"Yonnic - (Nacogdoches, TX) - The Colonial",
6638,"6638 - HVAC Repairs, Parts and Supplies",rm,2,"Paul - (West Colombia, TX) - Whispering Pines",
6639,6639 Equipment Rental,rm,14,"Yonnic - (Mount Pleasant, TX) - Shady Oaks",
6640,6640 Blinds,rm,2,"Greg - (Haltom City, TX) - Haltom Oaks",
6642,6642 Fire Extinguishers,rm,2,"Guillermo - (Bryan, TX) - West University Gardens",
6642,6642 Fire Prevention / Extinguishers,rm,24,"Paul - (Corsicana, TX) - Northwood Village Apartments",
6642,6642 Fire Prevention / Extinguishers - Other,rm,4,"Greg - (Lewisville, TX) - Mason on Main",
6643,6643 FlooringRepairs,rm,2,"Greg - (Haltom City, TX) - Haltom Oaks",
6643,6643 Smoke Detectors,rm,2,"Guillermo - (Bryan, TX) - West University Gardens",
6645,6645 Glass - Mirrors - Screens,rm,27,"Paul - (Corsicana, TX) - Northwood Village Apartments",
6645.000,6645.000 - Legal Services,ad,4,"Guillermo - (San Antonio, TX) - Lyra",
6648,6648 Golf Cart Repairs,rm,4,"Yonnic - (Mount Pleasant, TX) - Shady Oaks",
6648,6648 Make Ready Supplies,rm,2,"Yonnic - (Sulphur Springs, TX) - The Choir",
6650,6650 Temporary Labor,pr,3,"Bryce - (Mineral Wells, TX) - The Dalton",
6651,"6651 Hardware, Maint - Misc",rm,5,"David - (Kingsville, TX) - Hawk's Landing Apartments",
6651,6651 Hardware - Misc,rm,33,"Paul - (Corsicana, TX) - Northwood Village Apartments",
6651,6651 Misc,rm,2,"Yonnic - (Sulphur Springs, TX) - The Choir",
6654,6654 HVAC Parts Et Supplies,rm,4,"Emilio - (San Antonio, TX) - Greenway",
6654,6654 HVAC Parts & Supplies,rm,44,"Paul - (Corsicana, TX) - Northwood Village Apartments",
6655,6655 Air Filters,rm,2,"Emilio - (Balch Springs, TX) - The Elinor on Elam",
6655,6655 HVAC Repair,rm,4,"- (Garland, TX) - Colonial",
6655.000,6655.000 - Other Professional Services,ad,4,"Guillermo - (San Antonio, TX) - Lyra",
6657,6657 Air Filters - Hvac,rm,2,"Guillermo - (Bryan, TX) - West University Gardens",
6660,6660 Light Bulbs f Fixture Repairs,rm,2,"Emilio - (San Antonio, TX) - Greenway",
6660,6660 Light Bulbs & Fixture Repairs,rm,39,"Paul - (Corsicana, TX) - Northwood Village Apartments",
6660,6660 Light Bulbs Ft Fixture Repairs,rm,2,"Emilio - (San Antonio, TX) - Las Palmas Townhomes",
6660.000,6660.000 - Permits & Registration,ad,4,"Guillermo - (San Antonio, TX) - Lyra",
6663,"6663 Door, Window and device repair",rm,5,"David - (Kingsville, TX) - Hawk's Landing Apartments",
6663,"6663 Locks, Keys a Security",rm,4,"Emilio - (San Antonio, TX) - Greenway",
6663,"6663 Locks, Keys & Security",rm,56,"Paul - (Corsicana, TX) - Northwood Village Apartments",
6664,"6664 Smoke alarms, Carbon Oxide Alarms",rm,10,"Greg - (Lewisville, TX) - Mason on Main",
6665.000,6665.000 - Mileage Reimbursement,rm,2,"Guillermo - (Tulsa, OK ) - Waterside Apartments","recoded from 'ad' (standardized to majority ({'rm': 14, 'ad': 7, 'pr': 6}))"
6666,6666 Lumber / Carpentry,rm,20,"Yonnic - (Sulphur Springs, TX) - The Choir",
6669,6669 Maint. Tools a Supplies,rm,4,"Emilio - (San Antonio, TX) - Greenway",
6669,6669 Maint. Tools & Supplies,rm,63,"Paul - (Corsicana, TX) - Northwood Village Apartments",
6669,6669 Maint. Tools & Supplies - Other,rm,23,"Greg - (Lewisville, TX) - Mason on Main",
6669,6669 Maintenance Supplies,rm,2,"Guillermo - (Bryan, TX) - West University Gardens",
6669.1,"6669.1 Batteries, tape, misc",rm,12,"Greg - (Lewisville, TX) - Mason on Main",
6669.2,"6669.2 Nails, screws",rm,10,"Greg - (Lewisville, TX) - Mason on Main",
6670,6670 Maintenance Tools,rm,8,"Greg - (Lewisville, TX) - Mason on Main",
6670.000,6670.000 - Meals & Entertainment,ad,4,"Guillermo - (San Antonio, TX) - Lyra",
6670.1,"6670.1 Electric screw drivers, bit",rm,10,"Greg - (Lewisville, TX) - Mason on Main",
6670.2,"6670.2 Screw drivers, wrench, knives, manua",rm,10,"Greg - (Lewisville, TX) - Mason on Main",
6670.2,"6670.2 Screw Drivers, Wrench, Knives, Manual Tools",rm,2,"Chase - (Garland, TX) - Jupiter Place",
6670.3,"6670.3 Electric saws, blades",rm,10,"Greg - (Lewisville, TX) - Mason on Main",
6670.5,6670.5 Plumbing tools,rm,8,"Greg - (Lewisville, TX) - Mason on Main",
6670.6,6670.6 Building tools,rm,4,"Greg - (Irving, TX) - Mandalay Apartments",
6672,6672 Pest Control - Supplies,rm,44,"Paul - (Corsicana, TX) - Northwood Village Apartments",
6673,6673 Grounds Supplies,rm,2,"Bryce - (San Antonio, TX) - Broadstone Collonade","recoded from 'cs' (standardized to majority ({'rm': 19, 'ad': 2, 'cs': 2}))"
6673,6673 Pest Control Non Contract,rm,2,"Yonnic - (Sulphur Springs, TX) - The Choir",
6675,6675 Plumbing Kitchen Bath Material,rm,5,"David - (Kingsville, TX) - Hawk's Landing Apartments",
6675,6675 Plumbing Repairs,rm,2,"Dylan  - (Dallas, TX) - Rosedale Apartments",
6675,6675 Plumbing Supplies,rm,58,"Paul - (Corsicana, TX) - Northwood Village Apartments",
6675,6675 Plumbing Supplies & Repair,rm,2,"Emilio - (Balch Springs, TX) - The Elinor on Elam",
6676,6676 BoilerRoom Supplies & Upkeep,rm,4,"Greg - (Irving, TX) - Irvington Place",
6676,6676 Plumbing R/M,rm,2,"- (Garland, TX) - Colonial",
6676,6676 - Plumbing Repair,rm,2,"Paul - (West Colombia, TX) - Whispering Pines",
6677,6677 Plumbing-Labor,rm,4,"- (Garland, TX) - Colonial",
6681,6681 Pool Supplies a Upkeep,rm,2,"Emilio - (San Antonio, TX) - Las Palmas Townhomes",
6681,6681 Pool Supplies & Upkeep,rm,22,"Paul - (Corsicana, TX) - Northwood Village Apartments",
6682,6682 Paint Supplies,rm,6,"Trey - (Fate, TX) - The Villages at Fate",
6684,6684 Remote Replacement,rm,2,"Dylan  - (Dallas, TX) - Rosedale Apartments",
6687,6687 Roof Supplies & Repairs - Minor,rm,30,"Paul - (Corsicana, TX) - Northwood Village Apartments",
6688,6688 Trash Out/Trash Removal,rm,2,"Guillermo - (Bryan, TX) - West University Gardens",
6690,6690 Uniforms - Maintenance,ad,4,"Yonnic - (Mount Pleasant, TX) - Shady Oaks",recoded from 'rm' (house rule: uniforms -> ad)
6691,6691 Landscape - R/M,rm,2,"- (Garland, TX) - Hanover House",
6691,6691 Vendor Convenience Fee,rm,2,"Yonnic - (Sulphur Springs, TX) - The Choir",
6692,6692 Parking Lot Repair - Minor,cs,2,"- (Garland, TX) - Colonial","recoded from 'rm' (standardized to majority ({'rm': 2, 'cs': 6}))"
6692,6692 Window & Door Repair,rm,2,"Emilio - (Balch Springs, TX) - The Elinor on Elam",
6694,6694 Mailbox Maintenance,rm,3,"Paul - (Corsicana, TX) - Northwood Village Apartments",
6695,6695 - Housekeeping Services- Contracted,cs,2,"Guillermo - (Lubbock, TX) - The Boulders at Lakeridge",
6698,6698 Ammenity Repairs,rm,5,"David - (Kingsville, TX) - Hawk's Landing Apartments",
6698,6698 Other Maint. a Repairs,rm,4,"Emilio - (San Antonio, TX) - Greenway",
6698,6698 Other Maint. & Repairs,rm,39,"Yonnic - (Sulphur Springs, TX) - The Choir",
6698,6698 - Other Maintenance & Repairs,rm,2,"Paul - (West Colombia, TX) - Whispering Pines",
6698,6698 Repairs & Maintenance,rm,2,"Dylan  - (Dallas, TX) - Rosedale Apartments",
6698,"6698 Window,Glass & Mirror Repairs",rm,3,"Paul - (Corsicana, TX) - Northwood Village Apartments",
6699,6699 MISC EXPENSE,ad,2,"Yonnic - (Mount Pleasant, TX) - Shady Oaks",
6700,6700 Commissions,pr,1,"Jon - (Sherman, TX) - Northridge Villas",
6700,6700 GENERAL BUILDING,rm,4,"Jackson - (Lufkin, TX) - Falling Water","recoded from 'ad' (standardized to majority ({'rm': 6, 'ad': 4}))"
6700,6700 Incentives and Bonuses,pr,4,"Dylan - (Fort Worth, TX) - Woods of Eastchase",
6700,6700 Make Ready Costs - Other,rm,2,"- (Garland, TX) - Colonial",
6700,6700 Turnover Costs,rm,4,"Yonnic - (Garrison, TX) - Appleby Courtyard",
6700,6700 Turnover Costs - Other,rm,6,"Greg - (Irving, TX) - Mandalay Apartments",
6700-0010,6700-0010 Management Fees,mf,4,"Danny - (Arlington, TX) - The Sherry",
6700-0100,6700-0100 - Cable Service / Internet Service,o,2,"Bryce - (Arlington, TX) - District on Collins",
6700-0105,6700-0105 - Fiberstream/Wifi,o,2,"Bryce - (Arlington, TX) - District on Collins",
6700-0200,6700-0200 - Courtesy Patrol / Monitoring,o,2,"Bryce - (Arlington, TX) - District on Collins",
6700-0500,6700-0500 - Landscaping,cs,2,"Bryce - (Arlington, TX) - District on Collins",
6700-0520,6700-0520 - Pool Service Contract,cs,2,"Bryce - (Arlington, TX) - District on Collins",
6700-0600,6700-0600 - Misc. Service Agreements,o,2,"Bryce - (Arlington, TX) - District on Collins",
6701,6701 Pool/Repairs,rm,2,"Guillermo - (Canyon, TX) - - Torres Evolution Canyon",
6701,6701 - Taxes & Insurance - Prior Year,tx,2,"Dylan - (Houston, TX) - Brookfield",
67010,67010 - Insurance - Property & General Liability,i,6,"Dylan - (Dallas, TX) - Principal Residences",
67010,67010 - lasunrica - Property & Gomel LiabIlly,i,2,"Danny - (Dallas, TX) - Magnolia on Gaston",
6702,6702 INSURANCE -PROP/LIA,i,4,"Jackson - (Lufkin, TX) - Falling Water",
6702,6702 INSURANCE -PROP/LIABILITY,i,4,"Dylan - (Houston, TX) - The 910",
6703,6703 PAST YEAR INSURANCE PREMIUM REFUND,i,2,"Guillermo - (Dallas, TX) - Eclipse of White Rock",
67030,67030 - Property Taxes,tx,6,"Dylan - (Dallas, TX) - Principal Residences",
6705,6705 INSURANCE-FLOOD,i,4,"Jackson - (Lufkin, TX) - Falling Water",
6705,6705 - Property Taxes,tx,2,"Guillermo - (Lubbock, TX) - The Boulders at Lakeridge",
6705.000,6705.000 - Resident Party & Functions,m,4,"Guillermo - (San Antonio, TX) - Lyra",
6707.000,6707.000 - Locator Fees,m,2,"Guillermo - (San Antonio, TX) - Lyra",
6708.000,6708.000 - Marketing/Events,m,4,"Guillermo - (San Antonio, TX) - Lyra",
6710,6710 Blinds / Drapery Replacement,rm,8,"Yonnic - (Sulphur Springs, TX) - The Choir",
6710,6710 Cable Television,o,2,"Yonnic -  (Waco, TX) - West Campus Lofts",
6710,6710 PROPERTY TAXES,tx,8,"Dylan - (Houston, TX) - The 910",
6710,6710 Turnover Blinds / Drapery Replacement,rm,4,"Emilio - (San Antonio, TX) - Greenway",
6710.000,6710.000 - Banners And Flyers,m,4,"Guillermo - (San Antonio, TX) - Lyra",
6710.000,6710.000 - Taxes - Real Estate,tx,2,"Dylan - (Bryan, TX) - Serenity at Briarcrest",
6711,6711 - Franchise Tax,tx,2,"Dylan - (Houston, TX) - Brookfield",
6711-0000,6711-0000 - Payroll Taxes (Project'S Share),pr,2,"Guillermo - (Lubbock, TX) - Cantibury Pointe",
6711.000,6711.000 - Payroll Taxes,pr,2,"Dylan - (Bryan, TX) - Serenity at Briarcrest",
6712,6712 PROPERTY TAX REFUND,tx,4,"Jackson - (Lufkin, TX) - Falling Water",
6712,6712 Resurfacing,rm,5,"David - (Kingsville, TX) - Hawk's Landing Apartments",
6713,6713 Hvac Supplies/Repairs,rm,2,"Guillermo - (Canyon, TX) - - Torres Evolution Canyon",
6713,6713 Resurface Tub,rm,2,"Yonnic - (Nacogdoches, TX) - The Colonial",
6718,6718 Repair Tub - Resurfacing,rm,2,"Guillermo - (Bryan, TX) - West University Gardens",
6720,6720 Carpet Repairs & Dyes,rm,5,"Paul - (Corsicana, TX) - Northwood Village Apartments",
6720,6720 Electric Common Area,e,2,"Yonnic -  (Waco, TX) - West Campus Lofts",
6720,6720 Floor Repairs,rm,5,"David - (Kingsville, TX) - Hawk's Landing Apartments",
6720,6720 Maintenance Supplies,rm,2,"Guillermo - (Canyon, TX) - - Torres Evolution Canyon",
6720,6720 - Management & Maintenance,rm,3,"Yonnic - (San Antonio, TX) - The Kelly Apartments",
6720,6720 - Property & Liability Insurance,i,4,"Dylan - (Houston, TX) - Brookfield",
6720,6720 Turnover Carpet Repairs Et Dyes,rm,2,"Emilio - (San Antonio, TX) - Las Palmas Townhomes",
6720-0000,6720-0000 - Property & Liability Insurance (Hazard),i,2,"Guillermo - (Lubbock, TX) - Cantibury Pointe",
6720.010,6720.010 - Insurance - Property,i,2,"Dylan - (Bryan, TX) - Serenity at Briarcrest",
6720.020,6720.020 - Insurance - Liability & Umbrella,i,2,"Dylan - (Bryan, TX) - Serenity at Briarcrest",
6720.030,6720.030 - Insurance - Boiler & Machinery,i,2,"Dylan - (Bryan, TX) - Serenity at Briarcrest",
6722-0000,6722-0000 - Worker'S Compensation,pr,2,"Guillermo - (Lubbock, TX) - Cantibury Pointe",
6722.000,6722.000 - Insurance - Workers Comp,pr,2,"Dylan - (Bryan, TX) - Serenity at Briarcrest",
6723-0000,6723-0000 - Employee Benefits - 401(K),pr,2,"Guillermo - (Lubbock, TX) - Cantibury Pointe",
6723-0001,6723-0001 - Employee Benefits - Medical / Life / Ad+D,pr,2,"Guillermo - (Lubbock, TX) - Cantibury Pointe",
6723.000,6723.000 - Insurance - Health & Ee Benefits,pr,2,"Dylan - (Bryan, TX) - Serenity at Briarcrest",
6724,6724 Contract Labor,cs,2,"Dylan - (Arlington, TX ) - Tristar Apartments","recoded from 'pr' (standardized to majority ({'cs': 26, 'pr': 12, 'rm': 9}))"
6726,6726 PROPERTY TAX CONSU,tx,4,"Jackson - (Lufkin, TX) - Falling Water",
6730,6730 Cleaning / Janitorial Supplies,rm,27,"Paul - (Corsicana, TX) - Northwood Village Apartments",
6730,6730 Cleaning - Minor Supplies,rm,5,"David - (Kingsville, TX) - Hawk's Landing Apartments",
6730,6730 Make Ready - Cleaning / Janitorial,rm,4,"- (Garland, TX) - Colonial",
6730,6730 Trash Removal,tr,2,"Yonnic -  (Waco, TX) - West Campus Lofts",
6730,6730 Turnover Cleaning / Janitorial Supplies,rm,2,"Emilio - (San Antonio, TX) - Greenway",
6730.000,6730.000 - Internet Ads & Listings,m,4,"Guillermo - (San Antonio, TX) - Lyra",
6740,6740 Contract Carpet Cleaning,rm,13,"Paul - (Corsicana, TX) - Northwood Village Apartments",1xcs
6740,6740 Floor Repair,rm,2,"Guillermo - (Bryan, TX) - West University Gardens",
6740,6740 Turnover Contract Carpet Cleaning,rm,2,"Emilio - (San Antonio, TX) - Las Palmas Townhomes",
6745,6745 Water & Sewer,w,2,"Yonnic -  (Waco, TX) - West Campus Lofts",
6750,6750 Cleaning & Trash-out services,rm,5,"David - (Kingsville, TX) - Hawk's Landing Apartments",
6750,6750 Contract Cleaning,rm,30,"Yonnic - (Sulphur Springs, TX) - The Choir",1xcs
6750,6750 Contract Cleaning/Housekeeping,rm,2,"Guillermo - (Bryan, TX) - West University Gardens",
6750,6750 Quarterly Bonuses,pr,4,"Dylan - (Fort Worth, TX) - Woods of Eastchase",
6750,6750 Student Turnover - Interior Painting/Dry Wall,rm,2,"Guillermo - (Canyon, TX) - - Torres Evolution Canyon",
6750,6750 Turnover Contract Cleaning,rm,6,"Trey - (Fate, TX) - The Villages at Fate",
6755,6755 Turnover Contract Labor,rm,6,"Trey - (Fate, TX) - The Villages at Fate",
67550,67550 - Window/Glass Repair,rm,2,"Dylan - (Houston, TX) - Corridor at Westchase",
6760,6760 Contract Make-Ready Services,rm,5,"David - (Kingsville, TX) - Hawk's Landing Apartments",
6760,6760 Contract Painting,rm,22,"Greg - (Lewisville, TX) - Mason on Main",
6760,6760 Make Ready - Painting,rm,2,"- (Garland, TX) - Hanover House",
6760,6760 Turnover Contract Painting,rm,6,"Trey - (Fate, TX) - The Villages at Fate",
6761,6761 Doors/Locks,rm,3,"Paul - (Corsicana, TX) - Northwood Village Apartments",
6761,6761 Turnover Electrical Supplies,rm,4,"Emilio - (San Antonio, TX) - Greenway",
6762,6762 Make Ready - Resurface,rm,2,"- (Garland, TX) - Colonial",
6764,6764 Turnover Light Bulbs,rm,4,"Emilio - (San Antonio, TX) - Greenway",
6765,6765 Turnover Material,rm,4,"Emilio - (San Antonio, TX) - Greenway",
6766,6766 Turnover Hardware,rm,4,"Emilio - (San Antonio, TX) - Greenway",
6770,6770 Make ready supplies and paint,rm,5,"David - (Kingsville, TX) - Hawk's Landing Apartments",
6770,6770 Paint & Supplies,rm,37,"Paul - (Corsicana, TX) - Northwood Village Apartments",1xcs
6770,6770 Turnover Paint a Supplies,rm,2,"Emilio - (San Antonio, TX) - Greenway",
6770,6770 Turnover Paint Ft Supplies,rm,2,"Emilio - (San Antonio, TX) - Las Palmas Townhomes",
6770,6770 Turnover Paint & Supplies,rm,2,"Trey - (Fate, TX) - The Villages at Fate",
6771,6771 Cabinet Repair,rm,2,"Emilio - (Balch Springs, TX) - The Elinor on Elam",
6771,6771 Turnover Plumbing Supplies,rm,4,"Emilio - (San Antonio, TX) - Greenway",
6772,6772 Window/Glass Repair,rm,2,"Emilio - (Balch Springs, TX) - The Elinor on Elam",
6773,"6773 Light Bulbs, Fixtures, Fans",rm,2,"Emilio - (Balch Springs, TX) - The Elinor on Elam",
6780,6780 Sheetrock Repair,rm,22,"Yonnic - (Sulphur Springs, TX) - The Choir",
6780,"6780 Sheetrock, wall repair",rm,5,"David - (Kingsville, TX) - Hawk's Landing Apartments",
6780,6780 Turnover Sheetrock Repair,rm,4,"Emilio - (San Antonio, TX) - Greenway",
6781,6781 Make Ready - Supplies,rm,2,"- (Garland, TX) - Hanover House",
6781,6781 Supplies,rm,3,"Paul - (Corsicana, TX) - Northwood Village Apartments",
6782,6782 Unit Trash Out/Clean Out,rm,10,"Greg - (Lewisville, TX) - Mason on Main",
6785,"6785 Repairs - minor wall, ceiling, interior",rm,12,"Greg - (Lewisville, TX) - Mason on Main",
6790,6790 - Other Turnover Costs,rm,2,"Paul - (West Colombia, TX) - Whispering Pines",
6790,6790 Turnover Resurface,rm,4,"Emilio - (San Antonio, TX) - Greenway",
6790.000,"6790.000 - Misc Taxes, Licenses, Permits",ad,2,"Dylan - (Bryan, TX) - Serenity at Briarcrest",
6800,6800 Grounds - Other,rm,4,"Yonnic - (Mount Pleasant, TX) - Shady Oaks",
6800-0020,6800-0020 Real Property Taxes,tx,4,"Danny - (Arlington, TX) - The Sherry",
6800-0030,6800-0030 Real Property Tax Appeal,tx,2,"Danny - (Arlington, TX) - The Sherry",
68000,68000 - Management,mf,2,"Greg - (Roanoke, TX) - Magnolia on Oak","recoded from 'pr' (standardized to majority ({'mf': 10, 'pr': 2}))"
68000001,68000001 Payroll Fees,pr,7,"Greg - (Balch Springs, TX ) - Autumn Run Apartments",
68000002,68000002 Payroll W2,pr,7,"Greg - (Balch Springs, TX ) - Autumn Run Apartments",
68000015,68000015 Payroll 1099,pr,7,"Greg - (Balch Springs, TX ) - Autumn Run Apartments",
68000020,68000020 Employee Apartment,pr,5,"Greg - (Garland, TX) - Parkaire Apartments",
6801,6801 Courtesy Services,cs,2,"Greg - (San Antonio, TX ) - Lodge at Timberhill",
6801,6801 Electric - House Meters,e,2,"Guillermo - (Canyon, TX) - - Torres Evolution Canyon",
6801-0100,6801-0100 - Exterior Repairs / Supplies,rm,2,"Bryce - (Arlington, TX) - District on Collins",
6801-0500,6801-0500 - Pool Repairs / Supplies,rm,2,"Bryce - (Arlington, TX) - District on Collins",
6802,6802 Water & Sewer - House Meters,w,2,"Guillermo - (Canyon, TX) - - Torres Evolution Canyon",
6805,6805 Irrigation Repairs,rm,4,"Guillermo - (Bryan, TX) - West University Gardens",
6805,6805 - Property Insurance,i,2,"Guillermo - (Lubbock, TX) - The Boulders at Lakeridge",
6805-0100,6805-0100 - Appliance Repairs / Supplies,rm,2,"Bryce - (Arlington, TX) - District on Collins",
6805-0200,6805-0200 - Blinds / Repairs,rm,2,"Bryce - (Arlington, TX) - District on Collins",
6805-0300,6805-0300 - Floor Clean / Repairs,rm,2,"Bryce - (Arlington, TX) - District on Collins",
6805-0400,6805-0400 - Cleaning Contract,rm,2,"Bryce - (Arlington, TX) - District on Collins",
6805-0500,6805-0500 - Doors / Door Screens,rm,2,"Bryce - (Arlington, TX) - District on Collins",
6805-0600,6805-0600 - Electrical Repairs / Supplies,rm,2,"Bryce - (Arlington, TX) - District on Collins",
6805-0700,6805-0700 - Fire & Safety Protection,rm,2,"Bryce - (Arlington, TX) - District on Collins",
6805-0900,6805-0900 - Hvac Repairs / Supplies,rm,2,"Bryce - (Arlington, TX) - District on Collins",
6805-1000,6805-1000 - Interior Repairs / Supplies,rm,2,"Bryce - (Arlington, TX) - District on Collins",
6805-1100,6805-1100 - Janitorial / Cleaning Supplies,rm,2,"Bryce - (Arlington, TX) - District on Collins",
6805-1200,6805-1200 - Keys And Locks,rm,2,"Bryce - (Arlington, TX) - District on Collins",
6805-1300,6805-1300 - Light Bulbs,rm,2,"Bryce - (Arlington, TX) - District on Collins",
6805-1500,6805-1500 - Paint / Supplies,rm,2,"Bryce - (Arlington, TX) - District on Collins",
6805-1600,6805-1600 - Plumbing Repairs / Supplies,rm,2,"Bryce - (Arlington, TX) - District on Collins",
6805-1700,6805-1700 - Resurface (Tubs / Counters),rm,2,"Bryce - (Arlington, TX) - District on Collins",
6805-1800,6805-1800 - Tools & Equipment,rm,2,"Bryce - (Arlington, TX) - District on Collins",
6805-1900,6805-1900 - Windows / Window Screens,rm,2,"Bryce - (Arlington, TX) - District on Collins",
68050,68050 - Management / Leasing,pr,4,"Dylan - (Dallas, TX) - Principal Residences",
6806,6806 Trash Removal Contract,tr,2,"Guillermo - (Canyon, TX) - - Torres Evolution Canyon",
68070,68070 - Leasing Agent Bonuses,pr,6,"Dylan - (Dallas, TX) - Principal Residences",
6810,6810 Landscape - Maintenance,cs,60,"Yonnic - (Sulphur Springs, TX) - The Choir",9xrm
6810,6810 - Workman's Comp. Ins,i,2,"Guillermo - (Lubbock, TX) - The Boulders at Lakeridge",
6810.000,6810.000 - Property Insurance,i,3,"Guillermo - (Moore, OK) - Southwinds Apartments",
68100,68100 - Maintenance / Porter,pr,4,"Dylan - (Dallas, TX) - Principal Residences",
68100,68100 - Maintenance Supervisor,pr,2,"Greg - (Roanoke, TX) - Magnolia on Oak",
681001,681001 - Locks And Keys,rm,2,"Paul - (Fort Worth, TX) - Aden Crest",
6811,6811 Contract Landscaping,cs,2,"Yonnic - (Sulphur Springs, TX) - The Choir",
6811,6811 Real Estate Taxe,tx,2,"Dylan - (Arlington, TX ) - Tristar Apartments",
6815,6815 Grounds Supplies,rm,3,"Paul - (Corsicana, TX) - Northwood Village Apartments",
6815,6815 Mulch,cs,2,"Chase - (Garland, TX) - Jupiter Place",
6820,6820 Parking Lot Repair - Minor,cs,6,"Yonnic - (Sulphur Springs, TX) - The Choir",1xrm
68220,68220 - Training,ad,6,"Dylan - (Dallas, TX) - Principal Residences",1xm
6825,6825 Parking Lot Striping,cs,4,"Greg - (Dallas, TX) - Crossroads Townhomes",1xrm
6828,6828 Pet Waste Disposal,rm,4,"Greg - (Lewisville, TX) - Mason on Main",
6830,6830 Plants & Flowers,rm,6,"Yonnic - (Sulphur Springs, TX) - The Choir",1xcs
6845,6845 Other Grounds Costs,rm,6,"Yonnic - (Nacogdoches, TX) - The Colonial",1xcs
6850,6850 Security Patrol Services,cs,2,"Chris  - (Dallas, TX) - The Wesley Apartments",
6850-0100,6850-0100 - Management Fees,mf,2,"Bryce - (Arlington, TX) - District on Collins",
6855,6855 Alarm Monitoring Expense,cs,4,"Bryce - (San Antonio, TX) - Broadstone Collonade",1xrm
6860,6860 Fire Protection / Monitoring Services,cs,8,"Yonnic - (Sulphur Springs, TX) - The Choir",
68650,68650 - Inspections & Permits,rm,2,"Dylan - (Houston, TX) - Corridor at Westchase",
68805,68805 - Mr - Apt Clean,rm,2,"Dylan - (Houston, TX) - Corridor at Westchase",
68810,68810 - Mr - Apt Paint,rm,2,"Dylan - (Houston, TX) - Corridor at Westchase",
68820,68820 - Mr - Paint/Sheetrock,rm,2,"Dylan - (Houston, TX) - Corridor at Westchase",
68830,68830 - Mr - Carpet Cleaning,rm,2,"Dylan - (Houston, TX) - Corridor at Westchase",
68840,68840 - Mr - Flooring Repairs,rm,2,"Dylan - (Houston, TX) - Corridor at Westchase",
68850,68850 - Mr - Resurface Repairs,rm,2,"Dylan - (Houston, TX) - Corridor at Westchase",
68860,68860 - Mr - Other,rm,2,"Dylan - (Houston, TX) - Corridor at Westchase",
68870,68870 - Mr - Ceiling Fans/Fixtures,rm,2,"Dylan - (Houston, TX) - Corridor at Westchase",
68880,68880 - Clean - Janitorial Supplies,rm,2,"Dylan - (Houston, TX) - Corridor at Westchase",
6899.000,6899.000 - Other Insurance,i,3,"Guillermo - (Moore, OK) - Southwinds Apartments",
6900,6900 Utilities,rm,2,"Guillermo - (Bryan, TX) - West University Gardens",
6900-0020,6900-0020 Insurance-Renters,i,4,"Danny - (Arlington, TX) - The Sherry",
6900-0150,6900-0150 - Tx Franchise Tax,tx,2,"Bryce - (Arlington, TX) - District on Collins",
6900-0200,6900-0200 - Property & Liability Insurance,i,2,"Bryce - (Arlington, TX) - District on Collins",
6900-0300,6900-0300 - Other Insurance,i,2,"Bryce - (Arlington, TX) - District on Collins",
69000000,69000000 Management Fees,mf,7,"Greg - (Balch Springs, TX ) - Autumn Run Apartments",
6901,6901 Utility Admin Fee,o,2,"Greg - (San Antonio, TX ) - Lodge at Timberhill",
6902,6902 ADVERTISING,m,2,"Dylan - (Houston, TX) - The 910",
69020,69020 - Property Management Fees,mf,2,"Dylan - (Houston, TX) - Corridor at Westchase",
6903,6903 Electric-Ancillary,e,2,"Guillermo - (Canyon, TX) - - Torres Evolution Canyon",
6903,6903 LEASING EXPENSES,m,2,"Guillermo - (Dallas, TX) - Eclipse of White Rock",
6903,6903 LEASING PROMOTIONAL,m,4,"Jackson - (Lufkin, TX) - Falling Water",
6903,6903 LEASING PROMOTIONAL/MARKETING,m,2,"Dylan - (Houston, TX) - The 910",
6904,6904 BROCHURES/FLOOR PLANS,m,2,"Dylan - (Houston, TX) - The 910",
6904,6904 Utility Billing Fee,o,2,"Guillermo - (Canyon, TX) - - Torres Evolution Canyon",
6905,6905 Cable Television,o,5,"Paul - (Corsicana, TX) - Northwood Village Apartments",
6907,6907 INTERNET ADVERTISING,m,8,"Dylan - (Houston, TX) - The 910",
6908,6908 LOCATORS,m,2,"Dylan - (Houston, TX) - The 910",
6909,6909 MARKET SURVEY,m,6,"Dylan - (Houston, TX) - The 910",
6910,6910 Electric - Billable,e,18,"- (Garland, TX) - Colonial",
6910,6910 Electric - Common,e,5,"David - (Kingsville, TX) - Hawk's Landing Apartments",
6910,6910 Internet - Resident Units,o,2,"Guillermo - (Canyon, TX) - - Torres Evolution Canyon",
6912,6912 MODEL/DECORATIONS,m,2,"Dylan - (Houston, TX) - The 910",
6913,6913 OFFICE DECORATIONS,m,2,"Dylan - (Houston, TX) - The 910",
6914,6914 RESIDENT REFERRAL,m,6,"Dylan - (Houston, TX) - The 910",
6915,6915 Electric - Common Areas,e,57,"Yonnic - (Sulphur Springs, TX) - The Choir",
6915,6915 RESIDENT RETENTION,m,2,"Dylan - (Houston, TX) - The 910",
6916,6916 RESIDENT RELATIONS,m,6,"Dylan - (Houston, TX) - The 910",1xad
6918,6918 SIGNS AND BANNERS,m,2,"Dylan - (Houston, TX) - The 910",
6920,6920 Electric - Resident Units,e,2,"Guillermo - (Bryan, TX) - West University Gardens",
6920,6920 Electric - Vacant,e,45,"Yonnic - (Sulphur Springs, TX) - The Choir",
6920.000,6920.000 - Personal Property Tax,tx,3,"Guillermo - (Moore, OK) - Southwinds Apartments",
6921,6921 Electric - Vacant Units,e,2,"Guillermo - (Bryan, TX) - West University Gardens",
6921,6921 Property Coverag,i,2,"Dylan - (Arlington, TX ) - Tristar Apartments",
6924,6924 Natural Gas,o,2,"Bryce - (San Antonio, TX) - Broadstone Collonade",
6925,6925 Electric - Vacant,e,5,"David - (Kingsville, TX) - Hawk's Landing Apartments",
6925,6925 Natural Gas,o,3,"Paul - (Corsicana, TX) - Northwood Village Apartments",
6925,6925 Natural Gas - Billable,o,12,"- (Garland, TX) - Colonial",1xe
69250,69250 - General Liability Insurance,i,2,"Dylan - (Houston, TX) - Corridor at Westchase",
6926,6926 Utility conservation bill,o,2,"Greg - (Garland, TX) - Casa Del Mar",
6927,6927 Electric ABP,e,5,"David - (Kingsville, TX) - Hawk's Landing Apartments",
6930,6930 Natural Gas - Common,o,29,"Yonnic - (Mount Pleasant, TX) - Shady Oaks",
69300,69300 - Property Insurance,i,2,"Dylan - (Houston, TX) - Corridor at Westchase",
69350,69350 - Terrorism Insurance,i,2,"Dylan - (Houston, TX) - Corridor at Westchase",
69375,69375 - Umbrella Insurance,i,2,"Dylan - (Houston, TX) - Corridor at Westchase",
6940,6940 Trash Collection / Removal,tr,69,"Paul - (Corsicana, TX) - Northwood Village Apartments",
6940,6940 - Trash Collection /Removal,tr,2,"Paul - (West Colombia, TX) - Whispering Pines",
6940,6940 Trash - Dumpster - Solid Waste,tr,2,"Guillermo - (Bryan, TX) - West University Gardens",
6941,6941 Bulk Trash/Roll Off,tr,2,"Trey - (Fate, TX) - The Villages at Fate",
6946,6946 Utility Billing Fees,o,3,"Paul - (Corsicana, TX) - Northwood Village Apartments",
6950,6950 3rd Party Utility Billing,o,2,"Greg - (Haltom City, TX) - Haltom Oaks",
6950,6950 Utility Billing Fee,o,2,"Yonnic - (Sulphur Springs, TX) - The Choir",
6950,6950 Utility Meter Reading Fees,o,4,"Trey - (Fate, TX) - The Villages at Fate",1xw
6951,6951 Utility Billing,ad,2,"Emilio - (Balch Springs, TX) - The Elinor on Elam","recoded from 'o' (standardized to majority ({'cs': 5, 'ad': 10, 'o': 8, 'w': 6}))"
6952,6952 Water,w,4,"Greg - (Garland, TX) - Gardens on Walnut",
6953,6953 Sewer,w,4,"Greg - (Garland, TX) - Gardens on Walnut",
69540,69540 - Property Tax,tx,2,"Dylan - (Houston, TX) - Corridor at Westchase",
6955,6955 Water,w,10,"Yonnic - (Sulphur Springs, TX) - The Choir",
6955,6955 Water a Sewer,w,2,"Emilio - (San Antonio, TX) - Las Palmas Townhomes",
6955,6955 Water Common,w,5,"David - (Kingsville, TX) - Hawk's Landing Apartments",
6955,6955 Water Ft Sewer,w,2,"Emilio - (San Antonio, TX) - Greenway",
6955,6955 Water & Sewer,w,56,"Paul - (Corsicana, TX) - Northwood Village Apartments",
6956,6956 electricity,e,4,"Greg - (Garland, TX) - Gardens on Walnut",
6956,6956 SEWER,w,6,"Yonnic - (Sulphur Springs, TX) - The Choir",
6956,6956 Trash - Monthly Collection / Removal,tr,4,"- (Garland, TX) - Colonial",
6960,6960 Late Fee - Utility,o,2,"Yonnic - (Nacogdoches, TX) - The Colonial",
6960,6960 Water Vacant,w,5,"David - (Kingsville, TX) - Hawk's Landing Apartments",
6962,6962 Water - Irrigation,w,2,"Guillermo - (Bryan, TX) - West University Gardens",
6963,6963 Drainage/Transportation - Water,w,2,"Guillermo - (Bryan, TX) - West University Gardens",
6965,6965 Utilities,o,4,"- (Garland, TX) - Colonial",
6965,6965 Water ABP,w,5,"David - (Kingsville, TX) - Hawk's Landing Apartments",
6995,6995 Other Utilities,o,2,"Emilio - (Plano, TX) - Magnolia on 16th",
6995,6995 Other Utility,e,2,"Emilio - (Farmersville, TX) - Hilltop Apartments",
6995,6995 Sewer,w,2,"Yonnic - (Mount Pleasant, TX) - Shady Oaks",
6996,6996 City Street Maintenance Fee,o,2,"Yonnic - (Sulphur Springs, TX) - The Choir",
6996,6996 Utility Billing,ad,2,"Yonnic - (Mount Pleasant, TX) - Shady Oaks","recoded from 'o' (standardized to majority ({'cs': 5, 'ad': 10, 'o': 8, 'w': 6}))"
6998,6998 Mosquito control,o,2,"Yonnic - (Mount Pleasant, TX) - Shady Oaks",
6999,6999 Utility - Water / Electric,w,2,"Emilio - (Farmersville, TX) - Hilltop Apartments",
7000,7000 Non-Controllable Expenses - Other,cs,2,"Yonnic - (Mount Pleasant, TX) - Shady Oaks",
7000,7000 Office Admin,pr,2,"Yonnic - (Elk City, OK) - Granite Landing Apartments",
7000,7000 Office/General Admin Expenses,ad,2,"Emilio - (Houston, TX) - Los Pinos",
7000,7000 - Plumbing,rm,5,"Paul - (Killeen, TX) - Windchase",
7000-1300,7000-1300 Leasing Center Security & Alarm,ad,2,"Yonnic - (Beaumont, TX) - Autumn Oaks",
7000-1300,7000-1300 Leasing Center Security Et Alarm,ad,2,"Emilio - (Pasadena, TX) - Strawberry Flats",
7000-2600,7000-2600 Mileage,ad,2,"Yonnic - (Beaumont, TX) - Autumn Oaks",
7000-2700,7000-2700 Meals & Entertainment,ad,2,"Yonnic - (Beaumont, TX) - Autumn Oaks",
7000-2700,7000-2700 Meals Et Entertainment,ad,2,"Emilio - (Pasadena, TX) - Strawberry Flats",
7000-3400,7000-3400 Background Check,ad,4,"Yonnic - (Beaumont, TX) - Autumn Oaks",
7000.000,7000.000 MAINTENANCE EXPENSE - Other,rm,2,"Greg- (Arlington, TX) - Pine Ridge Apartments",
70000001,70000001 Resurfacing Contractors,cs,7,"Greg - (Balch Springs, TX ) - Autumn Run Apartments",
70000003,70000003 Landscaping Contr,cs,7,"Greg - (Balch Springs, TX ) - Autumn Run Apartments",
70000004,70000004 Cleaning Apts Contr,cs,7,"Greg - (Balch Springs, TX ) - Autumn Run Apartments",
70000008,70000008 Labor Help Contr,cs,7,"Greg - (Balch Springs, TX ) - Autumn Run Apartments",
70000009,70000009 Pest Control Contr,cs,2,"Greg - (Balch Springs, TX ) - Autumn Run Apartments",
70000011,70000011 Water Treatm Contr,cs,5,"Greg - (Garland, TX) - Parkaire Apartments",
70000013,70000013 Fire Ext & Backflow Serv Contr,cs,7,"Greg - (Balch Springs, TX ) - Autumn Run Apartments",
70000020,70000020 Carpet Cleaning & Repair Contr,cs,7,"Greg - (Balch Springs, TX ) - Autumn Run Apartments",
70000030,70000030 Porters Contr,cs,5,"Greg - (Garland, TX) - Parkaire Apartments",
70000040,70000040 Credit To Resident Contr,cs,4,"Greg - (Balch Springs, TX ) - Autumn Run Apartments",
70000045,70000045 Water Billing Service,cs,2,"Greg - (Balch Springs, TX ) - Autumn Run Apartments",
70000046,70000046 Gas Pipeline Testing,cs,3,"Greg - (Dallas, TX) - Casa View",
70000049,70000049 Recycling Services,cs,3,"Greg - (Dallas, TX) - Casa View",
700001,700001 - Management Fees,mf,2,"Paul - (Fort Worth, TX) - Aden Crest",
70011,70011 Advertising costs for recruitin,m,2,"Yonnic - (Lubbock, TX) - Estrada South II",
70014,70014 Answering service,ad,2,"Yonnic - (Lubbock, TX) - Estrada South II",
7002,7002 Payroll - Temporary Labor,pr,2,"Bryce - (Dallas, TX) - The Landing at McCallum",
70020,70020 Bank Service Charges,ad,2,"Yonnic - (Lubbock, TX) - Estrada South II",
70023,70023 Blue Moon Leasing Costs,m,2,"Yonnic - (Lubbock, TX) - Estrada South II","recoded from 'ad' (standardized to majority ({'m': 4, 'ad': 4}))"
70032,70032 Credit & Background Checks,ad,2,"Yonnic - (Lubbock, TX) - Estrada South II",
70035,70035 Dues and Subscriptions,ad,2,"Yonnic - (Lubbock, TX) - Estrada South II",
70038,70038 Eviction and related fees,ad,2,"Yonnic - (Lubbock, TX) - Estrada South II",
70044,70044 Freight & Delivery,ad,2,"Yonnic - (Lubbock, TX) - Estrada South II",
7005,7005 - Bath Repairs And Supplies,rm,2,"Paul - (Killeen, TX ) - The Grove at Killeen",
7005,7005 Promotional - Other,m,2,"Guillermo - (Canyon, TX) - - Torres Evolution Canyon",
7006,7006 Appeal - Signage/Flags/Banners,m,2,"Guillermo - (Canyon, TX) - - Torres Evolution Canyon",
70060,70060 Office Supplies,ad,2,"Yonnic - (Lubbock, TX) - Estrada South II",
70061,70061 ResMan,ad,2,"Yonnic - (Lubbock, TX) - Estrada South II",
70064,70064 SightPlan,ad,2,"Yonnic - (Lubbock, TX) - Estrada South II",
70075,70075 Postage,ad,2,"Yonnic - (Lubbock, TX) - Estrada South II",
7008,7008 Payroll - Manager,pr,4,"Bryce - (Dallas, TX) - The Landing at McCallum",
7008-000,7008-000 Property Manager,pr,4,"Emilio - (Houston, TX) - Walnut Creek",
7009,7009 Promotional - Giveaways & Swag,m,2,"Guillermo - (Canyon, TX) - - Torres Evolution Canyon",
7009-000,7009-000 Office Staff Bonus,pr,4,"Emilio - (Houston, TX) - Walnut Creek",
70095,70095 Training & Education Fees,ad,2,"Yonnic - (Lubbock, TX) - Estrada South II",
70097,70097 Travel,ad,2,"Yonnic - (Lubbock, TX) - Estrada South II",
7010,7010 Bank Charges & Fees,ad,2,"Yonnic -  (Waco, TX) - West Campus Lofts",
7010,7010 - Hvac,rm,2,"Paul - (Killeen, TX ) - The Grove at Killeen",
7010,7010 Office Supplies,ad,2,"Yonnic - (Elk City, OK) - Granite Landing Apartments","recoded from 'pr' (standardized to majority ({'ad': 253, 'm': 4, 'pr': 2}))"
7010-000,7010-000 Maintenance Staff Bonus,pr,2,"Emilio - (Houston, TX) - Walnut Creek",
7010-0000,7010-0000 Resident Retention Functions,ad,4,"Yonnic - (Beaumont, TX) - Autumn Oaks",
7010.0001,7010.0001 - A/C,rm,4,"Bryce - (Houston, TX) - The Lofts at 3402",
7010.0002,7010.0002 - Appliances,rm,4,"Bryce - (Houston, TX) - The Lofts at 3402",
7010.0003,7010.0003 - Boilers,rm,2,"Bryce - (Houston, TX) - Fairfield Cove",
7010.0004,7010.0004 - Building,rm,2,"Bryce - (Houston, TX) - Fairfield Cove",
7010.0005,7010.0005 - Carpet Cleaning,rm,4,"Bryce - (Houston, TX) - The Lofts at 3402",
7010.0007,7010.0007 - Cleaning And Make Ready Labor,rm,4,"Bryce - (Houston, TX) - The Lofts at 3402",
7010.0008,7010.0008 - Cleaning And Supplies,rm,4,"Bryce - (Houston, TX) - The Lofts at 3402",
7010.0009,7010.0009 - Electrical,rm,4,"Bryce - (Houston, TX) - The Lofts at 3402",
7010.0011,7010.0011 - Flooring Labor,rm,2,"Bryce - (Houston, TX) - The Lofts at 3402",
7010.0012,7010.0012 - Flooring Materials,rm,2,"Bryce - (Houston, TX) - Fairfield Cove",
7010.0014,7010.0014 - Hardware,rm,4,"Bryce - (Houston, TX) - The Lofts at 3402",
7010.0015,7010.0015 - Keys And Locks,rm,4,"Bryce - (Houston, TX) - The Lofts at 3402",
7010.0016,7010.0016 - Landscaping,cs,2,"Bryce - (Houston, TX) - Fairfield Cove","recoded from 'rm' (standardized to majority ({'cs': 148, 'rm': 6}))"
7010.0017,7010.0017 - Lighting,rm,4,"Bryce - (Houston, TX) - The Lofts at 3402",
7010.0019,7010.0019 - Paint Labor,rm,4,"Bryce - (Houston, TX) - The Lofts at 3402",
7010.0020,7010.0020 - Paint Materials,rm,4,"Bryce - (Houston, TX) - The Lofts at 3402",
7010.0022,7010.0022 - Plumbing Materials,rm,4,"Bryce - (Houston, TX) - The Lofts at 3402",
7010.0023,7010.0023 - Plumbing service/repair,rm,2,"Bryce - (Houston, TX) - Fairfield Cove",
7010.0024,7010.0024 - Pool,rm,4,"Bryce - (Houston, TX) - The Lofts at 3402",
7010.0026,7010.0026 - Sheet Rock Repairs,rm,4,"Bryce - (Houston, TX) - The Lofts at 3402",
7010.0027,7010.0027 - Smoke Detectors,rm,4,"Bryce - (Houston, TX) - The Lofts at 3402",
7010.0028,7010.0028 - Supplies,rm,4,"Bryce - (Houston, TX) - The Lofts at 3402",
7010.0031,7010.0031 - Windows And Glass,rm,4,"Bryce - (Houston, TX) - The Lofts at 3402",
7010.0032,7010.0032 - Gate Repair,rm,4,"Bryce - (Houston, TX) - The Lofts at 3402",
7010.0033,7010.0033 - Carpet- Water Extraction,rm,2,"Bryce - (Houston, TX) - The Lofts at 3402",
7010.0036,7010.0036 - Subfoor Repairs,rm,2,"Bryce - (Houston, TX) - Fairfield Cove",
7010.5,7010.5 online payment service charge,ad,2,"Emilio - (Houston, TX) - Los Pinos",
70100,70100 Electric - Billable,e,2,"David - (Waco, TX) - Eleven06 on 35",
701001,701001 - Legal Fees,ad,2,"Paul - (Fort Worth, TX) - Aden Crest",
7011,7011 Appeal - Model Expense,m,2,"Guillermo - (Canyon, TX) - - Torres Evolution Canyon",
7011,7011 Bank Service Charges,ad,2,"Emilio - (Houston, TX) - Los Pinos",
70110,70110 Electric - Common Areas,e,2,"David - (Waco, TX) - Eleven06 on 35",
70111-,70111- Connect Redecorating,cs,2,"Danny - (Dallas, TX) - Magnolia on Gaston",
7012,7012 Blue Moon Leasing Costs,m,2,"Emilio - (Houston, TX) - Los Pinos","recoded from 'ad' (standardized to majority ({'m': 4, 'ad': 4}))"
7012,7012 Clubhouse Appeal,m,2,"Guillermo - (Canyon, TX) - - Torres Evolution Canyon",
7012,7012 Payroll - Assistant Manager,pr,4,"Bryce - (Dallas, TX) - The Landing at McCallum",
7012-000,7012-000 Assistant Manager,pr,2,"Emilio - (Houston, TX) - Walnut Creek",
7013,7013 Advertising - Internet Vendors,m,2,"Guillermo - (Canyon, TX) - - Torres Evolution Canyon",
7013,7013 Payroll - Leasing Agent,pr,4,"Bryce - (Dallas, TX) - The Landing at McCallum",
7013-000,7013-000 Leasing Agent,pr,4,"Emilio - (Houston, TX) - Walnut Creek",
7014,7014 Computer hardware or software,ad,2,"Emilio - (Houston, TX) - Los Pinos",
7014-000,7014-000 Office Staff OT,pr,2,"Emilio - (Houston, TX) - Walnut Creek",
7015,7015 Credit & Background Checks,ad,2,"Emilio - (Houston, TX) - Los Pinos",
7015,7015 Management Fees,mf,2,"Yonnic -  (Waco, TX) - West Campus Lofts",
7015-000,7015-000 Maintenance Staff OT,pr,2,"Emilio - (Houston, TX) - Walnut Creek",
7015-0000,7015-0000 Office Supplies,ad,4,"Yonnic - (Beaumont, TX) - Autumn Oaks",
7016,7016 Payroll - Maintenance Foreman,pr,4,"Bryce - (Dallas, TX) - The Landing at McCallum",
7016-000,7016-000 Maintenance Supervisor,pr,2,"Emilio - (Houston, TX) - Walnut Creek",
7017,7017 Eviction and related fees,ad,2,"Emilio - (Houston, TX) - Los Pinos",
7020,7020 Advertising And Promotion,m,2,"Yonnic - (Elk City, OK) - Granite Landing Apartments","recoded from 'pr' (standardized to majority ({'ad': 3, 'm': 4, 'pr': 2}))"
7020,7020 Credit Verification/Tenant Background,ad,2,"Yonnic -  (Waco, TX) - West Campus Lofts",
7020,7020 Payroll - Maintenance Labor,pr,4,"Bryce - (Dallas, TX) - The Landing at McCallum",
7020,7020 Referral - Resident Referral Fees,m,2,"Guillermo - (Canyon, TX) - - Torres Evolution Canyon",
7020-000,7020-000 Service Technician,pr,4,"Emilio - (Houston, TX) - Walnut Creek",
7020-0000,7020-0000 Data Services - Telephone/Internet,ad,4,"Yonnic - (Beaumont, TX) - Autumn Oaks",
70200,70200 Electric - Vacant,e,2,"David - (Waco, TX) - Eleven06 on 35",
702001,702001 - Accounting Fees,mf,2,"Paul - (Fort Worth, TX) - Aden Crest","recoded from 'ad' (standardized to majority ({'ad': 19, 'mf': 20}))"
7021,7021 Management Fees,mf,2,"Emilio - (Houston, TX) - Los Pinos",
7022,7022 Meals & Entertainment,ad,2,"Emilio - (Houston, TX) - Los Pinos","recoded from 'mf' (standardized to majority ({'ad': 46, 'mf': 2}))"
7023,7023 Office Supplies,ad,2,"Emilio - (Houston, TX) - Los Pinos",
7024,7024 Property Management Software,ad,2,"Emilio - (Houston, TX) - Los Pinos",
7025,7025 Licenses & Fees - Software,ad,2,"Yonnic -  (Waco, TX) - West Campus Lofts",
7025-0000,7025-0000 Answering Services,ad,4,"Yonnic - (Beaumont, TX) - Autumn Oaks",
7026,7026 Permits and Fees,ad,2,"Emilio - (Houston, TX) - Los Pinos",
7028,7028 Payroll - Porter,pr,2,"Bryce - (Dallas, TX) - The Landing at McCallum",
7028-000,7028-000 Groundskeeper,pr,2,"Emilio - (Houston, TX) - Walnut Creek",
7029-000,7029-000 Mileage Reimbursement,rm,4,"Emilio - (Houston, TX) - Walnut Creek","recoded from 'pr' (standardized to majority ({'rm': 14, 'ad': 7, 'pr': 6}))"
7030,"7030 Dues, Books & Subscriptions",ad,2,"Yonnic -  (Waco, TX) - West Campus Lofts",
7030,7030 - Electrical Repairs/Supplies,rm,2,"Paul - (Killeen, TX ) - The Grove at Killeen",
7030,7030 Postage And Delivery,ad,2,"Yonnic - (Elk City, OK) - Granite Landing Apartments","recoded from 'pr' (standardized to majority ({'ad': 29, 'pr': 2}))"
7030-000,7030-000 Employee Recruitment,pr,4,"Emilio - (Houston, TX) - Walnut Creek",
7030-0000,7030-0000 Computer Software Services,ad,4,"Yonnic - (Beaumont, TX) - Autumn Oaks",
7035,7035 License & Inspection Fees - City,ad,2,"Yonnic -  (Waco, TX) - West Campus Lofts",
7035,7035 Software Expense,ad,2,"Yonnic - (Elk City, OK) - Granite Landing Apartments","recoded from 'pr' (standardized to majority ({'ad': 6, 'pr': 2}))"
7035-0000,7035-0000 Licenses/Permits/Dues,ad,4,"Yonnic - (Beaumont, TX) - Autumn Oaks",
7039,7039 Business Expense - Other,pr,2,"Yonnic - (Elk City, OK) - Granite Landing Apartments",
7040,7040 Answering Service,ad,2,"Yonnic -  (Waco, TX) - West Campus Lofts",
7040,7040 - Building Repairs/Supplies,rm,2,"Paul - (Killeen, TX ) - The Grove at Killeen",
7040-0000,7040-0000 Bank Charges,ad,4,"Yonnic - (Beaumont, TX) - Autumn Oaks",
70400,70400 Natural Gas - Billable,o,2,"David - (Waco, TX) - Eleven06 on 35",
70410,70410 Natural Gas - Common,o,2,"David - (Waco, TX) - Eleven06 on 35",
7042,7042 - Building Repairs - Ext,rm,2,"Paul - (Killeen, TX ) - The Grove at Killeen",
7045,7045 - Maintenance Supplies,rm,5,"Paul - (Killeen, TX) - Windchase",
7045,7045 Phone & Internet Expenses,ad,2,"Yonnic -  (Waco, TX) - West Campus Lofts",
7050,7050 - Appliance Repairs & Supplies,rm,2,"Paul - (Killeen, TX ) - The Grove at Killeen",
7050,7050 IT & Computer Expense,ad,2,"Yonnic -  (Waco, TX) - West Campus Lofts",
7050.000,7050.000 TRASH DISPOSAL,tr,2,"Greg- (Arlington, TX) - Pine Ridge Apartments",
70500,70500 Water & Sewer,w,2,"David - (Waco, TX) - Eleven06 on 35",
7055,7055 Meals & Entertainment,ad,2,"Yonnic -  (Waco, TX) - West Campus Lofts",
7055-0000,7055-0000 Evictions Fees Et Legal,ad,2,"Emilio - (Pasadena, TX) - Strawberry Flats",
7055-0000,7055-0000 Evictions Fees & Legal,ad,2,"Yonnic - (Beaumont, TX) - Autumn Oaks",
7060,7060 - Carpet Cleaning & Repair,rm,2,"Paul - (Killeen, TX ) - The Grove at Killeen",
7060-0000,7060-0000 Tax Consulting Fees,ad,2,"Emilio - (Pasadena, TX) - Strawberry Flats",
70600,70600 Utility Meter Reading Fees,o,2,"David - (Waco, TX) - Eleven06 on 35","recoded from 'w' (standardized to majority ({'cs': 2, 'o': 4, 'w': 2}))"
7062,7062 - Vinyl Replacement,rm,2,"Paul - (Killeen, TX ) - The Grove at Killeen",
7063,7063 - Safety & Fire Supplies,cs,2,"Paul - (Killeen, TX ) - The Grove at Killeen","recoded from 'rm' (standardized to majority ({'cs': 2, 'rm': 2}))"
7065,7065 Merchant Service Fee,ad,2,"Yonnic -  (Waco, TX) - West Campus Lofts",
7065-0000,7065-0000 Auditing Et Accounting Fees,ad,2,"Emilio - (Pasadena, TX) - Strawberry Flats",
7070,7070 Office Supplies & Expenses,ad,2,"Yonnic -  (Waco, TX) - West Campus Lofts",
7070,7070 - Paint/Paint Supplies,rm,2,"Paul - (Killeen, TX ) - The Grove at Killeen",
7070-0000,7070-0000 Copying & Printing,ad,2,"Yonnic - (Beaumont, TX) - Autumn Oaks",
7075,7075 Postage,ad,2,"Yonnic -  (Waco, TX) - West Campus Lofts",
7075-0000,7075-0000 Postage & Delivery,ad,2,"Yonnic - (Beaumont, TX) - Autumn Oaks",
7075-0000,7075-0000 Postage Et Delivery,ad,2,"Emilio - (Pasadena, TX) - Strawberry Flats",
70750,70750 Trash Collection / Removal,tr,2,"David - (Waco, TX) - Eleven06 on 35",
70760,70760 Bulk Trash Pick-Up,tr,2,"David - (Waco, TX) - Eleven06 on 35",
7077,"7077 - Window, Screen & Glass",rm,5,"Paul - (Killeen, TX) - Windchase",
7079,"7079 - Small Tools, Hardware & Equip",rm,2,"Paul - (Killeen, TX ) - The Grove at Killeen",
7080,7080 - Apt. Cleaning & Janitorial,rm,2,"Paul - (Killeen, TX ) - The Grove at Killeen",
7080-0000,7080-0000 Mileage/Auto/Travel,ad,2,"Yonnic - (Beaumont, TX) - Autumn Oaks",
7082,7082 - Janitorial - Supplies,rm,2,"Paul - (Killeen, TX ) - The Grove at Killeen",
7085,7085 - Make Ready Expense,rm,2,"Paul - (Killeen, TX ) - The Grove at Killeen",
7085-0000,7085-0000 Payment Processing Fee,ad,2,"Yonnic - (Beaumont, TX) - Autumn Oaks",
7090,7090 - Pool Repair,rm,2,"Paul - (Killeen, TX ) - The Grove at Killeen",
7090,7090 TAA - License & Clicks,ad,2,"Yonnic -  (Waco, TX) - West Campus Lofts",
709001,709001 - Other Professional Fees And Services,ad,2,"Paul - (Fort Worth, TX) - Aden Crest",
7095-0000,7095-0000 Uniforms,ad,4,"Yonnic - (Beaumont, TX) - Autumn Oaks",
7100,7100 Evictions & Court Fees,ad,2,"Yonnic -  (Waco, TX) - West Campus Lofts",
7100,"7100 Interest, Insurance & Taxes - Other",i,2,"Yonnic - (Mount Pleasant, TX) - Shady Oaks",
7100-000,7100-000 Payroll Taxes,pr,4,"Emilio - (Houston, TX) - Walnut Creek",
7100-0000,7100-0000 Professional Development,ad,4,"Yonnic - (Beaumont, TX) - Autumn Oaks",
7100.000,7100.000 INTERIOR REPAIRS & MAINTENANCE - Other,rm,2,"Greg- (Arlington, TX) - Pine Ridge Apartments",
7101,7101 Payroll Related - Payroll Taxes,pr,4,"Bryce - (Dallas, TX) - The Landing at McCallum",
7101.000,7101.000 HVAC REPAIRS AND MAINTENANCE,rm,2,"Greg- (Arlington, TX) - Pine Ridge Apartments",
71010,71010 · Lawn Maintenance,cs,2,"Jackson - (Whitehouse, TX)- The Villas at Hamilton Park",
7102.0000,7102.0000 - Manager,pr,18,"- (Longview, TX) - Highland Village",
71020,71020 · Repairs & Maintenance,rm,2,"Jackson - (Whitehouse, TX)- The Villas at Hamilton Park",
7103.0000,7103.0000 - Assistant Manager,pr,14,"- (Longview, TX) - Highland Village",
7104,7104 Payroll Related - Health Insurance,pr,4,"Bryce - (Dallas, TX) - The Landing at McCallum",
7104,7104 Software,ad,2,"Emilio - (Arlington, TX) - Chalet Apartments",
7104-000,7104-000 Employee Benefits,pr,4,"Emilio - (Houston, TX) - Walnut Creek",
7104.0000,7104.0000 - Leasing Consultants,pr,2,"- (Porter, TX) - Montgomery Pines",
7105,7105 Uniforms,ad,2,"Yonnic -  (Waco, TX) - West Campus Lofts",
7105-000,7105-000 Payroll Processing Fees,pr,4,"Emilio - (Houston, TX) - Walnut Creek",
7105.0000,7105.0000 - Maintenance Supervisor,pr,18,"- (Longview, TX) - Highland Village",
7105.0100,7105.0100 - Maint. Tech/Groundskeeper,pr,14,"- (Longview, TX) - Highland Village",
71050,71050 · Property Tax,tx,2,"Jackson - (Whitehouse, TX)- The Villas at Hamilton Park",
7106,7106 Admin Corp,ad,2,"Yonnic -  (Waco, TX) - West Campus Lofts",
7106,7106 Bank Fees,ad,2,"Emilio - (Arlington, TX) - Chalet Apartments",
7106.0000,7106.0000 - Fica/Medicare,pr,18,"- (Longview, TX) - Highland Village",
7107,7107 Industry Association Membership,ad,2,"Emilio - (Arlington, TX) - Chalet Apartments",
7107.0000,7107.0000 - Federal Unemployment,pr,18,"- (Longview, TX) - Highland Village",
7108,7108 Payroll Related - Other Benefits,pr,4,"Bryce - (Dallas, TX) - The Landing at McCallum",
7108.0000,7108.0000 - State Unemployment,pr,18,"- (Longview, TX) - Highland Village",
7109.0000,7109.0000 - Worker'S Comp Insurance,pr,18,"- (Longview, TX) - Highland Village",
7110,7110 License & Inspection Fees,ad,2,"Emilio - (Arlington, TX) - Chalet Apartments",
7110,7110 Make Readies,rm,2,"Yonnic - (Elk City, OK) - Granite Landing Apartments",
7110,"7110 Training, Seminars & Education",ad,2,"Yonnic -  (Waco, TX) - West Campus Lofts",
7110.0000,7110.0000 - Health/Life & Liability Ins.,pr,18,"- (Longview, TX) - Highland Village",
7110.0001,7110.0001 - Alarm Systems,cs,4,"Bryce - (Houston, TX) - The Lofts at 3402",
7110.0002,7110.0002 - Answering Service,ad,4,"Bryce - (Houston, TX) - The Lofts at 3402",recoded from 'cs' (house rule: telephone/answering -> ad)
7110.0003,7110.0003 - Cofee Machine,cs,2,"Bryce - (Houston, TX) - Fairfield Cove",
7110.0006,7110.0006 - Grounds Maintenance,rm,4,"Bryce - (Houston, TX) - The Lofts at 3402","recoded from 'cs' (standardized to majority ({'rm': 16, 'cs': 6}))"
7110.0008,7110.0008 - Payphone Rental,cs,4,"Bryce - (Houston, TX) - The Lofts at 3402",
7110.0009,7110.0009 - Pest Service,cs,4,"Bryce - (Houston, TX) - The Lofts at 3402",
7110.0015,7110.0015 - Utility Billing Service,ad,4,"Bryce - (Houston, TX) - The Lofts at 3402","recoded from 'cs' (standardized to majority ({'ad': 10, 'o': 9, 'cs': 4}))"
7110.0051,7110.0051 - Gate Maintenance,cs,4,"Bryce - (Houston, TX) - The Lofts at 3402",
7110.0053,7110.0053 - Fitness Equipment Maintenace,cs,2,"Bryce - (Houston, TX) - Fairfield Cove",
7111,7111 Zego / Paylease,ad,2,"Emilio - (Arlington, TX) - Chalet Apartments",
7111.0000,7111.0000 - Uniforms,ad,18,"- (Longview, TX) - Highland Village",recoded from 'pr' (house rule: uniforms -> ad)
7112,7112 Leap / Security Deposit Alternative,ad,2,"Emilio - (Arlington, TX) - Chalet Apartments",
7112,7112 Payroll Related - Workers Compensation,pr,4,"Bryce - (Dallas, TX) - The Landing at McCallum",
7112-000,7112-000 Comp & Liability Insurance,pr,4,"Emilio - (Houston, TX) - Walnut Creek",
7112.0000,7112.0000 - Auto Allowance,pr,16,"- (Longview, TX) - Highland Village",
7113,7113 Payroll Related - Training & Education,pr,4,"Bryce - (Dallas, TX) - The Landing at McCallum",
7115,7115 Other Interest,i,2,"Emilio - (San Antonio, TX) - Las Palmas Townhomes",
7115.000,7115.000 LIGHTING & LIGHTS,rm,2,"Greg- (Arlington, TX) - Pine Ridge Apartments",
7116-000,7116-000 Temporary Help,pr,4,"Emilio - (Houston, TX) - Walnut Creek",
7116.0000,7116.0000 - Bonus,pr,18,"- (Longview, TX) - Highland Village",
7117.0000,7117.0000 - 401K Matching Contribution,pr,8,"- (Longview, TX) - Highland Village",
7120,7120 · Advertising,m,2,"David - (Canton, TX) - Canton Place",
7120,7120 Insurance - Other,i,4,"Greg - (Garland, TX) - Gardens on Walnut",
7120,7120 Liability Insurance,i,2,"Yonnic - (Sulphur Springs, TX) - The Choir",
7120,7120 Property Insurance,i,3,"Paul - (Corsicana, TX) - Northwood Village Apartments",
7120,7120 Repairs And Maintenance,rm,2,"Yonnic - (Elk City, OK) - Granite Landing Apartments",
7120,7120 - Roof Repairs,rm,2,"Paul - (Killeen, TX ) - The Grove at Killeen",
7120,7120 Travel / Mileage Reimbursement,ad,2,"Yonnic -  (Waco, TX) - West Campus Lofts",
7120.000,7120.000 WINDOW COVERINGS,rm,2,"Greg- (Arlington, TX) - Pine Ridge Apartments",
7120.0000,7120.0000 - Employee Benefit-Rent,pr,8,"- (Porter, TX) - Montgomery Pines",
7122,7122 Terrorism Coverage,i,2,"Emilio - (San Antonio, TX) - Las Palmas Townhomes",
7125,7125 - Gate Repairs,rm,2,"Paul - (Killeen, TX ) - The Grove at Killeen",
7125,7125 Insurance General Liability,i,2,"Greg - (Haltom City, TX) - Haltom Oaks",
7125,7125 Property Insurance,i,2,"Yonnic - (Sulphur Springs, TX) - The Choir",
7125.000,7125.000 FRAMING AND DRYWALL,rm,2,"Greg- (Arlington, TX) - Pine Ridge Apartments",
7127,7127 Insurance Umbrella,i,2,"Greg - (Haltom City, TX) - Haltom Oaks",
7130,7130 - Contract Labor,cs,5,"Paul - (Killeen, TX) - Windchase","recoded from 'rm' (standardized to majority ({'cs': 26, 'pr': 12, 'rm': 9}))"
7130,7130 Miscellaneous Taxes,ad,2,"Yonnic -  (Waco, TX) - West Campus Lofts",
7130,7130 Pest Control,cs,2,"Yonnic - (Elk City, OK) - Granite Landing Apartments",
7130,7130 Property Taxes,tx,71,"Paul - (Corsicana, TX) - Northwood Village Apartments",
7130.000,7130.000 APPLIANCE REPAIRS AND PARTS,rm,2,"Greg- (Arlington, TX) - Pine Ridge Apartments",
7131,7131 - Annual Inspections,rm,3,"Paul - (Killeen, TX) - Windchase",
7131,7131 Property Tax Protest Fees,tx,8,"Greg - (Irving, TX) - Mandalay Apartments",
7132,7132 Prior Year Property Tax,tx,2,"Guillermo - (Bryan, TX) - West University Gardens",
7135.000,7135.000 BATH AND KITCHEN DECOR,rm,2,"Greg- (Arlington, TX) - Pine Ridge Apartments",
7140,7140 · Automobile,ad,2,"David - (Canton, TX) - Canton Place",
7140,7140 - Misc Supplies,rm,2,"Paul - (Killeen, TX ) - The Grove at Killeen",
7140.000,7140.000 PLUMBING SUPPLIES AND SERVICES,rm,2,"Greg- (Arlington, TX) - Pine Ridge Apartments",
7142,7142 Franchise Tax,tx,2,"Yonnic - (Sulphur Springs, TX) - The Choir",
7143,7143 Umbrella,ad,4,"Trey - (Fate, TX) - The Villages at Fate",1xi
7145,7145 Other Insurance & Taxes,tx,6,"Greg - (Garland, TX) - Casa Del Mar",1xi
7145.0000,7145.0000 - Payroll Services,pr,18,"- (Longview, TX) - Highland Village",
7146,7146 SCHOOL TAX SMALL,tx,2,"Yonnic - (Sulphur Springs, TX) - The Choir",
7146,7146 Tax Preparation,ad,2,"Yonnic - (Mount Pleasant, TX) - Shady Oaks","recoded from 'tx' (standardized to majority ({'ad': 2, 'tx': 2}))"
7146.1,7146.1 SCHOOL TAX BIG,tx,2,"Yonnic - (Sulphur Springs, TX) - The Choir",
7147,7147 CITY TAX SMALL,tx,2,"Yonnic - (Sulphur Springs, TX) - The Choir",
7147.1,7147.1 CITY TAX BIG,tx,2,"Yonnic - (Sulphur Springs, TX) - The Choir",
7148,7148 COUNTY HOSPITAL SMALL,tx,2,"Yonnic - (Sulphur Springs, TX) - The Choir",
7148.1,7148.1 COUNTY HOSPITAL 2,tx,2,"Yonnic - (Sulphur Springs, TX) - The Choir",
7150,7150 Landscaping And Groundskeeping,rm,2,"Yonnic - (Elk City, OK) - Granite Landing Apartments",
7150,7150 Miscellaneous Expenses,ad,2,"Yonnic -  (Waco, TX) - West Campus Lofts",
7150.000,7150.000 ELECTRICAL SUPPLIES AND SERVICES,rm,2,"Greg- (Arlington, TX) - Pine Ridge Apartments",
7150.0000,7150.0000 - Contract Labor,cs,6,"- (Porter, TX) - Montgomery Pines","recoded from 'pr' (standardized to majority ({'cs': 26, 'pr': 12, 'rm': 9}))"
7160,7160 - Access Gate,rm,3,"Paul - (Killeen, TX) - Windchase",
7160-0000,7160-0000 Salary- Manager,pr,4,"Yonnic - (Beaumont, TX) - Autumn Oaks",
7160.000,7160.000 PEST CONTROL,rm,2,"Greg- (Arlington, TX) - Pine Ridge Apartments",
7165-0000,7165-0000 Salary- Assistant Manager,pr,2,"Emilio - (Pasadena, TX) - Strawberry Flats",
7170-0000,7170-0000 Salary- Leasing Agent,pr,4,"Yonnic - (Beaumont, TX) - Autumn Oaks",
7170.000,7170.000 CABINETS AND COUNTERS,rm,2,"Greg- (Arlington, TX) - Pine Ridge Apartments",
7175-0000,7175-0000 Salary- Maintenance Lead,pr,2,"Yonnic - (Beaumont, TX) - Autumn Oaks",
7175.000,7175.000 BATHTUBS AND SINKS,rm,2,"Greg- (Arlington, TX) - Pine Ridge Apartments",
7176-0000,7176-0000 Salary - Assistant Maintenance,pr,2,"Yonnic - (Beaumont, TX) - Autumn Oaks",
7180,7180 · Bank Fees,ad,2,"David - (Canton, TX) - Canton Place",
7180.000,7180.000 KEYS/ LOCKS/DOORS/WINDOWS,rm,2,"Greg- (Arlington, TX) - Pine Ridge Apartments",
7185,7185 · Cleaning & maintenance,rm,2,"David - (Canton, TX) - Canton Place",
7185-0000,7185-0000 Salary- Make Ready,pr,2,"Yonnic - (Beaumont, TX) - Autumn Oaks",
7185.000,7185.000 MAINTENANCE SMALL TOOLS & PARTS,rm,2,"Greg- (Arlington, TX) - Pine Ridge Apartments",
7190.000,7190.000 MAINTENANCE SUPPLIES,rm,2,"Greg- (Arlington, TX) - Pine Ridge Apartments",
7196-0000,7196-0000 Bonuses,pr,2,"Yonnic - (Beaumont, TX) - Autumn Oaks",
7200,7200 Management Company Charges - Other,mf,2,"Yonnic - (Mount Pleasant, TX) - Shady Oaks",
7200,7200 - Pest Control,cs,5,"Paul - (Killeen, TX) - Windchase",
7200-1600,7200-1600 Temp Office Staff,pr,2,"Yonnic - (Beaumont, TX) - Autumn Oaks",
7200.000,7200.000 EXTERIOR REPAIRS & MAINTENANCE - Other,rm,2,"Greg- (Arlington, TX) - Pine Ridge Apartments",
7201.0000,7201.0000 - Annual Audit Fees,ad,2,"- (Longview, TX) - Millie Street",
72010,72010 · Vacant Unit - Electricity,e,2,"Jackson - (Whitehouse, TX)- The Villas at Hamilton Park",
7202-0000,7202-0000 Contract/ Temp Labor,pr,4,"Yonnic - (Beaumont, TX) - Autumn Oaks",
7202.0000,7202.0000 - Tax Return Preparation Fee,ad,14,"- (Longview, TX) - Highland Village",
72020,72020 · Vacant Unit - Water / Sewer,w,2,"Jackson - (Whitehouse, TX)- The Villas at Hamilton Park",
72030,72030 · Lawn Irrigation,cs,2,"Jackson - (Whitehouse, TX)- The Villas at Hamilton Park",
7205-0000,7205-0000 Commissions,pr,4,"Yonnic - (Beaumont, TX) - Autumn Oaks",
7207,7207 Office - General Office Expense,ad,2,"Guillermo - (Canyon, TX) - - Torres Evolution Canyon",
72070,72070 - Salary: Payroll & Benefits Processing Fees,pr,2,"Dylan - (Houston, TX) - Corridor at Westchase",
7208,7208 Office - Equipment & Maintenance,ad,2,"Guillermo - (Canyon, TX) - - Torres Evolution Canyon",
7209,7209 Bad Debts,ad,2,"Guillermo - (Canyon, TX) - - Torres Evolution Canyon",
7210,7210 Asset Management Fees,mf,6,"Yonnic - (Sulphur Springs, TX) - The Choir",
7210,7210 - Landscape Maintenance,cs,5,"Paul - (Killeen, TX) - Windchase",
7210-0000,7210-0000 Employee Benefits Taxes Et Servicing,pr,2,"Emilio - (Pasadena, TX) - Strawberry Flats",
7210-0000,7210-0000 Employee Benefits Taxes & Servicing,pr,2,"Yonnic - (Beaumont, TX) - Autumn Oaks",
7210.000,7210.000 BUILDING EXTERIOR,rm,2,"Greg- (Arlington, TX) - Pine Ridge Apartments",
7210.0000,7210.0000 - Compliance Monitoring Fees,ad,18,"- (Longview, TX) - Highland Village",
72100,72100 Property Insurance,i,2,"David - (Waco, TX) - Eleven06 on 35",
7218,7218 Office - Supplies,ad,2,"Guillermo - (Canyon, TX) - - Torres Evolution Canyon",
7220,7220 Management Fees,mf,48,"Paul - (Corsicana, TX) - Northwood Village Apartments",
7220,7220 Office - Telephone,ad,2,"Guillermo - (Canyon, TX) - - Torres Evolution Canyon",
7220,7220 - Pool Maintenance,rm,5,"Paul - (Killeen, TX) - Windchase","recoded from 'cs' (standardized to majority ({'rm': 15, 'cs': 8}))"
7220,7220 Property Management Fees,mf,6,"Trey - (Fate, TX) - The Villages at Fate",
7220.000,7220.000 POOL REPAIRS AND SERVICES,rm,2,"Greg- (Arlington, TX) - Pine Ridge Apartments",
7221,7221 General - Bank Charges,ad,2,"Guillermo - (Canyon, TX) - - Torres Evolution Canyon",
7223,7223 Office - Computer Software License Fees,ad,2,"Guillermo - (Canyon, TX) - - Torres Evolution Canyon",
7225,7225 - Security Services,cs,5,"Paul - (Killeen, TX) - Windchase",
7225.000,7225.000 POOL SUPPLIES & EQUIPMENT,rm,2,"Greg- (Arlington, TX) - Pine Ridge Apartments",
7230,7230 Accounting Fees,mf,20,"Greg - (Lewisville, TX) - Mason on Main",3xad
7230.000,7230.000 LANDSCAPING,cs,2,"Greg- (Arlington, TX) - Pine Ridge Apartments","recoded from 'rm' (standardized to majority ({'cs': 148, 'rm': 6}))"
7231,7231 General - Website Design & Maintenance,ad,2,"Guillermo - (Canyon, TX) - - Torres Evolution Canyon",
7235.000,"7235.000 PARKING LOT, FENCING AND GROUNDS REPAIRS",rm,2,"Greg- (Arlington, TX) - Pine Ridge Apartments",
7239,7239 Employee - Recognition,ad,2,"Guillermo - (Canyon, TX) - - Torres Evolution Canyon",
7245,7245 Professional Fees,ad,4,"Yonnic - (Garrison, TX) - Appleby Courtyard",1xmf
7247,7247 Contractual Services - Key Trak System,cs,4,"Bryce - (Dallas, TX) - The Landing at McCallum",
7250,7250 - Answering Service,ad,5,"Paul - (Killeen, TX) - Windchase",recoded from 'cs' (house rule: telephone/answering -> ad)
7250,7250 Travel Expenses,ad,2,"Greg - (San Antonio, TX ) - Lodge at Timberhill",
7251,7251 Contractual Services - Grounds Contract,cs,4,"Bryce - (Dallas, TX) - The Landing at McCallum",
7251,7251 Lodging - Management,mf,2,"Yonnic - (Nacogdoches, TX) - The Colonial",
7251-000,7251-000 Grounds Contract,cs,4,"Emilio - (Houston, TX) - Walnut Creek",
7253,7253 Contractual Services - Electronic Monitoring,cs,4,"Bryce - (Dallas, TX) - The Landing at McCallum",
7255,7255 Contractual Services - Patrol Service,cs,4,"Bryce - (Dallas, TX) - The Landing at McCallum",
7255.000,7255.000 FIRE & PROTECTION EQUIPMENT,rm,2,"Greg- (Arlington, TX) - Pine Ridge Apartments",
7256-000,7256-000 Fire Alarm Monitoring,cs,2,"Emilio - (Houston, TX) - Walnut Creek",
7259-000,7259-000 Trash Contract,tr,4,"Emilio - (Houston, TX) - Walnut Creek",
7260,7260 Other Management Co. Charges,mf,2,"Emilio - (Balch Springs, TX) - The Elinor on Elam",
7260.000,7260.000 INSPECTIONS & PERMITS,rm,2,"Greg- (Arlington, TX) - Pine Ridge Apartments",
7262-000,7262-000 Security Contract,cs,2,"Emilio - (Houston, TX) - Walnut Creek",
7263-000,7263-000 Pest Control Contract,cs,4,"Emilio - (Houston, TX) - Walnut Creek",
7264-000,7264-000 Fire Protection,cs,2,"Emilio - (Houston, TX) - Walnut Creek",
7265-000,7265-000 Pool Contract,cs,2,"Emilio - (Houston, TX) - Walnut Creek",
7267-000,7267-000 Professional Services,ad,2,"Guillermo - (Ennis, TX) - Ensign Apartments","recoded from 'cs' (standardized to majority ({'ad': 23, 'cs': 2}))"
7268-000,7268-000 Tax Prep,cs,2,"Emilio - (Houston, TX) - Walnut Creek",
7269-000,7269-000 Property Management Software,ad,4,"Emilio - (Houston, TX) - Walnut Creek","recoded from 'cs' (standardized to majority ({'ad': 12, 'cs': 4}))"
7270,7270 - Bookkeeping Fees,ad,2,"Paul - (West Colombia, TX) - Whispering Pines",
7280-0000,7280-0000 Contract Landscaping,cs,4,"Yonnic - (Beaumont, TX) - Autumn Oaks",
7281-000,7281-000 Fitness Equipment Maintenance,cs,2,"Emilio - (Houston, TX) - Walnut Creek",
7285-0000,7285-0000 Landscaping Supplies,rm,2,"Emilio - (Pasadena, TX) - Strawberry Flats","recoded from 'cs' (standardized to majority ({'rm': 16, 'cs': 2}))"
7290-0000,7290-0000 Trash Removal,tr,4,"Yonnic - (Beaumont, TX) - Autumn Oaks",
7295-0000,7295-0000 Pest Control,cs,4,"Yonnic - (Beaumont, TX) - Autumn Oaks",
7296-0000,7296-0000 Courtesy Patrol,cs,4,"Yonnic - (Beaumont, TX) - Autumn Oaks",
7300.000,7300.000 MAKE-READY - Other,rm,2,"Greg- (Arlington, TX) - Pine Ridge Apartments",
73010,73010 · Internet Advertising,m,2,"Jackson - (Whitehouse, TX)- The Villas at Hamilton Park",
7302,7302 - Water,w,5,"Paul - (Killeen, TX) - Windchase",
7302.0000,7302.0000 - Advertising,m,4,"- (Paris, TX) - Town Parc",
7302.0500,7302.0500 - Apartment Magazines,m,6,"- (Longview, TX) - Highland Village",
7303.0000,7303.0000 - Signage,m,18,"- (Longview, TX) - Highland Village",
7304,7304 - Wastewater,w,5,"Paul - (Killeen, TX) - Windchase",
7305.0000,7305.0000 - Other Marketing/Leasing Broch.,m,18,"- (Longview, TX) - Highland Village",
7306,7306 - Utility Billing Service,ad,5,"Paul - (Killeen, TX) - Windchase","recoded from 'o' (standardized to majority ({'ad': 10, 'o': 9, 'cs': 4}))"
7306.0000,7306.0000 - Call Center Mktg/Promos/Events,m,18,"- (Longview, TX) - Highland Village",
7307,7307 Other Repairs,rm,2,"Emilio - (Arlington, TX) - Chalet Apartments",
7307-000,7307-000 Gas Common Area,o,4,"Emilio - (Houston, TX) - Walnut Creek",
7307.0000,7307.0000 - Resident Retention/Lease Renewal,m,14,"- (Longview, TX) - Crestview",
7308,7308 Plumbing,rm,2,"Emilio - (Arlington, TX) - Chalet Apartments",
7308,7308 Utilities - Common Area,e,4,"Bryce - (Dallas, TX) - The Landing at McCallum",1xo
7308-000,7308-000 Electricity Unit,e,4,"Emilio - (Houston, TX) - Walnut Creek",
7309,7309 Pest Control,rm,2,"Emilio - (Arlington, TX) - Chalet Apartments",
7309,7309 Utilities - Vacants,e,4,"Bryce - (Dallas, TX) - The Landing at McCallum",1xo
7309-000,7309-000 Electricity Vacant Unit,e,4,"Emilio - (Houston, TX) - Walnut Creek",
7310,7310 Advertising,m,2,"Yonnic -  (Waco, TX) - West Campus Lofts",
7310,7310 - Electricity,e,5,"Paul - (Killeen, TX) - Windchase",
7310,7310 Supplies Expense,ad,2,"Emilio - (Arlington, TX) - Chalet Apartments","recoded from 'rm' (standardized to majority ({'ad': 6, 'rm': 4}))"
7310-000,7310-000 Electricity Common,e,4,"Emilio - (Houston, TX) - Walnut Creek",
7310.000,7310.000 - Appliance R&M,rm,3,"Guillermo - (Moore, OK) - Southwinds Apartments",
7310.000,7310.000 CARPET CLEANING AND REPAIRS,rm,2,"Greg- (Arlington, TX) - Pine Ridge Apartments",
73100,73100 Real Estate Tax Expenses,tx,2,"David - (Waco, TX) - Eleven06 on 35",
7311,7311 - Electricity - Vacant,e,5,"Paul - (Killeen, TX) - Windchase",
7311,7311 Internet Advertising,m,2,"Yonnic -  (Waco, TX) - West Campus Lofts",
7311,7311 · M&E 50%,ad,2,"David - (Canton, TX) - Canton Place",
7311.000,7311.000 - Carpeting R&M,rm,3,"Guillermo - (Moore, OK) - Southwinds Apartments",
7311.0000,7311.0000 - Resident/Referral Fees,m,8,"- (Longview, TX) - Highland Village",
7312,7312 Advertising Employment,m,2,"Yonnic -  (Waco, TX) - West Campus Lofts",
7312,7312 Locks & Keys,rm,2,"Emilio - (Arlington, TX) - Chalet Apartments",
7312,7312 Utilities - Gas,o,4,"Bryce - (Dallas, TX) - The Landing at McCallum",
7312.000,7312.000 - Other Flooring R & M,rm,3,"Guillermo - (Moore, OK) - Southwinds Apartments",
7313,7313 - Electric Reimbursement,e,2,"Paul - (Killeen, TX ) - The Grove at Killeen",
7315,7315 · Meals 100%,ad,2,"David - (Canton, TX) - Canton Place",
7315,7315 Model Unit,m,2,"Yonnic -  (Waco, TX) - West Campus Lofts",
7315,7315 Utilities - Water,w,4,"Bryce - (Dallas, TX) - The Landing at McCallum",
7316,7316 Landfill/Dump Fee,rm,2,"Emilio - (Arlington, TX) - Chalet Apartments",
7316,7316 Resident Referral Fees,m,2,"Yonnic -  (Waco, TX) - West Campus Lofts",
7316.000,7316.000 - Screens R&M,rm,3,"Guillermo - (Moore, OK) - Southwinds Apartments",
7317,7317 Electrical,rm,2,"Emilio - (Arlington, TX) - Chalet Apartments",
7317-000,7317-000 Internet & Cable Service Bulk,o,2,"Guillermo - (Ennis, TX) - Ensign Apartments",
7317.000,7317.000 - Blinds,rm,3,"Guillermo - (Moore, OK) - Southwinds Apartments",
7318-000,7318-000 Bulk Fees,oi,2,"Emilio - (Houston, TX) - Walnut Creek",
7319,7319 Utilities - Trash Furniture Removal,tr,4,"Bryce - (Dallas, TX) - The Landing at McCallum",
7319-000,7319-000 Washer/Dryer Hookup Fee,ro,2,"Guillermo - (Ennis, TX) - Ensign Apartments",
7319.000,7319.000 - Locks & Keys,rm,3,"Guillermo - (Moore, OK) - Southwinds Apartments",
7320,7320 - Gas,o,2,"Paul - (Killeen, TX ) - The Grove at Killeen",
7320,7320 Resident Relations,m,2,"Yonnic -  (Waco, TX) - West Campus Lofts",
7320,7320 Utilities - Trash Removal,tr,4,"Bryce - (Dallas, TX) - The Landing at McCallum",
7322,7322 Utilities - Valet Trash Service,tr,4,"Bryce - (Dallas, TX) - The Landing at McCallum",
73298,73298 Franchise Tax,tx,2,"David - (Waco, TX) - Eleven06 on 35",
7330,7330 Bank Fees,ad,2,"Yonnic - (Elk City, OK) - Granite Landing Apartments",
7330,7330 - Trash Removal,tr,5,"Paul - (Killeen, TX) - Windchase",
7330-000,7330-000 Trash Removal,tr,4,"Emilio - (Houston, TX) - Walnut Creek",1xrm
7332,7332 - Valet Waste,tr,2,"Paul - (Killeen, TX ) - The Grove at Killeen",
7335,7335 Utilities - Utility Billing Service,o,4,"Bryce - (Dallas, TX) - The Landing at McCallum",
7340,"7340 Brochures, Floor Plans & Letterhead",m,2,"Yonnic -  (Waco, TX) - West Campus Lofts",
7340,7340 - Cable Tv,o,5,"Paul - (Killeen, TX) - Windchase",
7340.000,7340.000 - HVAC R&M,rm,3,"Guillermo - (Moore, OK) - Southwinds Apartments",
7340.000,7340.000 PAINTING SUPPLIES,rm,2,"Greg- (Arlington, TX) - Pine Ridge Apartments",
7340.001,7340.001 PAINTING CONTRACTOR,rm,2,"Greg- (Arlington, TX) - Pine Ridge Apartments",
7341,7341 - Internet Expense,ad,5,"Paul - (Killeen, TX) - Windchase","recoded from 'o' (standardized to majority ({'ad': 23, 'o': 5}))"
7342.000,7342.000 - Plumbing R&M,rm,3,"Guillermo - (Moore, OK) - Southwinds Apartments",
7344.000,7344.000 - Electrical R&M,rm,3,"Guillermo - (Moore, OK) - Southwinds Apartments",
7346.000,7346.000 - Fire Detection Systems,rm,3,"Guillermo - (Moore, OK) - Southwinds Apartments",
7350,7350 Domain / Website Expenses,m,2,"Yonnic -  (Waco, TX) - West Campus Lofts",
7350,7350 Professional Fees,ad,2,"Yonnic - (Elk City, OK) - Granite Landing Apartments",
7350,7350 - Telephone/Answering Service,ad,5,"Paul - (Killeen, TX) - Windchase",recoded from 'o' (house rule: telephone/answering -> ad)
7350-000,7350-000 Asset Management Fee,mf,2,"Danny - (Tulsa, OK) - Metro Plex",recoded from 'ad' (house rule: management fees always mf)
7350-0000,7350-0000 Electricity- Common Area,e,4,"Yonnic - (Beaumont, TX) - Autumn Oaks",
7350.000,7350.000 CLEANING SUPPLIES,rm,2,"Greg- (Arlington, TX) - Pine Ridge Apartments",
7351-000,7351-000 Carpet Cleaning,rm,4,"Emilio - (Houston, TX) - Walnut Creek",
7353-000,7353-000 General Cleaning,rm,4,"Emilio - (Houston, TX) - Walnut Creek",
7354-000,7354-000 Painting,rm,4,"Emilio - (Houston, TX) - Walnut Creek",
7355-0000,7355-0000 Electricity- Vacant Units,e,4,"Yonnic - (Beaumont, TX) - Autumn Oaks",
7357-000,7357-000 Resurfacing,rm,2,"Emilio - (Houston, TX) - Walnut Creek",
7360,7360 Permit And License Fees,ad,2,"Yonnic - (Elk City, OK) - Granite Landing Apartments",
7360,7360 Signage/Promotional,m,2,"Yonnic -  (Waco, TX) - West Campus Lofts",
7360-0000,7360-0000 Water & Sewer,w,4,"Yonnic - (Beaumont, TX) - Autumn Oaks",
7360.000,7360.000 APARTMENT CLEANING AND CONTRACT,rm,2,"Greg- (Arlington, TX) - Pine Ridge Apartments",
7360.000,7360.000 - Carpentry R&M,rm,3,"Guillermo - (Moore, OK) - Southwinds Apartments",
736001,736001 - Property Taxes,tx,2,"Paul - (Fort Worth, TX) - Aden Crest",
7364.000,7364.000 - Roof R&M,rm,3,"Guillermo - (Moore, OK) - Southwinds Apartments",
7365-0000,7365-0000 Gas- Common Area,o,4,"Yonnic - (Beaumont, TX) - Autumn Oaks",
7369.000,7369.000 - Exterior Siding,rm,3,"Guillermo - (Moore, OK) - Southwinds Apartments",
7370,7370 Dues And Subscriptions,ad,2,"Yonnic - (Elk City, OK) - Granite Landing Apartments",
7370,7370 · Miscellaneous Expenses - Ot...,ad,2,"David - (Canton, TX) - Canton Place",
737001,737001 - Insurance - Property,i,2,"Paul - (Fort Worth, TX) - Aden Crest",
737002,737002 - Insurance - Liability,i,2,"Paul - (Fort Worth, TX) - Aden Crest",
7372-0000,7372-0000 Resident Utility Billing Services,o,4,"Yonnic - (Beaumont, TX) - Autumn Oaks",
7372.000,7372.000 - Concrete R & M,rm,3,"Guillermo - (Moore, OK) - Southwinds Apartments",
7376.000,7376.000 - Pool R&M,rm,3,"Guillermo - (Moore, OK) - Southwinds Apartments",
7380,7380 · - Caritable Donation,ad,2,"David - (Canton, TX) - Canton Place",
7380,7380 Make Ready,rm,2,"Emilio - (Arlington, TX) - Chalet Apartments",
7380,7380 Other Make Ready,rm,2,"Emilio - (Arlington, TX) - Chalet Apartments",
7381,7381 Cleaning,rm,2,"Emilio - (Arlington, TX) - Chalet Apartments",
7383.000,7383.000 - Tools & Equipment,rm,3,"Guillermo - (Moore, OK) - Southwinds Apartments",
7389-0000,7389-0000 Cleaning Supplies/Services,rm,4,"Yonnic - (Beaumont, TX) - Autumn Oaks",
7390,7390 · Computers & Equipment,ad,2,"David - (Canton, TX) - Canton Place",
7391,7391 Trash-Out,rm,2,"Emilio - (Arlington, TX) - Chalet Apartments",
7391-0100,7391-0100 R&M - Appliance Parts,rm,4,"Yonnic - (Beaumont, TX) - Autumn Oaks",
7392-0000,7392-0000 R&M - Blinds,rm,2,"Yonnic - (Beaumont, TX) - Autumn Oaks",
7396-0000,7396-0000 R&M - Building - Exterior,rm,2,"Yonnic - (Beaumont, TX) - Autumn Oaks",
7399-0000,7399-0000 R&M - Carpet/Vinyl/Tile,rm,2,"Yonnic - (Beaumont, TX) - Autumn Oaks",
7399.000,7399.000 - Other Repairs & Maintenance,rm,3,"Guillermo - (Moore, OK) - Southwinds Apartments",
7400,7400 · Office Supplies,ad,2,"David - (Canton, TX) - Canton Place",
7401,7401 Contract Maintenance,cs,2,"Emilio - (Arlington, TX) - Chalet Apartments",
7401.0000,7401.0000 - Property Insurance,i,18,"- (Longview, TX) - Highland Village",
7402,7402 Contract Landscaping / Lawncare,cs,2,"Emilio - (Arlington, TX) - Chalet Apartments",
74020,74020 · Legal & Professional Fees,ad,2,"Jackson - (Whitehouse, TX)- The Villas at Hamilton Park",
7403,7403 Contract Pest Control,cs,2,"Emilio - (Arlington, TX) - Chalet Apartments",
7403-0000,7403-0000 R&M - Electrical,rm,4,"Yonnic - (Beaumont, TX) - Autumn Oaks",
7403.0000,7403.0000 - Liability Claim Expense,i,4,"Guillermo -  (Abiline, TX) - Anson Park I & II",
74030,74030 · Credit Card Processing Fees,ad,2,"Jackson - (Whitehouse, TX)- The Villas at Hamilton Park",
7404-000,7404-000 Plumbing Repairs,rm,4,"Emilio - (Houston, TX) - Walnut Creek",
74040,74040 · eCheck Processing Fees,ad,2,"Jackson - (Whitehouse, TX)- The Villas at Hamilton Park",
7405,7405 - Marketing And Communication Mgmt.,m,5,"Paul - (Killeen, TX) - Windchase",
7405-0000,7405-0000 R&M - Equipment/Hardware,rm,2,"Yonnic - (Beaumont, TX) - Autumn Oaks",
7405-0000,7405-0000 REM - Equipment/Hardware,rm,2,"Emilio - (Pasadena, TX) - Strawberry Flats",
7406-000,7406-000 Alarms,rm,2,"Emilio - (Houston, TX) - Walnut Creek",
7406-0000,7406-0000 REM- Fire / Safety,rm,2,"Emilio - (Pasadena, TX) - Strawberry Flats",
7406.0000,7406.0000 - E&O/Epl Insurance,i,18,"- (Longview, TX) - Highland Village",
7408-000,7408-000 Electrical Repairs,rm,2,"Emilio - (Houston, TX) - Walnut Creek",
7408-0000,7408-0000 R&M - Keys & Locks,rm,4,"Yonnic - (Beaumont, TX) - Autumn Oaks",
7410,7410 - Advertising,m,5,"Paul - (Killeen, TX) - Windchase",
7410,7410 Salary - Manager,pr,2,"Yonnic -  (Waco, TX) - West Campus Lofts",
7411,7411 Assistant Manager,pr,2,"Yonnic -  (Waco, TX) - West Campus Lofts",
7412,7412 - Internet Advertising,m,3,"Paul - (Killeen, TX) - Windchase",
7412,7412 Leasing,pr,2,"Yonnic -  (Waco, TX) - West Campus Lofts",
7412-000,7412-000 Heating & A/C Maintenance,rm,4,"Emilio - (Houston, TX) - Walnut Creek",
7412-0000,"7412-0000 R&M - Light Bulbs, Lights",rm,4,"Yonnic - (Beaumont, TX) - Autumn Oaks",
7413,7413 Community Assistant,pr,2,"Yonnic -  (Waco, TX) - West Campus Lofts",
7414-0000,7414-0000 Make-ready Expenses - Other,rm,4,"Yonnic - (Beaumont, TX) - Autumn Oaks",
7414-0100,7414-0100 Make-ready Paint / Resurface,rm,4,"Yonnic - (Beaumont, TX) - Autumn Oaks",
7414-0200,7414-0200 Make-ready Carpet Cleaning,rm,4,"Yonnic - (Beaumont, TX) - Autumn Oaks",
7414-0250,7414-0250 Make-ready Cleaning,rm,2,"Yonnic - (Beaumont, TX) - Autumn Oaks",
7416-000,7416-000 Appliance Maintenance,rm,4,"Emilio - (Houston, TX) - Walnut Creek",
7416-0000,7416-0000 R&M - Plumbing,rm,4,"Yonnic - (Beaumont, TX) - Autumn Oaks",
7417-0000,7417-0000 R&M - Pools,rm,2,"Yonnic - (Beaumont, TX) - Autumn Oaks",
7420,7420 Electricity,e,2,"Yonnic - (Elk City, OK) - Granite Landing Apartments",
7420,7420 - Promotions,m,5,"Paul - (Killeen, TX) - Windchase",
7420,7420 Salary - Clerical,pr,2,"Yonnic -  (Waco, TX) - West Campus Lofts",
7420-000,7420-000 Tools/Supplies,rm,4,"Emilio - (Houston, TX) - Walnut Creek",
7422-0000,7422-0000 R&M - Supplies,rm,2,"Yonnic - (Beaumont, TX) - Autumn Oaks",
7425,7425 - Resident Services,m,5,"Paul - (Killeen, TX) - Windchase",
7426-0000,7426-0000 R&M - HVAC,rm,4,"Yonnic - (Beaumont, TX) - Autumn Oaks",
7427-0000,7427-0000 R&M - Gates Maintenance & Repairs,rm,2,"Emilio - (Pasadena, TX) - Strawberry Flats",
7430,7430 Salary - Maintenance,pr,2,"Yonnic -  (Waco, TX) - West Campus Lofts",
7430,7430 Water,w,2,"Yonnic - (Elk City, OK) - Granite Landing Apartments",
7431,7431 Maintenance Supervisor,pr,2,"Yonnic -  (Waco, TX) - West Campus Lofts",
7431-000,7431-000 Pest Control Management,rm,4,"Emilio - (Houston, TX) - Walnut Creek",
7432,7432 Maintenance/Make Ready,pr,2,"Yonnic -  (Waco, TX) - West Campus Lofts",
7435-000,7435-000 Maintenance & Repairs,rm,4,"Emilio - (Houston, TX) - Walnut Creek",
7437-000,7437-000 Landscape Supplies,rm,4,"Emilio - (Houston, TX) - Walnut Creek",
7439-000,7439-000 Pool Maintenance,rm,4,"Emilio - (Houston, TX) - Walnut Creek",
7440,7440 Sewer,w,2,"Yonnic - (Elk City, OK) - Granite Landing Apartments",
7440-000,7440-000 Appliance Replacement,rm,2,"Emilio - (Houston, TX) - Walnut Creek",
7443,7443 Redecorating - General Cleaning,rm,4,"Bryce - (Dallas, TX) - The Landing at McCallum",
7444,7444 Redecorating - Painting,rm,4,"Bryce - (Dallas, TX) - The Landing at McCallum",
7445,7445 Redecorating - Resurfacing,rm,2,"Bryce - (Dallas, TX) - The Dahlia",
7450,7450 Bonuses,pr,2,"Yonnic -  (Waco, TX) - West Campus Lofts",
7450,7450 Redecorating - Carpet Cleaning Occupied,rm,4,"Bryce - (Dallas, TX) - The Landing at McCallum",
7450,7450 Waste,tr,2,"Yonnic - (Elk City, OK) - Granite Landing Apartments",
7451,7451 Redecorating - Carpet Cleaning Vacant,rm,4,"Bryce - (Dallas, TX) - The Landing at McCallum",
7452,7452 Redecorating - General Cleaning Common,rm,4,"Bryce - (Dallas, TX) - The Landing at McCallum",
7453,7453 Redecorating - General Cleaning Vacant,rm,4,"Bryce - (Dallas, TX) - The Landing at McCallum",
7454,7454 Redecorating - Sheetrock,rm,4,"Bryce - (Dallas, TX) - The Landing at McCallum",
7460,7460 Payroll Processing,ad,2,"Yonnic -  (Waco, TX) - West Campus Lofts","recoded from 'pr' (standardized to majority ({'ad': 18, 'pr': 6}))"
7460,7460 Telecom / Internet,o,2,"Yonnic - (Elk City, OK) - Granite Landing Apartments",
7460-0000,7460-0000 Property Taxes,tx,4,"Yonnic - (Beaumont, TX) - Autumn Oaks",
7470,7470 Payroll Taxes,pr,2,"Yonnic -  (Waco, TX) - West Campus Lofts",
7470-0000,7470-0000 Insurance - Other,i,4,"Yonnic - (Beaumont, TX) - Autumn Oaks",
7480,7480 Employee Health Insurance,pr,2,"Yonnic -  (Waco, TX) - West Campus Lofts",
7480-0000,7480-0000 Resident Liability Insurance,i,4,"Yonnic - (Beaumont, TX) - Autumn Oaks",
7490,7490 Workers Compensation,pr,2,"Yonnic -  (Waco, TX) - West Campus Lofts",
7500,7500 - Office Supplies,ad,5,"Paul - (Killeen, TX) - Windchase",
7500.000,7500.000 UTILITIES - Other,o,2,"Greg- (Arlington, TX) - Pine Ridge Apartments","recoded from 'e' (standardized to majority ({'o': 12, 'e': 2}))"
7500.0001,7500.0001 - Electric - Common Areas,e,4,"Bryce - (Houston, TX) - The Lofts at 3402",
7500.0002,7500.0002 - Electric - Vacant Units,e,4,"Bryce - (Houston, TX) - The Lofts at 3402",
7500.0003,7500.0003 - Gas,o,4,"Bryce - (Houston, TX) - The Lofts at 3402",
7500.0004,7500.0004 - Telephone And Internet,ad,4,"Bryce - (Houston, TX) - The Lofts at 3402",recoded from 'o' (house rule: telephone/answering -> ad)
7500.0005,7500.0005 - Waste Haulage,tr,4,"Bryce - (Houston, TX) - The Lofts at 3402",
7500.0006,7500.0006 - Water And Sewer,w,4,"Bryce - (Houston, TX) - The Lofts at 3402","recoded from 'tr' (standardized to majority ({'w': 25, 'tr': 4}))"
7500.001,7500.001 UTILITIES - ELECTRIC / VACANTS,e,2,"Greg- (Arlington, TX) - Pine Ridge Apartments",
75000001,75000001 Supplies And Parts,rm,7,"Greg - (Balch Springs, TX ) - Autumn Run Apartments",
75000005,75000005 Painting Supplies,rm,7,"Greg - (Balch Springs, TX ) - Autumn Run Apartments","recoded from 'ad' (standardized to majority ({'rm': 73, 'ad': 7}))"
75000007,75000007 Pool Supplies,rm,2,"Greg - (Garland, TX) - Parkaire Apartments",
7501,7501 Gas & Propane,o,2,"Emilio - (Arlington, TX) - Chalet Apartments",
7501.0000,7501.0000 - Contract Cleaning,rm,18,"- (Longview, TX) - Highland Village",1xcs
7502,7502 · Net Paycheck,pr,2,"David - (Canton, TX) - Canton Place",
7502,7502 Water & Sewer,w,2,"Emilio - (Arlington, TX) - Chalet Apartments",
7502-0000,7502-0000 Interest Expense,ad,2,"Yonnic - (Beaumont, TX) - Autumn Oaks",
7502.0000,7502.0000 - Contract Painting,rm,18,"- (Longview, TX) - Highland Village",1xcs
7503.0000,7503.0000 - Carpet Clean/Dye,rm,18,"- (Longview, TX) - Highland Village",1xcs
7504,7504 Garbage,tr,2,"Emilio - (Arlington, TX) - Chalet Apartments",
7504,7504 Maintenance - Plumbing Maintenance,rm,4,"Bryce - (Dallas, TX) - The Landing at McCallum",
7504-000,7504-000 Internet Advertising,m,4,"Emilio - (Houston, TX) - Walnut Creek",
7505.000,7505.000 - Carpet Cleaning,rm,3,"Guillermo - (Moore, OK) - Southwinds Apartments",
7505.0000,7505.0000 - Painting Supplies,rm,18,"- (Longview, TX) - Highland Village",1xcs
7506,7506 Maintenance - Alarm Maintenance,rm,4,"Bryce - (Dallas, TX) - The Landing at McCallum",
7507,7507 - Computer Software,ad,5,"Paul - (Killeen, TX) - Windchase",
7507.0000,7507.0000 - Other Make Ready Costs,rm,16,"- (Longview, TX) - Crestview",1xcs
7508,7508 Maintenance - Electric Maintenance,rm,4,"Bryce - (Dallas, TX) - The Landing at McCallum",
7510,7510 - Professional Services,ad,5,"Paul - (Killeen, TX) - Windchase",
7510,7510 Property Tax,tx,2,"Yonnic - (Elk City, OK) - Granite Landing Apartments",
7510.000,7510.000 UTILITIES - ELECTRIC BUILDING SERVICE - PROPERTY,e,2,"Greg- (Arlington, TX) - Pine Ridge Apartments",
7511,7511 - Legal/Accounting,ad,5,"Paul - (Killeen, TX) - Windchase",
7512,7512 - Credit Reports,ad,5,"Paul - (Killeen, TX) - Windchase",
7512,7512 Maintenance - Heating & AC Maintenance,rm,4,"Bryce - (Dallas, TX) - The Landing at McCallum",
7513,7513 - Dues/Professional Assn. Exp.,ad,5,"Paul - (Killeen, TX) - Windchase",
7513-000,7513-000 Web Services,m,2,"Guillermo - (Ennis, TX) - Ensign Apartments",
7515,7515 Maintenance - Window Treatments,rm,2,"Bryce - (Dallas, TX) - The Dahlia",
7516,7516 - Employee Relations,ad,5,"Paul - (Killeen, TX) - Windchase",
7516,7516 Maintenance - Appliance Maintenance,rm,4,"Bryce - (Dallas, TX) - The Landing at McCallum",
7517,7517 - Bank Charges,ad,5,"Paul - (Killeen, TX) - Windchase",
7518,"7518 - Licenses, Permits & Fees",ad,3,"Paul - (Killeen, TX) - Windchase",
7519,7519 - Postage & Freight,ad,5,"Paul - (Killeen, TX) - Windchase",
7519,7519 · Withholding,pr,2,"David - (Canton, TX) - Canton Place",
7520,7520 · Payroll Tax - Employer-Paid,pr,2,"David - (Canton, TX) - Canton Place",
7520,7520 Property Insurance,i,2,"Yonnic - (Elk City, OK) - Granite Landing Apartments",
7520,7520 Property Taxes,tx,2,"Yonnic -  (Waco, TX) - West Campus Lofts",
7520-000,7520-000 Collateral Material,m,2,"Emilio - (Houston, TX) - Walnut Creek",
7520.000,7520.000 - Apartment Cleaning - labor,rm,3,"Guillermo - (Moore, OK) - Southwinds Apartments",
7525-000,7525-000 Temporary Signage,m,2,"Emilio - (Houston, TX) - Walnut Creek",
7525.000,7525.000 - Painting - labor,rm,3,"Guillermo - (Moore, OK) - Southwinds Apartments",
7526,"7526 - Credit,Collections,Evictions",ad,3,"Paul - (Killeen, TX) - Windchase",
7526.000,7526.000 - Painting - supplies,rm,3,"Guillermo - (Moore, OK) - Southwinds Apartments",
7530,7530 - On Site Payroll,pr,5,"Paul - (Killeen, TX) - Windchase",
7530-000,7530-000 Parties,m,2,"Emilio - (Houston, TX) - Walnut Creek",
7530.000,7530.000 - Outside Contracting,rm,3,"Guillermo - (Moore, OK) - Southwinds Apartments",
7530.000,7530.000 UTILITIES - WATER / SEWER,w,2,"Greg- (Arlington, TX) - Pine Ridge Apartments",
7531,7531 - Payroll Tax Expense,pr,5,"Paul - (Killeen, TX) - Windchase",
7531.000,7531.000 UTILITIES-WATER VACANTS,w,2,"Greg- (Arlington, TX) - Pine Ridge Apartments",
7532,7532 - Maintenance Wages,pr,5,"Paul - (Killeen, TX) - Windchase",
7532-000,7532-000 Promotions/Public Relations,m,2,"Emilio - (Houston, TX) - Walnut Creek",
7533,7533 - Health Insurance,pr,5,"Paul - (Killeen, TX) - Windchase",
7534,7534 - Administrative Cost,pr,5,"Paul - (Killeen, TX) - Windchase",
7535,7535 Maintenance - Maintenance & Repairs,rm,4,"Bryce - (Dallas, TX) - The Landing at McCallum",
7535,7535 - Worker Comp Insurance,pr,5,"Paul - (Killeen, TX) - Windchase",
7536,7536 - Leasing Payroll,pr,5,"Paul - (Killeen, TX) - Windchase",
7536,7536 Maintenance - Pest Control,rm,4,"Bryce - (Dallas, TX) - The Landing at McCallum",
7537,7537 Maintenance - Landscape Supplies,rm,4,"Bryce - (Dallas, TX) - The Landing at McCallum",
7538,7538 - Porter Payroll,pr,2,"Paul - (Killeen, TX ) - The Grove at Killeen",
7539,7539 Maintenance - Pool Maintenance,rm,4,"Bryce - (Dallas, TX) - The Landing at McCallum",
7540,7540 Other Insurance & Taxes,tx,2,"Yonnic -  (Waco, TX) - West Campus Lofts","recoded from 'i' (standardized to majority ({'tx': 6, 'i': 2}))"
7542,7542 - Bonuses,pr,5,"Paul - (Killeen, TX) - Windchase",
7542,7542 Maintenance - Uniforms,ad,4,"Bryce - (Dallas, TX) - The Landing at McCallum",recoded from 'rm' (house rule: uniforms -> ad)
7543,7543 - Assistant Manager,pr,5,"Paul - (Killeen, TX) - Windchase",
7544,7544 Maintenance - Permits/Inspections,rm,4,"Bryce - (Dallas, TX) - The Landing at McCallum",
7546,7546 - Temporary Help,pr,2,"Paul - (Killeen, TX ) - The Grove at Killeen",
7547,7547 - Assistant Maintenance,pr,2,"Paul - (Killeen, TX ) - The Grove at Killeen",
7550,7550 - Property Management Fee,mf,7,"Paul - (Killeen, TX) - Windchase",
7550-000,7550-000 Locator Fees/Functions,m,4,"Emilio - (Houston, TX) - Walnut Creek",
7550.000,7550.000 UTILITIES - TRASH,tr,2,"Greg- (Arlington, TX) - Pine Ridge Apartments",
7551.000,7551.000 - Janitorial Supplies,rm,3,"Guillermo - (Moore, OK) - Southwinds Apartments",
7554,7554 Maintenance-Sheetrock,rm,2,"Bryce - (Dallas, TX) - The Landing at McCallum",
7555.000,7555.000 - Light Bulbs,rm,3,"Guillermo - (Moore, OK) - Southwinds Apartments",
7556-000,7556-000 Misc Marketing,m,4,"Emilio - (Houston, TX) - Walnut Creek",
7560-000,7560-000 Resident Retention,m,4,"Emilio - (Houston, TX) - Walnut Creek",
7560.000,7560.000 - Pool Supplies,rm,3,"Guillermo - (Moore, OK) - Southwinds Apartments",
7570.000,7570.000 UTILITIES - BILLING SERVICE,w,2,"Greg- (Arlington, TX) - Pine Ridge Apartments",
7571,7571 - Building Exterior,rm,2,"Paul - (Killeen, TX ) - The Grove at Killeen","recoded from 'ad' (standardized to majority ({'rm': 15, 'ad': 2}))"
7573,7573 - Doors/Windows/Locks,ad,2,"Paul - (Killeen, TX ) - The Grove at Killeen",
7600,7600 - Property Taxes,tx,5,"Paul - (Killeen, TX) - Windchase",
7600.000,7600.000 MAJOR BUILDING REPAIRS,rm,2,"Greg- (Arlington, TX) - Pine Ridge Apartments",
76000002,76000002 Ins Property,i,7,"Greg - (Balch Springs, TX ) - Autumn Run Apartments",
76000006,76000006 Ins Workers Comp,pr,7,"Greg - (Balch Springs, TX ) - Autumn Run Apartments",2xi
76000007,76000007 Ins Gl,i,7,"Greg - (Balch Springs, TX ) - Autumn Run Apartments",
76000008,76000008 Ins Xl,i,7,"Greg - (Balch Springs, TX ) - Autumn Run Apartments",
76000010,76000010 Tenant Liability Insurance,i,7,"Greg - (Balch Springs, TX ) - Autumn Run Apartments",
7601.0000,7601.0000 - Appliances,rm,18,"- (Longview, TX) - Highland Village",
7602.0000,7602.0000 - Plumbing,rm,18,"- (Longview, TX) - Highland Village",
7603.0000,7603.0000 - Electrical,rm,18,"- (Longview, TX) - Highland Village",
7604,7604 Marketing - Internet/Website Advertising,m,4,"Bryce - (Dallas, TX) - The Landing at McCallum",
7604.0000,7604.0000 - Heating & Air Conditioning,rm,18,"- (Longview, TX) - Highland Village",
7605,7605 Evictions & Court Fees,ad,2,"- (Garland, TX) - Colonial",
7605.0000,7605.0000 - Pool,rm,18,"- (Longview, TX) - Highland Village",
7606,7606 - Property Tax Appeal Expense,tx,3,"Paul - (Killeen, TX) - Windchase",
7606.0000,7606.0000 - Building-Misc Repair,rm,18,"- (Longview, TX) - Highland Village",
7607.0000,7607.0000 - Locks & Keys,rm,18,"- (Longview, TX) - Highland Village",
7608,7608 Marketing - Online Employment Ads,m,4,"Bryce - (Dallas, TX) - The Landing at McCallum",
7608.0000,7608.0000 - Roof Repair,rm,8,"- (Porter, TX) - Montgomery Pines",
7609.0000,7609.0000 - Parking Lot,rm,4,"Guillermo -  (Abiline, TX) - Anson Park I & II",
7611,7611 - Mip Insurance,i,5,"Paul - (Killeen, TX) - Windchase",1xad
7611.0000,7611.0000 - Common Area Cleaning,rm,18,"- (Longview, TX) - Highland Village",
7612.0000,7612.0000 - Window Treatment,rm,18,"- (Longview, TX) - Highland Village",
7614.0000,7614.0000 - Emergency Carpet Clean/Dye,rm,14,"- (Longview, TX) - Highland Village",
7614.0100,7614.0100 - Carpet/Vinyl Replacement,rm,4,"Guillermo -  (Abiline, TX) - Anson Park I & II",
7615.000,7615.000 - Janitorial,cs,3,"Guillermo - (Moore, OK) - Southwinds Apartments",
7615.0000,7615.0000 - Grounds Cover/Landscape Supply,rm,18,"- (Longview, TX) - Highland Village",
7616,7616 Marketing - Dues/Subscriptions/Memberships,m,4,"Bryce - (Dallas, TX) - The Landing at McCallum",
7616.0000,7616.0000 - Snow Removal Supplies,rm,10,"- (Longview, TX) - Crestview",
7617,7617 - Renter'S Insurance,i,5,"Paul - (Killeen, TX) - Windchase",1xad
7617.000,7617.000 - Exterminating,cs,3,"Guillermo - (Moore, OK) - Southwinds Apartments",
7618.0000,7618.0000 - Security Gate Maintenance,rm,2,"Guillermo - (Dallas, TX) - Rosemont at Lakewest",
7620.0000,7620.0000 - Hardware/Carpentry,rm,14,"- (Longview, TX) - Crestview",
7621.0000,7621.0000 - Snow/Ice Repair,rm,2,"Guillermo - (Dallas, TX) - Rosemont at Lakewest",
7625,7625 Marketing - Temporary Signage,m,4,"Bryce - (Dallas, TX) - The Landing at McCallum",
7628,7628 Marketing - Office/Model Expense,m,4,"Bryce - (Dallas, TX) - The Landing at McCallum",
7628.0000,7628.0000 - Signage Supplies,rm,2,"Guillermo -  (Abiline, TX) - Anson Park I & II",
7632,7632 Marketing - Promotions/PR,m,4,"Bryce - (Dallas, TX) - The Landing at McCallum",
7636.0000,7636.0000 - Exterior Lighting Supplies,rm,2,"- (Paris, TX) - Town Parc",
7646.000,7646.000 - Security,cs,3,"Guillermo - (Moore, OK) - Southwinds Apartments",
7650,7650 Marketing - Locator Fees/Functions,m,4,"Bryce - (Dallas, TX) - The Landing at McCallum",
7656,7656 Marketing - Market Study/Shopping Reports,m,4,"Bryce - (Dallas, TX) - The Landing at McCallum",
7660,7660 Marketing - Resident Retention,m,4,"Bryce - (Dallas, TX) - The Landing at McCallum",
7670.000,7670.000 - Lawncare & Landscaping,cs,3,"Guillermo - (Moore, OK) - Southwinds Apartments",
7672.000,7672.000 - Grounds Keeping,cs,3,"Guillermo - (Moore, OK) - Southwinds Apartments",
77000002,77000002 Taxes Property,tx,7,"Greg - (Balch Springs, TX ) - Autumn Run Apartments",
7701,7701 Management Fees,mf,2,"Emilio - (Arlington, TX) - Chalet Apartments",
7701.0000,7701.0000 - Legal Costs,ad,18,"- (Longview, TX) - Highland Village",
7704,7704 Office Operations - Telephone/Cable/Internet,ad,4,"Bryce - (Dallas, TX) - The Landing at McCallum",1xo
7704-000,7704-000 Office Telephone & Internet,ad,4,"Emilio - (Houston, TX) - Walnut Creek",
7705,7705 Office Operations - Bulk Cable,o,4,"Bryce - (Dallas, TX) - The Landing at McCallum","recoded from 'ad' (standardized to majority ({'o': 4, 'ad': 4}))"
7708,7708 Office Operations - Office Supplies,ad,4,"Bryce - (Dallas, TX) - The Landing at McCallum",
7708-000,7708-000 Office Supplies,ad,4,"Emilio - (Houston, TX) - Walnut Creek",
7711,7711 Office Operations - Employee Screening,ad,2,"Bryce - (Dallas, TX) - The Landing at McCallum",
7711-000,7711-000 Credit Bureau Expense,ad,2,"Guillermo - (Ennis, TX) - Ensign Apartments",
7712,7712 Office Operations - Postage,ad,2,"Bryce - (Dallas, TX) - The Landing at McCallum",
7712-000,7712-000 Postage,ad,4,"Emilio - (Houston, TX) - Walnut Creek",
7716-000,7716-000 Dues/Memberships/Subs,ad,4,"Emilio - (Houston, TX) - Walnut Creek",
7720,7720 Office Operations - Copies/Printing,ad,4,"Bryce - (Dallas, TX) - The Landing at McCallum",
7720-000,7720-000 Copies/Printing,ad,4,"Emilio - (Houston, TX) - Walnut Creek",
7724,7724 Office Operations - Furniture & Equipment Rental,ad,4,"Bryce - (Dallas, TX) - The Landing at McCallum",
7724-000,7724-000 Furn & Equip Rental,ad,2,"Guillermo - (Ennis, TX) - Ensign Apartments",
7732,7732 Office Operations - Express Mail,ad,2,"Bryce - (Dallas, TX) - The Landing at McCallum",
7735,7735 Office Operations - Computer Supplies & Software,ad,4,"Bryce - (Dallas, TX) - The Landing at McCallum",
7736,7736 Office Operations - Parcel Services Expense,ad,4,"Bryce - (Dallas, TX) - The Landing at McCallum",
7740-000,7740-000 Bank Fees,ad,4,"Emilio - (Houston, TX) - Walnut Creek",
7744,7744 Office Operations - Legal Expenses,ad,4,"Bryce - (Dallas, TX) - The Landing at McCallum",
7744-000,7744-000 Legal Fees/Eviction,ad,4,"Emilio - (Houston, TX) - Walnut Creek",
7746,7746 Office Operations - Credit Bureau,ad,4,"Bryce - (Dallas, TX) - The Landing at McCallum",
7747,7747 Office Operations - Deposit Alternative,ad,4,"Bryce - (Dallas, TX) - The Landing at McCallum",
7750,7750 Office Operations - Loss Damage Waiver,ad,4,"Bryce - (Dallas, TX) - The Landing at McCallum",
7751,7751 Office Operations - Centralization,ad,4,"Bryce - (Dallas, TX) - The Landing at McCallum",
7751-000,7751-000 City Ordinance Fees,ad,2,"Emilio - (Houston, TX) - Walnut Creek",
7752-000,7752-000 Computer Support / Mis,ad,4,"Emilio - (Houston, TX) - Walnut Creek",
7753,7753 Office Operations - Training & Meetings,ad,4,"Bryce - (Dallas, TX) - The Landing at McCallum",
7753-000,7753-000 Software,ad,2,"Emilio - (Houston, TX) - Walnut Creek",
7755-000,7755-000 Training/Seminars,ad,4,"Emilio - (Houston, TX) - Walnut Creek",
7756-000,7756-000 Misc Startup Costs,ad,4,"Emilio - (Houston, TX) - Walnut Creek",
7790,7790 · Professional Fees - Other,ad,2,"David - (Canton, TX) - Canton Place",
7792,7792 · CPA for LP,ad,2,"David - (Canton, TX) - Canton Place",
7794,7794 · Legal,ad,2,"David - (Canton, TX) - Canton Place",
7795,7795 · Credit Check Service,ad,2,"David - (Canton, TX) - Canton Place",
7796,7796 · Rent Roll Preparation,ad,2,"David - (Canton, TX) - Canton Place",
7798,7798 Office Operations - Bank Charges,ad,4,"Bryce - (Dallas, TX) - The Landing at McCallum",
7799-000,7799-000 Misc Office Expense,ad,4,"Emilio - (Houston, TX) - Walnut Creek",
7800-000,7800-000 Travel & Employee Retention,ad,4,"Emilio - (Houston, TX) - Walnut Creek",
78000002,78000002 Electric--Utils,e,7,"Greg - (Balch Springs, TX ) - Autumn Run Apartments",
78000004,78000004 Water And Sewer--Utils,w,7,"Greg - (Balch Springs, TX ) - Autumn Run Apartments",
78000005,78000005 Gas--Utils,o,7,"Greg - (Balch Springs, TX ) - Autumn Run Apartments",
78000006,78000006 Trash Utils,tr,5,"Greg - (Garland, TX) - Parkaire Apartments",
7801,7801 Property Taxes,tx,2,"Emilio - (Arlington, TX) - Chalet Apartments",
7801-000,7801-000 Licenses & Fees,ad,2,"Emilio - (Houston, TX) - Walnut Creek",
7801.0000,7801.0000 - Office Supplies,ad,18,"- (Longview, TX) - Highland Village",
7802.0000,7802.0000 - Telephone/Pager/Modem/Fax,ad,18,"- (Longview, TX) - Highland Village",
7803.0000,7803.0000 - Copier Charges,ad,18,"- (Longview, TX) - Highland Village",
7805.0000,7805.0000 - Computer Expense,ad,18,"- (Longview, TX) - Highland Village",
7806.0000,7806.0000 - Postage & Express Mail,ad,18,"- (Longview, TX) - Highland Village",
7807.0000,7807.0000 - Credit Check/Resident Screeng,ad,18,"- (Longview, TX) - Highland Village",
7808.0000,7808.0000 - Employee Travel/Mileage Reim,ad,18,"- (Longview, TX) - Highland Village",
7809.0000,7809.0000 - Charitable Contributions,ad,2,"Guillermo -  (Abiline, TX) - Anson Park I & II",
7811.0000,7811.0000 - Dues & Memberships,ad,18,"- (Longview, TX) - Highland Village",
7812.0100,7812.0100 - Employee Recognition,ad,18,"- (Longview, TX) - Highland Village",
7814.0000,7814.0000 - Training/Education,ad,18,"- (Longview, TX) - Highland Village",
7815.0000,7815.0000 - Governmental Licenses & Fees,ad,18,"- (Longview, TX) - Highland Village",
7816.0000,7816.0000 - Bank Charges,ad,18,"- (Longview, TX) - Highland Village",
7817.0000,7817.0000 - Other Common Area Expense,ad,18,"- (Longview, TX) - Highland Village",
7819.0000,7819.0000 - Supportive Services,ad,10,"- (Longview, TX) - Highland Village",
7820.0000,7820.0000 - Meals/Entertainment,ad,12,"- (Longview, TX) - Highland Village",
7822.0000,7822.0000 - Christmas Party,ad,8,"- (Longview, TX) - Highland Village",
7842,7842 · Minor Repairs & Maintenance,rm,2,"David - (Canton, TX) - Canton Place",
7843,7843 · Major Repairs & Maintenance,rm,2,"David - (Canton, TX) - Canton Place",
7850,7850 · Supplies - Other,rm,2,"David - (Canton, TX) - Canton Place",
7850.0000,7850.0000 - Misc. Expense,ad,4,"- (Paris, TX) - Town Parc",
7851,7851 · Supplies-Consumables,rm,2,"David - (Canton, TX) - Canton Place",
7852,7852 Building Insurance Expense,i,2,"Emilio - (Arlington, TX) - Chalet Apartments",
7852,7852 · Supplies-Appliances,rm,2,"David - (Canton, TX) - Canton Place",
7853,7853 · Supplies - Floor Coverings,rm,2,"David - (Canton, TX) - Canton Place",
7854,7854 Master Renters Insurance Policy,i,2,"Emilio - (Arlington, TX) - Chalet Apartments",
7854,7854 · Supplies - Water Heaters,rm,2,"David - (Canton, TX) - Canton Place",
7856,7856 · Other Major Supplies,rm,2,"David - (Canton, TX) - Canton Place",
7880,7880 · Pest Control,cs,2,"David - (Canton, TX) - Canton Place",
7901.0000,7901.0000 - Common Area Electric,e,18,"- (Longview, TX) - Highland Village",
7902.0000,7902.0000 - Vacant Units Electric,e,18,"- (Longview, TX) - Highland Village",
7904.0000,7904.0000 - Common Area Sewer/Storm,w,8,"- (Longview, TX) - Crestview",
7904.0100,7904.0100 - Resident Unit Sewer/Storm,w,18,"- (Longview, TX) - Highland Village",1xe
7905.0000,7905.0000 - Common Area Water,w,12,"- (Longview, TX) - Crestview",
7905.0100,7905.0100 - Resident Unit Water,w,18,"- (Longview, TX) - Highland Village",
7905.0500,7905.0500 - Water - Reimbursement,w,2,"- (Longview, TX) - Millie Street",
7906.0000,7906.0000 - Common Area Gas,o,4,"- (Porter, TX) - Montgomery Pines",1xw
7906.0100,7906.0100 - Vacant Unit Gas,o,2,"Guillermo -  (Abiline, TX) - Anson Park I & II",
7916.0000,7916.0000 - Common Areas,o,2,"Guillermo -  (Abiline, TX) - Anson Park I & II",
7920.0000,7920.0000 - Utility Management Fee,mf,18,"- (Longview, TX) - Highland Village",recoded from 'o' (house rule: management fees always mf)
7922,7922 · Land Telephone,ad,2,"David - (Canton, TX) - Canton Place",
7952,7952 · Hotel,ad,2,"David - (Canton, TX) - Canton Place",
7953,7953 · Car rental/gas,ad,2,"David - (Canton, TX) - Canton Place",
7982,7982 · Gas,o,2,"David - (Canton, TX) - Canton Place",
7988,7988 · Water & Sewer,w,2,"David - (Canton, TX) - Canton Place",
7989,7989 · cable,o,2,"David - (Canton, TX) - Canton Place",
8000,8000 Taxes,tx,4,"Greg - (Garland, TX) - Villa Placita",
80001,80001 Appliance parts,rm,2,"Yonnic - (Lubbock, TX) - Estrada South II",
80002,80002 Access Gates,rm,2,"Yonnic - (Lubbock, TX) - Estrada South II",
80003,80003 Blinds,rm,2,"Yonnic - (Lubbock, TX) - Estrada South II",
8001,8001 Appliance parts,rm,2,"Emilio - (Houston, TX) - Los Pinos",
8001.0000,8001.0000 - Landscape Contract,cs,18,"- (Longview, TX) - Highland Village",
8002.0000,8002.0000 - Pest Control,cs,18,"- (Longview, TX) - Highland Village",
80020,80020 Carpet - wet vacum,rm,2,"Yonnic - (Lubbock, TX) - Estrada South II",
80021,80021 Carpet - shampoo,rm,2,"Yonnic - (Lubbock, TX) - Estrada South II",
80022,80022 Carpet - dye & other repairs,rm,2,"Yonnic - (Lubbock, TX) - Estrada South II",
80025,80025 Cleaning Supplies,rm,2,"Yonnic - (Lubbock, TX) - Estrada South II",
80026,80026 Cleaning contractor,rm,2,"Yonnic - (Lubbock, TX) - Estrada South II",
80029,80029 Doors,rm,2,"Yonnic - (Lubbock, TX) - Estrada South II",
80030,80030 Electrical,rm,2,"Yonnic - (Lubbock, TX) - Estrada South II",
80035,80035 Fence repairs,rm,2,"Yonnic - (Lubbock, TX) - Estrada South II",
80037,80037 Fire extinguishers,rm,2,"Yonnic - (Lubbock, TX) - Estrada South II",
8004.0000,8004.0000 - Snow Removal,cs,2,"- (Paris, TX) - Town Parc",
80040,80040 Glass,rm,2,"Yonnic - (Lubbock, TX) - Estrada South II",
80045,80045 Hardware,rm,2,"Yonnic - (Lubbock, TX) - Estrada South II",
80047,80047 HVAC related,rm,2,"Yonnic - (Lubbock, TX) - Estrada South II",
8005.0000,8005.0000 - Fire Equipment Inspection,cs,18,"- (Longview, TX) - Highland Village",
80053,80053 Keys and locks,rm,2,"Yonnic - (Lubbock, TX) - Estrada South II",
80054,80054 Kitchen & Bath Resurfacing,rm,2,"Yonnic - (Lubbock, TX) - Estrada South II",
80060,80060 Landscaping Other,cs,2,"Yonnic - (Lubbock, TX) - Estrada South II","recoded from 'rm' (standardized to majority ({'cs': 8, 'rm': 2}))"
80061,80061 Lighting,rm,2,"Yonnic - (Lubbock, TX) - Estrada South II",
80065,80065 Make Ready Labor,rm,2,"Yonnic - (Lubbock, TX) - Estrada South II",
80067,80067 Materials Used for repairs,rm,2,"Yonnic - (Lubbock, TX) - Estrada South II",
80070,80070 Paint - materials,rm,2,"Yonnic - (Lubbock, TX) - Estrada South II",
80071,80071 Paint - contractor,rm,2,"Yonnic - (Lubbock, TX) - Estrada South II",
80072,80072 Parking lot repairs,rm,2,"Yonnic - (Lubbock, TX) - Estrada South II",
80073,80073 Pest Control,rm,2,"Yonnic - (Lubbock, TX) - Estrada South II",
80074,80074 Plumbing general,rm,2,"Yonnic - (Lubbock, TX) - Estrada South II",
80075,80075 Plumbing jetting lines,rm,2,"Yonnic - (Lubbock, TX) - Estrada South II",
80091,80091 Small tools,rm,2,"Yonnic - (Lubbock, TX) - Estrada South II",
8010.000,8010.000 PROPERTY TAXES,tx,2,"Greg- (Arlington, TX) - Pine Ridge Apartments",
8010.0000,8010.0000 - Cable/Internet,cs,10,"- (Longview, TX) - Highland Village",1xo
8010.0001,8010.0001 - Fire and General,i,2,"Bryce - (Houston, TX) - Fairfield Cove",
8010.0004,8010.0004 - Liability And Equipment Insurance,i,4,"Bryce - (Houston, TX) - The Lofts at 3402",
8011.0000,8011.0000 - Landscaping,cs,2,"Guillermo - (Dallas, TX) - Rosemont at Lakewest",
8012,8012 Legal Fees,ad,2,"Guillermo - (Canyon, TX) - - Torres Evolution Canyon",
8012.0000,8012.0000 - Fire System Monitoring,cs,10,"- (Longview, TX) - Millie Street",
80127,80127 Doors & other building mtls,rm,2,"Yonnic - (Lubbock, TX) - Estrada South II",
8013,8013 Carpet - Cleaning,rm,2,"Emilio - (Houston, TX) - Los Pinos",
8013.0000,8013.0000 - Security,cs,6,"- (Paris, TX) - Town Parc",
8015.0000,8015.0000 - Office Alarm Monitoring,cs,18,"- (Longview, TX) - Highland Village",
8019,8019 Cleaning supplies,rm,2,"Emilio - (Houston, TX) - Los Pinos",
8020.0003,8020.0003 - Property Taxes,tx,4,"Bryce - (Houston, TX) - The Lofts at 3402",
8020.0005,8020.0005 - HOA Taxes,tx,2,"Bryce - (Houston, TX) - Fairfield Cove",
8025,8025 Electrical,rm,2,"Emilio - (Houston, TX) - Los Pinos",
80301,80301 Alarm Systems,cs,2,"Yonnic - (Lubbock, TX) - Estrada South II",
80315,80315 Landscaping,cs,2,"Yonnic - (Lubbock, TX) - Estrada South II",
80330,"80330 Pest - acfilter, batteriesermintes annual",cs,2,"Yonnic - (Lubbock, TX) - Estrada South II",
80332,80332 Bed Bug Control,cs,2,"Yonnic - (Lubbock, TX) - Estrada South II",
8043,8043 Hardware,rm,2,"Emilio - (Houston, TX) - Los Pinos",
8049,8049 Keys and locks,rm,2,"Emilio - (Houston, TX) - Los Pinos",
8050.0000,8050.0000 - Trash Removal,tr,18,"- (Longview, TX) - Highland Village",
80503,80503 Employee bonuses,pr,2,"Yonnic - (Lubbock, TX) - Estrada South II",
80504,80504 Salary & Wages - Management,pr,2,"Yonnic - (Lubbock, TX) - Estrada South II",
80505,80505 Salary & Wages - Administration,pr,2,"Yonnic - (Lubbock, TX) - Estrada South II",
80506,80506 Salary & Wages - Maint & Operations,pr,2,"Yonnic - (Lubbock, TX) - Estrada South II",
8052,8052 Materials Used for repairs,rm,2,"Emilio - (Houston, TX) - Los Pinos",
80520,80520 Contract labor,cs,2,"Yonnic - (Lubbock, TX) - Estrada South II","recoded from 'pr' (standardized to majority ({'cs': 26, 'pr': 12, 'rm': 9}))"
80526,80526 Employer Taxes - Management,pr,2,"Yonnic - (Lubbock, TX) - Estrada South II",
80527,80527 Employer Taxes - Administration,pr,2,"Yonnic - (Lubbock, TX) - Estrada South II",
80528,80528 Employer Taxes - Maint & Operations,pr,2,"Yonnic - (Lubbock, TX) - Estrada South II",
80540,80540 Employee screening & testing,pr,2,"Yonnic - (Lubbock, TX) - Estrada South II",
80545,80545 Misc benefits for employees,pr,2,"Yonnic - (Lubbock, TX) - Estrada South II",
80550,80550 Medical costs of employees,pr,2,"Yonnic - (Lubbock, TX) - Estrada South II",
80560,80560 ERISA insurance,pr,2,"Yonnic - (Lubbock, TX) - Estrada South II",
8058,8058 Lighting,rm,2,"Emilio - (Houston, TX) - Los Pinos",
8067,8067 Paint - materials,rm,2,"Emilio - (Houston, TX) - Los Pinos",
8070,8070 Paint - contractor,rm,2,"Emilio - (Houston, TX) - Los Pinos",
8076,8076 Plumbing general,rm,2,"Emilio - (Houston, TX) - Los Pinos",
8088,8088 Resurfacing,rm,2,"Emilio - (Houston, TX) - Los Pinos",
8094,8094 Small tools,rm,2,"Emilio - (Houston, TX) - Los Pinos",
8099-000,8099-000 Specialized Accounting Fee,ad,2,"Emilio - (Houston, TX) - Walnut Creek",
81,81 nn7nn   Porter/Housekeeoino,pr,2,"Chris - (Alvin, TX) - Oak Park Village",
8101.0000,8101.0000 - Land/Bldgs-Real Estate Tax,tx,18,"- (Longview, TX) - Highland Village",
8106.0000,8106.0000 - Tax Appeal Legal Fees,tx,18,"- (Longview, TX) - Highland Village",
8120.000,8120.000 PROPERTY INSURANCE,i,2,"Greg- (Arlington, TX) - Pine Ridge Apartments",
8201,8201 Insurance - Property,i,4,"Bryce - (Dallas, TX) - The Landing at McCallum",
8201,8201 Property Insurance Expense,i,2,"Guillermo - (Canyon, TX) - - Torres Evolution Canyon",
8201-000,8201-000 Property Insurance,i,4,"Emilio - (Houston, TX) - Walnut Creek",
8301.0000,8301.0000 - Base Management Fee,mf,18,"- (Longview, TX) - Highland Village",
8301.0500,8301.0500 - Incentive Management Fee,mf,6,"- (Porter, TX) - Montgomery Pines",
8302,8302 Taxes & Dues - Property Taxes,tx,4,"Bryce - (Dallas, TX) - The Landing at McCallum",
8302-000,8302-000 Franchise Taxes,tx,2,"Emilio - (Houston, TX) - Walnut Creek",
8304-000,8304-000 Property Taxes,tx,4,"Emilio - (Houston, TX) - Walnut Creek",
8304.0000,8304.0000 - Asset Mgt Fees,mf,2,"- (Longview, TX) - Millie Street",
83150,83150 - Landscape - Other,rm,2,"Danny - (Dallas, TX) - Magnolia on Gaston",
8320,8320 Grounds maintenance,rm,2,"Emilio - (Houston, TX) - Los Pinos","recoded from 'cs' (standardized to majority ({'rm': 16, 'cs': 6}))"
8330,8330 Pest control,cs,2,"Emilio - (Houston, TX) - Los Pinos",
83385-,83385- Drnapas Chemed to Rosideols,rm,2,"Danny - (Dallas, TX) - Magnolia on Gaston",
83410,83410 - Lortiscapire - Anrual comma,cs,2,"Danny - (Dallas, TX) - Magnolia on Gaston",
8355,8355 National Exemption Services,cs,2,"Emilio - (Houston, TX) - Los Pinos",
83920,83920 - Pturnbrp,rm,2,"Danny - (Dallas, TX) - Magnolia on Gaston",
8401.0000,8401.0000 - Maintenance & Capital Reserve,rm,4,"- (Paris, TX) - Town Parc",
84100,84100 Legal Fees,ad,2,"David - (Waco, TX) - Eleven06 on 35",
84145,84145 Evictions & Court Fees,ad,2,"David - (Waco, TX) - Eleven06 on 35",
8502,8502 Salary  - taxes withheld,pr,2,"Emilio - (Houston, TX) - Los Pinos",
8503,8503 Bonuses - other,pr,2,"Emilio - (Houston, TX) - Los Pinos",
8506,8506 Employee Christmas gifts,pr,2,"Emilio - (Houston, TX) - Los Pinos",
8525,8525 Payroll taxes - employer,pr,2,"Emilio - (Houston, TX) - Los Pinos",
8545,8545 Misc benefits for employee,pr,2,"Emilio - (Houston, TX) - Los Pinos",
85802,85802 · Dues & Subscriptions,ad,2,"Jackson - (Whitehouse, TX)- The Villas at Hamilton Park",
8705,8705 Property taxes,tx,2,"Emilio - (Houston, TX) - Los Pinos",
8707,8707 Property Tax Refund,tx,2,"Emilio - (Houston, TX) - Los Pinos",
8710,8710 Insurance - property,i,2,"Emilio - (Houston, TX) - Los Pinos",
8720,8720 GL Insurance,i,2,"Emilio - (Houston, TX) - Los Pinos",
8725,8725 Flood Insurance,i,2,"Emilio - (Houston, TX) - Los Pinos",
8805,8805 Electricity Common,e,2,"Emilio - (Houston, TX) - Los Pinos",
8810,8810 Electricity - Units,e,2,"Emilio - (Houston, TX) - Los Pinos",
88200,88200 Electric Common,e,2,"Yonnic - (Lubbock, TX) - Estrada South II",
88210,88210 Electric Units,e,2,"Yonnic - (Lubbock, TX) - Estrada South II",
8835,8835 Waste haulage,tr,2,"Emilio - (Houston, TX) - Los Pinos",
88390,88390 Gas Common,o,2,"Yonnic - (Lubbock, TX) - Estrada South II",
8840,8840 Water & Sewer,w,2,"Emilio - (Houston, TX) - Los Pinos",
88500,88500 Telephone & internet,ad,2,"Yonnic - (Lubbock, TX) - Estrada South II",recoded from 'o' (house rule: telephone/answering -> ad)
88800,88800 Waste haulage,tr,2,"Yonnic - (Lubbock, TX) - Estrada South II",
88930,88930 Water & Sewer,w,2,"Yonnic - (Lubbock, TX) - Estrada South II",
8999.000,8999.000 MISCELLANEOUS EXPENSES,ad,2,"Greg- (Arlington, TX) - Pine Ridge Apartments",
911,911 Phone,ad,1,"Danny - (Temple, TX) - The District at 21 Fourteen",recoded from 'cs' (house rule: telephone/answering -> ad)
91190,91190 Management Fees,mf,2,"David - (Waco, TX) - Eleven06 on 35",
94115-,94115- Real Pape,ad,2,"Danny - (Dallas, TX) - Magnolia on Gaston",
